file_name,logits_MSIH,logits_nonMSIH,label
"images/TEST/MSIH/TCGA-QG-A5Z2-01Z-00-DX1.51896C31-235E-48EF-90F7-FC05350CA564_(43241,9399).jpg",0.9999994,5.546075e-07,1
"images/TEST/MSIH/TCGA-CM-4746-01Z-00-DX1.c83b9795-bf45-4100-9052-a7e485e0f770_(83941,30251).jpg",0.9999981,1.9123802e-06,1
"images/TEST/MSIH/TCGA-AD-6889-01Z-00-DX1.5269A81E-5391-4875-8F2A-6505BC5BBFD9_(37235,13342).jpg",0.9999974,2.6477494e-06,1
"images/TEST/MSIH/TCGA-AA-3950-01Z-00-DX1.2a81cf11-4c16-4e9e-8809-6f63152060da_(39837,70101).jpg",0.9999999,9.288354e-08,1
"images/TEST/MSIH/TCGA-CM-4743-01Z-00-DX1.f54a6355-5623-498c-96b9-2ff1de6576c6_(42419,64305).jpg",1.0,5.3543108e-08,1
"images/TEST/MSIH/TCGA-AD-A5EJ-01Z-00-DX1.FA56CEAF-8B70-45EF-A2C9-8AA7BEB3D88A_(11902,36299).jpg",0.99999976,2.3709954e-07,1
"images/TEST/MSIH/TCGA-AZ-6598-01Z-00-DX1.1fc4cd61-4524-413b-b36d-ad438785bc06_(30462,54144).jpg",0.99999964,3.7126097e-07,1
"images/TEST/MSIH/TCGA-AA-A01P-01Z-00-DX1.D7AAA4F0-C956-4346-8948-DADACDFB3B69_(34804,91186).jpg",0.99999833,1.6810101e-06,1
"images/TEST/MSIH/TCGA-CM-6674-01Z-00-DX1.4a08b16a-788e-43dc-85d2-baff6e911de2_(90596,54377).jpg",0.9999994,6.4727686e-07,1
"images/TEST/MSIH/TCGA-QG-A5Z2-01Z-00-DX2.F2352352-8F00-4BB3-8A62-8D1C1E374F95_(35640,6565).jpg",0.9999994,6.4976496e-07,1
"images/TEST/MSIH/TCGA-CM-4743-01Z-00-DX1.f54a6355-5623-498c-96b9-2ff1de6576c6_(89155,35857).jpg",0.99999976,2.4155327e-07,1
"images/TEST/MSIH/TCGA-QG-A5Z2-01Z-00-DX1.51896C31-235E-48EF-90F7-FC05350CA564_(77683,35737).jpg",0.99999964,3.196547e-07,1
"images/TEST/MSIH/TCGA-CM-4746-01Z-00-DX1.c83b9795-bf45-4100-9052-a7e485e0f770_(68701,36347).jpg",0.9999999,1.2634376e-07,1
"images/TEST/MSIH/TCGA-A6-6653-01Z-00-DX1.e130666d-2681-4382-9e7a-4a4d27cb77a4_(91364,7410).jpg",0.9999994,5.6878724e-07,1
"images/TEST/MSIH/TCGA-AD-6889-01Z-00-DX1.5269A81E-5391-4875-8F2A-6505BC5BBFD9_(28091,40774).jpg",0.9999999,7.492241e-08,1
"images/TEST/MSIH/TCGA-AD-A5EJ-01Z-00-DX1.FA56CEAF-8B70-45EF-A2C9-8AA7BEB3D88A_(28158,25123).jpg",0.9999995,4.8735103e-07,1
"images/TEST/MSIH/TCGA-AZ-6598-01Z-00-DX1.1fc4cd61-4524-413b-b36d-ad438785bc06_(69070,58208).jpg",0.99999976,2.2446999e-07,1
"images/TEST/MSIH/TCGA-CM-6674-01Z-00-DX1.4a08b16a-788e-43dc-85d2-baff6e911de2_(24556,62505).jpg",0.9999999,7.2526625e-08,1
"images/TEST/MSIH/TCGA-F4-6703-01Z-00-DX1.28225f5d-d880-4605-831f-f22ec0272cde_(75040,46669).jpg",0.9999993,7.25435e-07,1
"images/TEST/MSIH/TCGA-AA-3811-01Z-00-DX1.369d7946-911e-4e97-8ae7-32ef12b6b106_(12536,102530).jpg",0.99999976,2.7476764e-07,1
"images/TEST/MSIH/TCGA-AA-3715-01Z-00-DX1.24d6e746-ad61-4587-a2b9-8903331b279c_(30791,57075).jpg",0.99999845,1.5350432e-06,1
"images/TEST/MSIH/TCGA-CM-6674-01Z-00-DX1.4a08b16a-788e-43dc-85d2-baff6e911de2_(79420,58441).jpg",0.9999999,1.07452685e-07,1
"images/TEST/MSIH/TCGA-CK-6747-01Z-00-DX1.7824596c-84db-4bee-b149-cd8f617c285f_(68280,24278).jpg",0.9999989,1.1310643e-06,1
"images/TEST/MSIH/TCGA-CK-6747-01Z-00-DX1.7824596c-84db-4bee-b149-cd8f617c285f_(14432,11070).jpg",0.9999989,1.1100427e-06,1
"images/TEST/MSIH/TCGA-QG-A5Z2-01Z-00-DX2.F2352352-8F00-4BB3-8A62-8D1C1E374F95_(43744,8591).jpg",0.99999964,3.0985362e-07,1
"images/TEST/MSIH/TCGA-AA-3950-01Z-00-DX1.2a81cf11-4c16-4e9e-8809-6f63152060da_(43140,91020).jpg",0.9999999,1.0366157e-07,1
"images/TEST/MSIH/TCGA-AA-3715-01Z-00-DX1.24d6e746-ad61-4587-a2b9-8903331b279c_(53912,38358).jpg",0.9999987,1.2883313e-06,1
"images/TEST/MSIH/TCGA-AA-3950-01Z-00-DX1.2a81cf11-4c16-4e9e-8809-6f63152060da_(60756,67899).jpg",0.99999964,3.4426128e-07,1
"images/TEST/MSIH/TCGA-AA-3715-01Z-00-DX1.24d6e746-ad61-4587-a2b9-8903331b279c_(48407,50469).jpg",0.9999994,6.460564e-07,1
"images/TEST/MSIH/TCGA-CM-4743-01Z-00-DX1.f54a6355-5623-498c-96b9-2ff1de6576c6_(67819,36873).jpg",0.99999964,3.8928263e-07,1
"images/TEST/MSIH/TCGA-D5-6530-01Z-00-DX1.5c4bbcd1-51ba-467d-93f9-f2a9e7c5e010_(46523,73764).jpg",0.99999976,2.5461532e-07,1
"images/TEST/MSIH/TCGA-QG-A5Z2-01Z-00-DX2.F2352352-8F00-4BB3-8A62-8D1C1E374F95_(36653,13656).jpg",0.9999969,3.1377579e-06,1
"images/TEST/MSIH/TCGA-D5-6927-01Z-00-DX1.ff21d627-dbb8-4200-937b-f8be8b86b6d4_(65374,17507).jpg",0.99999964,3.3948237e-07,1
"images/TEST/MSIH/TCGA-F4-6703-01Z-00-DX1.28225f5d-d880-4605-831f-f22ec0272cde_(59800,59877).jpg",0.9999988,1.1485812e-06,1
"images/TEST/MSIH/TCGA-AA-3811-01Z-00-DX1.369d7946-911e-4e97-8ae7-32ef12b6b106_(13637,111338).jpg",0.9999999,1.2580044e-07,1
"images/TEST/MSIH/TCGA-AA-3877-01Z-00-DX1.36902310-bc0b-4437-9f86-6df85703e0ad_(51314,78739).jpg",0.9999995,4.822891e-07,1
"images/TEST/MSIH/TCGA-D5-6530-01Z-00-DX1.5c4bbcd1-51ba-467d-93f9-f2a9e7c5e010_(39411,77828).jpg",0.9999995,4.794669e-07,1
"images/TEST/MSIH/TCGA-QG-A5Z2-01Z-00-DX1.51896C31-235E-48EF-90F7-FC05350CA564_(65527,58023).jpg",0.9999995,4.447736e-07,1
"images/TEST/MSIH/TCGA-AD-6889-01Z-00-DX1.5269A81E-5391-4875-8F2A-6505BC5BBFD9_(34187,10294).jpg",0.9999995,4.7076657e-07,1
"images/TEST/MSIH/TCGA-AD-A5EJ-01Z-00-DX1.FA56CEAF-8B70-45EF-A2C9-8AA7BEB3D88A_(15966,25123).jpg",0.9999995,4.4190026e-07,1
"images/TEST/MSIH/TCGA-QG-A5Z2-01Z-00-DX2.F2352352-8F00-4BB3-8A62-8D1C1E374F95_(39692,78488).jpg",0.9999995,4.7055292e-07,1
"images/TEST/MSIH/TCGA-AA-3877-01Z-00-DX1.36902310-bc0b-4437-9f86-6df85703e0ad_(53516,76537).jpg",0.99999976,1.8378577e-07,1
"images/TEST/MSIH/TCGA-CK-6746-01Z-00-DX1.0aae8eec-1e82-494b-8779-d79fea8bec0c_(60216,35357).jpg",0.99999964,3.9477132e-07,1
"images/TEST/MSIH/TCGA-AD-A5EJ-01Z-00-DX1.FA56CEAF-8B70-45EF-A2C9-8AA7BEB3D88A_(19014,23091).jpg",0.9999995,5.1968664e-07,1
"images/TEST/MSIH/TCGA-QG-A5Z2-01Z-00-DX1.51896C31-235E-48EF-90F7-FC05350CA564_(47293,19529).jpg",0.9999999,1.1217471e-07,1
"images/TEST/MSIH/TCGA-G4-6309-01Z-00-DX1.3eb20fdc-eb86-4bd5-8194-76b02d4fa472_(93382,35054).jpg",0.99999976,2.9029633e-07,1
"images/TEST/MSIH/TCGA-CM-4746-01Z-00-DX1.c83b9795-bf45-4100-9052-a7e485e0f770_(30093,29235).jpg",0.99999964,3.623385e-07,1
"images/TEST/MSIH/TCGA-CM-4746-01Z-00-DX1.c83b9795-bf45-4100-9052-a7e485e0f770_(67685,36347).jpg",0.9999999,8.653059e-08,1
"images/TEST/MSIH/TCGA-F4-6703-01Z-00-DX1.28225f5d-d880-4605-831f-f22ec0272cde_(101456,62925).jpg",0.9999999,8.787431e-08,1
"images/TEST/MSIH/TCGA-CM-6674-01Z-00-DX1.4a08b16a-788e-43dc-85d2-baff6e911de2_(69260,67585).jpg",0.99999905,9.162977e-07,1
"images/TEST/MSIH/TCGA-CK-6747-01Z-00-DX1.7824596c-84db-4bee-b149-cd8f617c285f_(39832,15134).jpg",0.99999976,1.924228e-07,1
"images/TEST/MSIH/TCGA-AA-3877-01Z-00-DX1.36902310-bc0b-4437-9f86-6df85703e0ad_(52415,72133).jpg",0.9999987,1.3496563e-06,1
"images/TEST/MSIH/TCGA-AA-3877-01Z-00-DX1.36902310-bc0b-4437-9f86-6df85703e0ad_(51314,75436).jpg",0.9999994,6.41384e-07,1
"images/TEST/MSIH/TCGA-D5-6927-01Z-00-DX1.ff21d627-dbb8-4200-937b-f8be8b86b6d4_(73502,14459).jpg",0.9999993,7.7366775e-07,1
"images/TEST/MSIH/TCGA-QG-A5Z2-01Z-00-DX1.51896C31-235E-48EF-90F7-FC05350CA564_(46280,15477).jpg",0.9999994,6.455095e-07,1
"images/TEST/MSIH/TCGA-CK-6746-01Z-00-DX1.0aae8eec-1e82-494b-8779-d79fea8bec0c_(12464,60757).jpg",1.0,2.0706116e-08,1
"images/TEST/MSIH/TCGA-D5-6927-01Z-00-DX1.ff21d627-dbb8-4200-937b-f8be8b86b6d4_(68422,15475).jpg",0.9999995,5.219804e-07,1
"images/TEST/MSIH/TCGA-CK-6746-01Z-00-DX1.0aae8eec-1e82-494b-8779-d79fea8bec0c_(40912,67869).jpg",0.9999999,1.2867274e-07,1
"images/TEST/MSIH/TCGA-CM-6674-01Z-00-DX1.4a08b16a-788e-43dc-85d2-baff6e911de2_(33700,61489).jpg",0.9999988,1.1376286e-06,1
"images/TEST/MSIH/TCGA-CK-6747-01Z-00-DX1.7824596c-84db-4bee-b149-cd8f617c285f_(85552,19198).jpg",0.99999964,4.1419526e-07,1
"images/TEST/MSIH/TCGA-QG-A5Z2-01Z-00-DX1.51896C31-235E-48EF-90F7-FC05350CA564_(83761,26620).jpg",0.9999999,1.6254081e-07,1
"images/TEST/MSIH/TCGA-A6-6653-01Z-00-DX1.e130666d-2681-4382-9e7a-4a4d27cb77a4_(94412,28746).jpg",0.99999845,1.5435149e-06,1
"images/TEST/MSIH/TCGA-AD-A5EJ-01Z-00-DX1.FA56CEAF-8B70-45EF-A2C9-8AA7BEB3D88A_(14950,11915).jpg",0.9999999,8.670968e-08,1
"images/TEST/MSIH/TCGA-QG-A5Z2-01Z-00-DX1.51896C31-235E-48EF-90F7-FC05350CA564_(39189,11425).jpg",0.99999964,3.5481082e-07,1
"images/TEST/MSIH/TCGA-CK-6747-01Z-00-DX1.7824596c-84db-4bee-b149-cd8f617c285f_(37800,10054).jpg",0.99999976,2.3164004e-07,1
"images/TEST/MSIH/TCGA-CM-6674-01Z-00-DX1.4a08b16a-788e-43dc-85d2-baff6e911de2_(22524,54377).jpg",0.9999995,4.5233472e-07,1
"images/TEST/MSIH/TCGA-AA-3864-01Z-00-DX1.f6992bc7-ba05-4c30-9500-8f7b07b30f9a_(16901,27839).jpg",0.9999999,9.194948e-08,1
"images/TEST/MSIH/TCGA-AD-6895-01Z-00-DX1.7FB1FBC6-683B-4285-89D1-A7A20F07A9D4_(3747,4925).jpg",0.9999999,1.3565442e-07,1
"images/TEST/MSIH/TCGA-A6-6653-01Z-00-DX1.e130666d-2681-4382-9e7a-4a4d27cb77a4_(96444,3346).jpg",0.99999917,7.818713e-07,1
"images/TEST/MSIH/TCGA-QG-A5Z2-01Z-00-DX1.51896C31-235E-48EF-90F7-FC05350CA564_(72618,52958).jpg",0.99999976,2.749333e-07,1
"images/TEST/MSIH/TCGA-CM-6674-01Z-00-DX1.4a08b16a-788e-43dc-85d2-baff6e911de2_(32684,74697).jpg",0.9999999,1.3871279e-07,1
"images/TEST/MSIH/TCGA-CM-4743-01Z-00-DX1.f54a6355-5623-498c-96b9-2ff1de6576c6_(29211,40937).jpg",0.99999976,1.9517455e-07,1
"images/TEST/MSIH/TCGA-CM-4746-01Z-00-DX1.c83b9795-bf45-4100-9052-a7e485e0f770_(83941,11963).jpg",0.9999999,1.7593752e-07,1
"images/TEST/MSIH/TCGA-CK-6746-01Z-00-DX1.0aae8eec-1e82-494b-8779-d79fea8bec0c_(41928,69901).jpg",0.99999976,2.2960627e-07,1
"images/TEST/MSIH/TCGA-AD-A5EJ-01Z-00-DX1.FA56CEAF-8B70-45EF-A2C9-8AA7BEB3D88A_(19014,24107).jpg",0.99999964,4.1702603e-07,1
"images/TEST/MSIH/TCGA-AA-A01P-01Z-00-DX1.D7AAA4F0-C956-4346-8948-DADACDFB3B69_(76642,90085).jpg",0.99999964,3.7601217e-07,1
"images/TEST/MSIH/TCGA-AA-3811-01Z-00-DX1.369d7946-911e-4e97-8ae7-32ef12b6b106_(3728,103631).jpg",0.99999976,2.8121596e-07,1
"images/TEST/MSIH/TCGA-CK-6747-01Z-00-DX1.7824596c-84db-4bee-b149-cd8f617c285f_(86568,13102).jpg",0.9999999,1.4152761e-07,1
"images/TEST/MSIH/TCGA-D5-6530-01Z-00-DX1.5c4bbcd1-51ba-467d-93f9-f2a9e7c5e010_(20107,50396).jpg",0.99999905,9.57511e-07,1
"images/TEST/MSIH/TCGA-CM-6674-01Z-00-DX1.4a08b16a-788e-43dc-85d2-baff6e911de2_(81452,74697).jpg",0.99999976,2.7995242e-07,1
"images/TEST/MSIH/TCGA-D5-6927-01Z-00-DX1.ff21d627-dbb8-4200-937b-f8be8b86b6d4_(69438,11411).jpg",0.99999917,8.0001513e-07,1
"images/TEST/MSIH/TCGA-CM-4743-01Z-00-DX1.f54a6355-5623-498c-96b9-2ff1de6576c6_(67819,32809).jpg",0.99999964,3.20378e-07,1
"images/TEST/MSIH/TCGA-AA-3715-01Z-00-DX1.24d6e746-ad61-4587-a2b9-8903331b279c_(31892,49368).jpg",0.9999877,1.229128e-05,1
"images/TEST/MSIH/TCGA-A6-6653-01Z-00-DX1.e130666d-2681-4382-9e7a-4a4d27cb77a4_(87300,10458).jpg",0.9999975,2.5559484e-06,1
"images/TEST/MSIH/TCGA-D5-6927-01Z-00-DX1.ff21d627-dbb8-4200-937b-f8be8b86b6d4_(66390,16491).jpg",0.99999964,3.4670538e-07,1
"images/TEST/MSIH/TCGA-CK-6746-01Z-00-DX1.0aae8eec-1e82-494b-8779-d79fea8bec0c_(37864,49581).jpg",0.9999999,1.7288887e-07,1
"images/TEST/MSIH/TCGA-AD-6895-01Z-00-DX1.7FB1FBC6-683B-4285-89D1-A7A20F07A9D4_(16955,11021).jpg",0.99999964,3.182846e-07,1
"images/TEST/MSIH/TCGA-AA-3715-01Z-00-DX1.24d6e746-ad61-4587-a2b9-8903331b279c_(50609,48267).jpg",0.9999994,6.02709e-07,1
"images/TEST/MSIH/TCGA-AD-A5EJ-01Z-00-DX1.FA56CEAF-8B70-45EF-A2C9-8AA7BEB3D88A_(30190,16995).jpg",0.9999988,1.236482e-06,1
"images/TEST/MSIH/TCGA-D5-6530-01Z-00-DX1.5c4bbcd1-51ba-467d-93f9-f2a9e7c5e010_(42459,64620).jpg",0.9999995,4.7712007e-07,1
"images/TEST/MSIH/TCGA-F4-6703-01Z-00-DX1.28225f5d-d880-4605-831f-f22ec0272cde_(86216,50733).jpg",0.9999999,6.937959e-08,1
"images/TEST/MSIH/TCGA-CM-6674-01Z-00-DX1.4a08b16a-788e-43dc-85d2-baff6e911de2_(106852,67585).jpg",0.9999994,6.2671216e-07,1
"images/TEST/MSIH/TCGA-CK-6747-01Z-00-DX1.7824596c-84db-4bee-b149-cd8f617c285f_(36784,19198).jpg",0.9999994,5.8018475e-07,1
"images/TEST/MSIH/TCGA-CM-4743-01Z-00-DX1.f54a6355-5623-498c-96b9-2ff1de6576c6_(71883,69385).jpg",0.9999999,1.5553344e-07,1
"images/TEST/MSIH/TCGA-CK-6747-01Z-00-DX1.7824596c-84db-4bee-b149-cd8f617c285f_(65232,28342).jpg",0.99999964,3.5322807e-07,1
"images/TEST/MSIH/TCGA-AZ-6598-01Z-00-DX1.1fc4cd61-4524-413b-b36d-ad438785bc06_(52814,37888).jpg",0.99999976,2.721218e-07,1
"images/TEST/MSIH/TCGA-QG-A5Z2-01Z-00-DX2.F2352352-8F00-4BB3-8A62-8D1C1E374F95_(8289,42020).jpg",1.0,4.9529106e-08,1
"images/TEST/MSIH/TCGA-A6-6653-01Z-00-DX1.e130666d-2681-4382-9e7a-4a4d27cb77a4_(97460,25698).jpg",0.9999993,7.00603e-07,1
"images/TEST/MSIH/TCGA-AA-3811-01Z-00-DX1.369d7946-911e-4e97-8ae7-32ef12b6b106_(10334,114641).jpg",1.0,3.2984058e-08,1
"images/TEST/MSIH/TCGA-AA-3877-01Z-00-DX1.36902310-bc0b-4437-9f86-6df85703e0ad_(48011,84244).jpg",0.9999999,1.2220539e-07,1
"images/TEST/MSIH/TCGA-F4-6703-01Z-00-DX1.28225f5d-d880-4605-831f-f22ec0272cde_(78088,37525).jpg",0.99999976,1.8822399e-07,1
"images/TEST/MSIH/TCGA-AA-3950-01Z-00-DX1.2a81cf11-4c16-4e9e-8809-6f63152060da_(47544,69000).jpg",0.9999999,1.3063622e-07,1
"images/TEST/MSIH/TCGA-D5-6530-01Z-00-DX1.5c4bbcd1-51ba-467d-93f9-f2a9e7c5e010_(50587,68684).jpg",0.9999989,1.0321406e-06,1
"images/TEST/MSIH/TCGA-A6-6653-01Z-00-DX1.e130666d-2681-4382-9e7a-4a4d27cb77a4_(89332,15538).jpg",0.9999995,4.8904946e-07,1
"images/TEST/MSIH/TCGA-QG-A5Z2-01Z-00-DX2.F2352352-8F00-4BB3-8A62-8D1C1E374F95_(10315,35942).jpg",0.9999993,7.0533736e-07,1
"images/TEST/MSIH/TCGA-D5-6927-01Z-00-DX1.ff21d627-dbb8-4200-937b-f8be8b86b6d4_(70454,18523).jpg",0.9999987,1.3421911e-06,1
"images/TEST/MSIH/TCGA-CK-6747-01Z-00-DX1.7824596c-84db-4bee-b149-cd8f617c285f_(82504,25294).jpg",0.99999464,5.3278154e-06,1
"images/TEST/MSIH/TCGA-D5-6927-01Z-00-DX1.ff21d627-dbb8-4200-937b-f8be8b86b6d4_(65374,21571).jpg",0.9999995,4.4933802e-07,1
"images/TEST/MSIH/TCGA-G4-6309-01Z-00-DX1.3eb20fdc-eb86-4bd5-8194-76b02d4fa472_(28358,58422).jpg",0.9999976,2.3664645e-06,1
"images/TEST/MSIH/TCGA-CM-4743-01Z-00-DX1.f54a6355-5623-498c-96b9-2ff1de6576c6_(25147,60241).jpg",0.99999917,8.63983e-07,1
"images/TEST/MSIH/TCGA-CM-6674-01Z-00-DX1.4a08b16a-788e-43dc-85d2-baff6e911de2_(29636,68601).jpg",0.99999964,3.6841462e-07,1
"images/TEST/MSIH/TCGA-AA-3864-01Z-00-DX1.f6992bc7-ba05-4c30-9500-8f7b07b30f9a_(11396,12425).jpg",0.9999995,4.174191e-07,1
"images/TEST/MSIH/TCGA-CM-4743-01Z-00-DX1.f54a6355-5623-498c-96b9-2ff1de6576c6_(85091,65321).jpg",0.9999999,1.346067e-07,1
"images/TEST/MSIH/TCGA-D5-6927-01Z-00-DX1.ff21d627-dbb8-4200-937b-f8be8b86b6d4_(70454,12427).jpg",0.9999999,1.6418083e-07,1
"images/TEST/MSIH/TCGA-AD-6889-01Z-00-DX1.5269A81E-5391-4875-8F2A-6505BC5BBFD9_(13867,35694).jpg",0.9999951,4.894693e-06,1
"images/TEST/MSIH/TCGA-AD-6889-01Z-00-DX1.5269A81E-5391-4875-8F2A-6505BC5BBFD9_(30123,33662).jpg",0.9999988,1.2273922e-06,1
"images/TEST/MSIH/TCGA-AA-A01P-01Z-00-DX1.D7AAA4F0-C956-4346-8948-DADACDFB3B69_(70036,97792).jpg",0.9999999,1.3659677e-07,1
"images/TEST/MSIH/TCGA-AA-A01P-01Z-00-DX1.D7AAA4F0-C956-4346-8948-DADACDFB3B69_(57925,95590).jpg",0.9999989,1.0948411e-06,1
"images/TEST/MSIH/TCGA-AA-3715-01Z-00-DX1.24d6e746-ad61-4587-a2b9-8903331b279c_(48407,44964).jpg",0.9999995,4.586157e-07,1
"images/TEST/MSIH/TCGA-QG-A5Z2-01Z-00-DX1.51896C31-235E-48EF-90F7-FC05350CA564_(78696,50932).jpg",0.99999976,2.0160488e-07,1
"images/TEST/MSIH/TCGA-AD-A5EJ-01Z-00-DX1.FA56CEAF-8B70-45EF-A2C9-8AA7BEB3D88A_(13934,34267).jpg",0.99999976,2.77189e-07,1
"images/TEST/MSIH/TCGA-F4-6703-01Z-00-DX1.28225f5d-d880-4605-831f-f22ec0272cde_(74024,41589).jpg",0.9999995,4.231143e-07,1
"images/TEST/MSIH/TCGA-AA-3715-01Z-00-DX1.24d6e746-ad61-4587-a2b9-8903331b279c_(47306,47166).jpg",0.9999994,6.072149e-07,1
"images/TEST/MSIH/TCGA-AA-3877-01Z-00-DX1.36902310-bc0b-4437-9f86-6df85703e0ad_(44708,80941).jpg",0.99999976,2.153178e-07,1
"images/TEST/MSIH/TCGA-AA-3811-01Z-00-DX1.369d7946-911e-4e97-8ae7-32ef12b6b106_(9233,98126).jpg",0.99999964,3.0692556e-07,1
"images/TEST/MSIH/TCGA-CM-6674-01Z-00-DX1.4a08b16a-788e-43dc-85d2-baff6e911de2_(98724,68601).jpg",0.9999999,1.4370232e-07,1
"images/TEST/MSIH/TCGA-AA-A01P-01Z-00-DX1.D7AAA4F0-C956-4346-8948-DADACDFB3B69_(78844,82378).jpg",0.9999988,1.2457332e-06,1
"images/TEST/MSIH/TCGA-AA-3715-01Z-00-DX1.24d6e746-ad61-4587-a2b9-8903331b279c_(50609,40560).jpg",0.9999993,7.220281e-07,1
"images/TEST/MSIH/TCGA-AA-A01P-01Z-00-DX1.D7AAA4F0-C956-4346-8948-DADACDFB3B69_(63430,90085).jpg",0.99999857,1.4595197e-06,1
"images/TEST/MSIH/TCGA-A6-6653-01Z-00-DX1.e130666d-2681-4382-9e7a-4a4d27cb77a4_(94412,5378).jpg",0.99999976,2.0084724e-07,1
"images/TEST/MSIH/TCGA-AZ-6598-01Z-00-DX1.1fc4cd61-4524-413b-b36d-ad438785bc06_(82278,47032).jpg",0.99999976,2.323589e-07,1
"images/TEST/MSIH/TCGA-AA-3864-01Z-00-DX1.f6992bc7-ba05-4c30-9500-8f7b07b30f9a_(15800,17930).jpg",0.99999976,2.6704564e-07,1
"images/TEST/MSIH/TCGA-QG-A5Z2-01Z-00-DX2.F2352352-8F00-4BB3-8A62-8D1C1E374F95_(65017,75449).jpg",0.9999994,5.6203623e-07,1
"images/TEST/MSIH/TCGA-CM-4743-01Z-00-DX1.f54a6355-5623-498c-96b9-2ff1de6576c6_(38355,71417).jpg",0.9999999,1.14164834e-07,1
"images/TEST/MSIH/TCGA-AA-3811-01Z-00-DX1.369d7946-911e-4e97-8ae7-32ef12b6b106_(10334,95924).jpg",0.9999995,5.2889396e-07,1
"images/TEST/MSIH/TCGA-CM-4746-01Z-00-DX1.c83b9795-bf45-4100-9052-a7e485e0f770_(64637,20091).jpg",0.9999993,7.3818825e-07,1
"images/TEST/MSIH/TCGA-QG-A5Z2-01Z-00-DX2.F2352352-8F00-4BB3-8A62-8D1C1E374F95_(74134,77475).jpg",0.9999994,6.204253e-07,1
"images/TEST/MSIH/TCGA-AA-3950-01Z-00-DX1.2a81cf11-4c16-4e9e-8809-6f63152060da_(46443,81111).jpg",0.9999999,7.7957814e-08,1
"images/TEST/MSIH/TCGA-F4-6703-01Z-00-DX1.28225f5d-d880-4605-831f-f22ec0272cde_(92312,44637).jpg",0.9999993,7.161825e-07,1
"images/TEST/MSIH/TCGA-AA-3950-01Z-00-DX1.2a81cf11-4c16-4e9e-8809-6f63152060da_(36534,91020).jpg",0.9999999,1.3206751e-07,1
"images/TEST/MSIH/TCGA-AD-6889-01Z-00-DX1.5269A81E-5391-4875-8F2A-6505BC5BBFD9_(49427,14358).jpg",0.99999845,1.5096068e-06,1
"images/TEST/MSIH/TCGA-AA-3864-01Z-00-DX1.f6992bc7-ba05-4c30-9500-8f7b07b30f9a_(8093,16829).jpg",0.9999993,7.6654607e-07,1
"images/TEST/MSIH/TCGA-AA-3811-01Z-00-DX1.369d7946-911e-4e97-8ae7-32ef12b6b106_(12536,105833).jpg",0.99999976,1.8943649e-07,1
"images/TEST/MSIH/TCGA-AA-A01P-01Z-00-DX1.D7AAA4F0-C956-4346-8948-DADACDFB3B69_(40309,69166).jpg",0.9999995,4.518118e-07,1
"images/TEST/MSIH/TCGA-AA-3877-01Z-00-DX1.36902310-bc0b-4437-9f86-6df85703e0ad_(53516,77638).jpg",0.99999976,2.757247e-07,1
"images/TEST/MSIH/TCGA-AA-3864-01Z-00-DX1.f6992bc7-ba05-4c30-9500-8f7b07b30f9a_(13598,17930).jpg",0.9999999,1.7687931e-07,1
"images/TEST/MSIH/TCGA-D5-6927-01Z-00-DX1.ff21d627-dbb8-4200-937b-f8be8b86b6d4_(85694,6331).jpg",0.9999993,7.594565e-07,1
"images/TEST/MSIH/TCGA-CM-6674-01Z-00-DX1.4a08b16a-788e-43dc-85d2-baff6e911de2_(87548,69617).jpg",0.9999999,1.3844729e-07,1
"images/TEST/MSIH/TCGA-AA-3877-01Z-00-DX1.36902310-bc0b-4437-9f86-6df85703e0ad_(73334,93052).jpg",0.99999976,1.816176e-07,1
"images/TEST/MSIH/TCGA-CM-4746-01Z-00-DX1.c83b9795-bf45-4100-9052-a7e485e0f770_(95117,56667).jpg",0.99999475,5.2562627e-06,1
"images/TEST/MSIH/TCGA-AZ-6598-01Z-00-DX1.1fc4cd61-4524-413b-b36d-ad438785bc06_(14206,62272).jpg",0.9999995,4.7454844e-07,1
"images/TEST/MSIH/TCGA-AD-A5EJ-01Z-00-DX1.FA56CEAF-8B70-45EF-A2C9-8AA7BEB3D88A_(29174,16995).jpg",0.99999964,3.0110277e-07,1
"images/TEST/MSIH/TCGA-AA-A01P-01Z-00-DX1.D7AAA4F0-C956-4346-8948-DADACDFB3B69_(50218,60358).jpg",0.99999905,9.95335e-07,1
"images/TEST/MSIH/TCGA-AZ-6598-01Z-00-DX1.1fc4cd61-4524-413b-b36d-ad438785bc06_(66022,48048).jpg",0.9999995,4.3846552e-07,1
"images/TEST/MSIH/TCGA-AA-A01P-01Z-00-DX1.D7AAA4F0-C956-4346-8948-DADACDFB3B69_(55723,85681).jpg",0.9999988,1.1606937e-06,1
"images/TEST/MSIH/TCGA-CK-6746-01Z-00-DX1.0aae8eec-1e82-494b-8779-d79fea8bec0c_(39896,54661).jpg",0.99999785,2.1132855e-06,1
"images/TEST/MSIH/TCGA-CK-6746-01Z-00-DX1.0aae8eec-1e82-494b-8779-d79fea8bec0c_(17544,61773).jpg",1.0,5.6544163e-08,1
"images/TEST/MSIH/TCGA-QG-A5Z2-01Z-00-DX2.F2352352-8F00-4BB3-8A62-8D1C1E374F95_(14367,53163).jpg",0.99999964,3.7695716e-07,1
"images/TEST/MSIH/TCGA-QG-A5Z2-01Z-00-DX2.F2352352-8F00-4BB3-8A62-8D1C1E374F95_(22471,22773).jpg",0.9999993,6.6482676e-07,1
"images/TEST/MSIH/TCGA-AA-3811-01Z-00-DX1.369d7946-911e-4e97-8ae7-32ef12b6b106_(11435,98126).jpg",0.9999999,1.7155834e-07,1
"images/TEST/MSIH/TCGA-AA-3950-01Z-00-DX1.2a81cf11-4c16-4e9e-8809-6f63152060da_(51948,69000).jpg",0.99999976,2.2240138e-07,1
"images/TEST/MSIH/TCGA-CK-6746-01Z-00-DX1.0aae8eec-1e82-494b-8779-d79fea8bec0c_(40912,38405).jpg",0.9999993,6.9759477e-07,1
"images/TEST/MSIH/TCGA-AD-A5EJ-01Z-00-DX1.FA56CEAF-8B70-45EF-A2C9-8AA7BEB3D88A_(26126,28171).jpg",0.99999976,2.3171981e-07,1
"images/TEST/MSIH/TCGA-QG-A5Z2-01Z-00-DX2.F2352352-8F00-4BB3-8A62-8D1C1E374F95_(34627,10617).jpg",0.99999905,9.442398e-07,1
"images/TEST/MSIH/TCGA-D5-6530-01Z-00-DX1.5c4bbcd1-51ba-467d-93f9-f2a9e7c5e010_(6899,56492).jpg",0.99999964,3.9157592e-07,1
"images/TEST/MSIH/TCGA-CK-6747-01Z-00-DX1.7824596c-84db-4bee-b149-cd8f617c285f_(85552,35454).jpg",0.9999956,4.4246885e-06,1
"images/TEST/MSIH/TCGA-AA-3950-01Z-00-DX1.2a81cf11-4c16-4e9e-8809-6f63152060da_(42039,84414).jpg",0.9999999,1.432303e-07,1
"images/TEST/MSIH/TCGA-F4-6703-01Z-00-DX1.28225f5d-d880-4605-831f-f22ec0272cde_(90280,59877).jpg",0.9999999,1.021298e-07,1
"images/TEST/MSIH/TCGA-AA-3950-01Z-00-DX1.2a81cf11-4c16-4e9e-8809-6f63152060da_(34332,81111).jpg",0.9999999,1.5400668e-07,1
"images/TEST/MSIH/TCGA-G4-6309-01Z-00-DX1.3eb20fdc-eb86-4bd5-8194-76b02d4fa472_(85254,45214).jpg",0.9999994,6.3549754e-07,1
"images/TEST/MSIH/TCGA-CK-6747-01Z-00-DX1.7824596c-84db-4bee-b149-cd8f617c285f_(64216,25294).jpg",0.99999964,3.1881137e-07,1
"images/TEST/MSIH/TCGA-AD-A5EJ-01Z-00-DX1.FA56CEAF-8B70-45EF-A2C9-8AA7BEB3D88A_(8854,12931).jpg",0.99999964,3.2674984e-07,1
"images/TEST/MSIH/TCGA-AA-A01P-01Z-00-DX1.D7AAA4F0-C956-4346-8948-DADACDFB3B69_(71137,96691).jpg",0.99999976,1.8851863e-07,1
"images/TEST/MSIH/TCGA-AA-3864-01Z-00-DX1.f6992bc7-ba05-4c30-9500-8f7b07b30f9a_(9194,14627).jpg",0.99999964,3.361717e-07,1
"images/TEST/MSIH/TCGA-CK-6746-01Z-00-DX1.0aae8eec-1e82-494b-8779-d79fea8bec0c_(16528,54661).jpg",0.9999999,1.4110307e-07,1
"images/TEST/MSIH/TCGA-QG-A5Z2-01Z-00-DX1.51896C31-235E-48EF-90F7-FC05350CA564_(49319,18516).jpg",0.99999976,1.9623839e-07,1
"images/TEST/MSIH/TCGA-AA-3715-01Z-00-DX1.24d6e746-ad61-4587-a2b9-8903331b279c_(49508,39459).jpg",0.9999968,3.218981e-06,1
"images/TEST/MSIH/TCGA-AD-6889-01Z-00-DX1.5269A81E-5391-4875-8F2A-6505BC5BBFD9_(28091,31630).jpg",0.99999845,1.493742e-06,1
"images/TEST/MSIH/TCGA-AD-6889-01Z-00-DX1.5269A81E-5391-4875-8F2A-6505BC5BBFD9_(30123,19438).jpg",0.9999993,6.958453e-07,1
"images/TEST/MSIH/TCGA-AD-A5EJ-01Z-00-DX1.FA56CEAF-8B70-45EF-A2C9-8AA7BEB3D88A_(25110,9883).jpg",0.9999999,1.7048839e-07,1
"images/TEST/MSIH/TCGA-AD-6895-01Z-00-DX1.7FB1FBC6-683B-4285-89D1-A7A20F07A9D4_(2731,4925).jpg",0.99999976,1.999448e-07,1
"images/TEST/MSIH/TCGA-F4-6703-01Z-00-DX1.28225f5d-d880-4605-831f-f22ec0272cde_(98408,52765).jpg",0.9999995,4.575297e-07,1
"images/TEST/MSIH/TCGA-AA-3811-01Z-00-DX1.369d7946-911e-4e97-8ae7-32ef12b6b106_(11435,111338).jpg",0.9999988,1.1634233e-06,1
"images/TEST/MSIH/TCGA-AZ-6598-01Z-00-DX1.1fc4cd61-4524-413b-b36d-ad438785bc06_(56878,47032).jpg",0.9999993,6.5713954e-07,1
"images/TEST/MSIH/TCGA-CK-6747-01Z-00-DX1.7824596c-84db-4bee-b149-cd8f617c285f_(72344,16150).jpg",0.9999995,5.130476e-07,1
"images/TEST/MSIH/TCGA-AD-6889-01Z-00-DX1.5269A81E-5391-4875-8F2A-6505BC5BBFD9_(10819,3182).jpg",0.99999845,1.5125206e-06,1
"images/TEST/MSIH/TCGA-CM-6674-01Z-00-DX1.4a08b16a-788e-43dc-85d2-baff6e911de2_(106852,59457).jpg",0.9999988,1.2108214e-06,1
"images/TEST/MSIH/TCGA-CM-4746-01Z-00-DX1.c83b9795-bf45-4100-9052-a7e485e0f770_(31109,27203).jpg",0.9999995,5.1749373e-07,1
"images/TEST/MSIH/TCGA-QG-A5Z2-01Z-00-DX2.F2352352-8F00-4BB3-8A62-8D1C1E374F95_(34627,76462).jpg",0.9999994,6.3211087e-07,1
"images/TEST/MSIH/TCGA-AZ-6598-01Z-00-DX1.1fc4cd61-4524-413b-b36d-ad438785bc06_(52814,49064).jpg",0.99999964,3.4093134e-07,1
"images/TEST/MSIH/TCGA-AZ-6598-01Z-00-DX1.1fc4cd61-4524-413b-b36d-ad438785bc06_(36558,63288).jpg",0.99999976,2.3941695e-07,1
"images/TEST/MSIH/TCGA-AA-3877-01Z-00-DX1.36902310-bc0b-4437-9f86-6df85703e0ad_(49112,74335).jpg",0.9999988,1.2443724e-06,1
"images/TEST/MSIH/TCGA-G4-6309-01Z-00-DX1.3eb20fdc-eb86-4bd5-8194-76b02d4fa472_(76110,51310).jpg",0.99999917,7.911397e-07,1
"images/TEST/MSIH/TCGA-CM-4743-01Z-00-DX1.f54a6355-5623-498c-96b9-2ff1de6576c6_(71883,48049).jpg",0.9999981,1.9455103e-06,1
"images/TEST/MSIH/TCGA-F4-6703-01Z-00-DX1.28225f5d-d880-4605-831f-f22ec0272cde_(54720,48701).jpg",0.99999976,2.3009028e-07,1
"images/TEST/MSIH/TCGA-CM-4743-01Z-00-DX1.f54a6355-5623-498c-96b9-2ff1de6576c6_(73915,38905).jpg",0.99999964,3.0008508e-07,1
"images/TEST/MSIH/TCGA-AA-A01P-01Z-00-DX1.D7AAA4F0-C956-4346-8948-DADACDFB3B69_(46915,64762).jpg",0.9999995,4.5703297e-07,1
"images/TEST/MSIH/TCGA-CM-4743-01Z-00-DX1.f54a6355-5623-498c-96b9-2ff1de6576c6_(40387,78529).jpg",0.9999999,1.0611194e-07,1
"images/TEST/MSIH/TCGA-AA-3950-01Z-00-DX1.2a81cf11-4c16-4e9e-8809-6f63152060da_(43140,84414).jpg",0.9999999,1.4168789e-07,1
"images/TEST/MSIH/TCGA-G4-6309-01Z-00-DX1.3eb20fdc-eb86-4bd5-8194-76b02d4fa472_(34454,56390).jpg",0.99999774,2.2178765e-06,1
"images/TEST/MSIH/TCGA-CM-4746-01Z-00-DX1.c83b9795-bf45-4100-9052-a7e485e0f770_(42285,26187).jpg",1.0,3.1326156e-08,1
"images/TEST/MSIH/TCGA-AZ-6598-01Z-00-DX1.1fc4cd61-4524-413b-b36d-ad438785bc06_(50782,55160).jpg",0.9999999,1.3459143e-07,1
"images/TEST/MSIH/TCGA-AA-A01P-01Z-00-DX1.D7AAA4F0-C956-4346-8948-DADACDFB3B69_(60127,79075).jpg",0.99999976,2.717893e-07,1
"images/TEST/MSIH/TCGA-CM-6674-01Z-00-DX1.4a08b16a-788e-43dc-85d2-baff6e911de2_(19476,65553).jpg",0.99999917,8.668121e-07,1
"images/TEST/MSIH/TCGA-G4-6309-01Z-00-DX1.3eb20fdc-eb86-4bd5-8194-76b02d4fa472_(44614,58422).jpg",0.9999975,2.4660287e-06,1
"images/TEST/MSIH/TCGA-D5-6927-01Z-00-DX1.ff21d627-dbb8-4200-937b-f8be8b86b6d4_(72486,11411).jpg",0.9999999,8.936357e-08,1
"images/TEST/MSIH/TCGA-AD-6895-01Z-00-DX1.7FB1FBC6-683B-4285-89D1-A7A20F07A9D4_(5779,8989).jpg",0.99999905,9.1672865e-07,1
"images/TEST/MSIH/TCGA-AA-3811-01Z-00-DX1.369d7946-911e-4e97-8ae7-32ef12b6b106_(19142,91520).jpg",0.9999995,5.1527326e-07,1
"images/TEST/MSIH/TCGA-AA-A01P-01Z-00-DX1.D7AAA4F0-C956-4346-8948-DADACDFB3B69_(77743,91186).jpg",0.99999976,2.5041555e-07,1
"images/TEST/MSIH/TCGA-AA-3715-01Z-00-DX1.24d6e746-ad61-4587-a2b9-8903331b279c_(30791,47166).jpg",0.99999905,9.4759196e-07,1
"images/TEST/MSIH/TCGA-AZ-6598-01Z-00-DX1.1fc4cd61-4524-413b-b36d-ad438785bc06_(81262,69384).jpg",0.9999982,1.791152e-06,1
"images/TEST/MSIH/TCGA-AD-6889-01Z-00-DX1.5269A81E-5391-4875-8F2A-6505BC5BBFD9_(29107,10294).jpg",0.9999987,1.3533721e-06,1
"images/TEST/MSIH/TCGA-AD-6895-01Z-00-DX1.7FB1FBC6-683B-4285-89D1-A7A20F07A9D4_(10859,4925).jpg",0.9999995,4.2353744e-07,1
"images/TEST/MSIH/TCGA-D5-6927-01Z-00-DX1.ff21d627-dbb8-4200-937b-f8be8b86b6d4_(77566,14459).jpg",0.99999964,3.2038105e-07,1
"images/TEST/MSIH/TCGA-CM-6674-01Z-00-DX1.4a08b16a-788e-43dc-85d2-baff6e911de2_(74340,72665).jpg",0.99999976,1.8095818e-07,1
"images/TEST/MSIH/TCGA-CM-4746-01Z-00-DX1.c83b9795-bf45-4100-9052-a7e485e0f770_(73781,16027).jpg",0.9999999,1.6387015e-07,1
"images/TEST/MSIH/TCGA-AD-A5EJ-01Z-00-DX1.FA56CEAF-8B70-45EF-A2C9-8AA7BEB3D88A_(15966,28171).jpg",0.99999976,1.9945458e-07,1
"images/TEST/MSIH/TCGA-AA-A01P-01Z-00-DX1.D7AAA4F0-C956-4346-8948-DADACDFB3B69_(29299,73570).jpg",0.9999994,6.4234933e-07,1
"images/TEST/MSIH/TCGA-AD-A5EJ-01Z-00-DX1.FA56CEAF-8B70-45EF-A2C9-8AA7BEB3D88A_(11902,25123).jpg",0.9999995,4.279084e-07,1
"images/TEST/MSIH/TCGA-D5-6530-01Z-00-DX1.5c4bbcd1-51ba-467d-93f9-f2a9e7c5e010_(42459,67668).jpg",0.99999964,3.281376e-07,1
"images/TEST/MSIH/TCGA-AD-6895-01Z-00-DX1.7FB1FBC6-683B-4285-89D1-A7A20F07A9D4_(17971,8989).jpg",0.99999964,3.867003e-07,1
"images/TEST/MSIH/TCGA-QG-A5Z2-01Z-00-DX1.51896C31-235E-48EF-90F7-FC05350CA564_(62488,74231).jpg",0.99999976,1.9945078e-07,1
"images/TEST/MSIH/TCGA-AD-6889-01Z-00-DX1.5269A81E-5391-4875-8F2A-6505BC5BBFD9_(27075,11310).jpg",0.9999994,6.312169e-07,1
"images/TEST/MSIH/TCGA-QG-A5Z2-01Z-00-DX1.51896C31-235E-48EF-90F7-FC05350CA564_(86800,37763).jpg",0.9999999,1.3937753e-07,1
"images/TEST/MSIH/TCGA-AD-A5EJ-01Z-00-DX1.FA56CEAF-8B70-45EF-A2C9-8AA7BEB3D88A_(15966,22075).jpg",0.99999964,3.972374e-07,1
"images/TEST/MSIH/TCGA-AA-3950-01Z-00-DX1.2a81cf11-4c16-4e9e-8809-6f63152060da_(54150,80010).jpg",0.99999976,1.9617198e-07,1
"images/TEST/MSIH/TCGA-AA-3864-01Z-00-DX1.f6992bc7-ba05-4c30-9500-8f7b07b30f9a_(18002,27839).jpg",0.99999976,1.9169218e-07,1
"images/TEST/MSIH/TCGA-D5-6927-01Z-00-DX1.ff21d627-dbb8-4200-937b-f8be8b86b6d4_(60294,16491).jpg",0.99999976,2.7264576e-07,1
"images/TEST/MSIH/TCGA-CK-6746-01Z-00-DX1.0aae8eec-1e82-494b-8779-d79fea8bec0c_(44976,43485).jpg",0.99999964,3.6005676e-07,1
"images/TEST/MSIH/TCGA-CM-6674-01Z-00-DX1.4a08b16a-788e-43dc-85d2-baff6e911de2_(81452,76729).jpg",0.99999964,4.0413687e-07,1
"images/TEST/MSIH/TCGA-AA-3715-01Z-00-DX1.24d6e746-ad61-4587-a2b9-8903331b279c_(38498,42762).jpg",0.9999993,7.074081e-07,1
"images/TEST/MSIH/TCGA-A6-6653-01Z-00-DX1.e130666d-2681-4382-9e7a-4a4d27cb77a4_(87300,18586).jpg",0.99999785,2.1540745e-06,1
"images/TEST/MSIH/TCGA-A6-6653-01Z-00-DX1.e130666d-2681-4382-9e7a-4a4d27cb77a4_(98476,4362).jpg",0.99999905,9.218275e-07,1
"images/TEST/MSIH/TCGA-AZ-6598-01Z-00-DX1.1fc4cd61-4524-413b-b36d-ad438785bc06_(62974,38904).jpg",0.9999993,6.644116e-07,1
"images/TEST/MSIH/TCGA-CM-4743-01Z-00-DX1.f54a6355-5623-498c-96b9-2ff1de6576c6_(42419,59225).jpg",0.9999994,5.79917e-07,1
"images/TEST/MSIH/TCGA-CM-6674-01Z-00-DX1.4a08b16a-788e-43dc-85d2-baff6e911de2_(60116,75713).jpg",0.9999995,4.2105015e-07,1
"images/TEST/MSIH/TCGA-AA-3811-01Z-00-DX1.369d7946-911e-4e97-8ae7-32ef12b6b106_(15839,87116).jpg",0.99999976,2.478548e-07,1
"images/TEST/MSIH/TCGA-D5-6927-01Z-00-DX1.ff21d627-dbb8-4200-937b-f8be8b86b6d4_(61310,17507).jpg",0.99999905,9.4433705e-07,1
"images/TEST/MSIH/TCGA-D5-6530-01Z-00-DX1.5c4bbcd1-51ba-467d-93f9-f2a9e7c5e010_(38395,57508).jpg",0.9999982,1.8046545e-06,1
"images/TEST/MSIH/TCGA-A6-6653-01Z-00-DX1.e130666d-2681-4382-9e7a-4a4d27cb77a4_(97460,9442).jpg",0.99999917,7.9766033e-07,1
"images/TEST/MSIH/TCGA-D5-6927-01Z-00-DX1.ff21d627-dbb8-4200-937b-f8be8b86b6d4_(76550,12427).jpg",0.9999999,1.07583936e-07,1
"images/TEST/MSIH/TCGA-AA-A01P-01Z-00-DX1.D7AAA4F0-C956-4346-8948-DADACDFB3B69_(63430,93388).jpg",0.9999975,2.4988979e-06,1
"images/TEST/MSIH/TCGA-D5-6530-01Z-00-DX1.5c4bbcd1-51ba-467d-93f9-f2a9e7c5e010_(42459,71732).jpg",0.99999976,1.9773601e-07,1
"images/TEST/MSIH/TCGA-CK-6746-01Z-00-DX1.0aae8eec-1e82-494b-8779-d79fea8bec0c_(38880,59741).jpg",1.0,3.0270296e-08,1
"images/TEST/MSIH/TCGA-AD-A5EJ-01Z-00-DX1.FA56CEAF-8B70-45EF-A2C9-8AA7BEB3D88A_(28158,22075).jpg",0.9999987,1.2793554e-06,1
"images/TEST/MSIH/TCGA-AA-A01P-01Z-00-DX1.D7AAA4F0-C956-4346-8948-DADACDFB3B69_(74440,92287).jpg",0.99999976,2.3991865e-07,1
"images/TEST/MSIH/TCGA-D5-6530-01Z-00-DX1.5c4bbcd1-51ba-467d-93f9-f2a9e7c5e010_(69891,65636).jpg",0.99999964,3.379641e-07,1
"images/TEST/MSIH/TCGA-CM-6674-01Z-00-DX1.4a08b16a-788e-43dc-85d2-baff6e911de2_(29636,60473).jpg",0.9999999,6.837447e-08,1
"images/TEST/MSIH/TCGA-AA-A01P-01Z-00-DX1.D7AAA4F0-C956-4346-8948-DADACDFB3B69_(45814,92287).jpg",0.9999999,1.5321385e-07,1
"images/TEST/MSIH/TCGA-CK-6746-01Z-00-DX1.0aae8eec-1e82-494b-8779-d79fea8bec0c_(32784,46533).jpg",0.9999999,1.4760901e-07,1
"images/TEST/MSIH/TCGA-AZ-6598-01Z-00-DX1.1fc4cd61-4524-413b-b36d-ad438785bc06_(58910,47032).jpg",0.9999999,7.022526e-08,1
"images/TEST/MSIH/TCGA-CK-6746-01Z-00-DX1.0aae8eec-1e82-494b-8779-d79fea8bec0c_(30752,64821).jpg",0.9999999,9.496042e-08,1
"images/TEST/MSIH/TCGA-CK-6747-01Z-00-DX1.7824596c-84db-4bee-b149-cd8f617c285f_(73360,38502).jpg",0.9999982,1.8152907e-06,1
"images/TEST/MSIH/TCGA-D5-6927-01Z-00-DX1.ff21d627-dbb8-4200-937b-f8be8b86b6d4_(90774,11411).jpg",0.99999917,7.8396556e-07,1
"images/TEST/MSIH/TCGA-QG-A5Z2-01Z-00-DX2.F2352352-8F00-4BB3-8A62-8D1C1E374F95_(20445,72410).jpg",0.9999994,5.6019974e-07,1
"images/TEST/MSIH/TCGA-AA-3811-01Z-00-DX1.369d7946-911e-4e97-8ae7-32ef12b6b106_(4829,102530).jpg",0.9999994,5.9794803e-07,1
"images/TEST/MSIH/TCGA-G4-6309-01Z-00-DX1.3eb20fdc-eb86-4bd5-8194-76b02d4fa472_(99478,33022).jpg",0.9999995,4.91755e-07,1
"images/TEST/MSIH/TCGA-CK-6746-01Z-00-DX1.0aae8eec-1e82-494b-8779-d79fea8bec0c_(15512,67869).jpg",0.99999964,3.1200224e-07,1
"images/TEST/MSIH/TCGA-AA-3864-01Z-00-DX1.f6992bc7-ba05-4c30-9500-8f7b07b30f9a_(11396,15728).jpg",0.9999993,6.847802e-07,1
"images/TEST/MSIH/TCGA-AD-A5EJ-01Z-00-DX1.FA56CEAF-8B70-45EF-A2C9-8AA7BEB3D88A_(15966,36299).jpg",0.99999845,1.5223351e-06,1
"images/TEST/MSIH/TCGA-F4-6703-01Z-00-DX1.28225f5d-d880-4605-831f-f22ec0272cde_(91296,56829).jpg",0.9999993,7.4710846e-07,1
"images/TEST/MSIH/TCGA-CK-6746-01Z-00-DX1.0aae8eec-1e82-494b-8779-d79fea8bec0c_(62248,34341).jpg",0.9999999,1.4400236e-07,1
"images/TEST/MSIH/TCGA-QG-A5Z2-01Z-00-DX2.F2352352-8F00-4BB3-8A62-8D1C1E374F95_(66030,77475).jpg",0.99999976,2.5736963e-07,1
"images/TEST/MSIH/TCGA-AD-6889-01Z-00-DX1.5269A81E-5391-4875-8F2A-6505BC5BBFD9_(21995,10294).jpg",0.9999987,1.3691307e-06,1
"images/TEST/MSIH/TCGA-CM-4743-01Z-00-DX1.f54a6355-5623-498c-96b9-2ff1de6576c6_(48515,53129).jpg",0.9999995,4.724527e-07,1
"images/TEST/MSIH/TCGA-AZ-6598-01Z-00-DX1.1fc4cd61-4524-413b-b36d-ad438785bc06_(28430,62272).jpg",1.0,4.7060947e-08,1
"images/TEST/MSIH/TCGA-CK-6746-01Z-00-DX1.0aae8eec-1e82-494b-8779-d79fea8bec0c_(53104,67869).jpg",0.9999999,9.603013e-08,1
"images/TEST/MSIH/TCGA-CM-4746-01Z-00-DX1.c83b9795-bf45-4100-9052-a7e485e0f770_(25013,21107).jpg",0.99999964,3.4165e-07,1
"images/TEST/MSIH/TCGA-AA-3811-01Z-00-DX1.369d7946-911e-4e97-8ae7-32ef12b6b106_(8132,98126).jpg",0.9999999,1.627648e-07,1
"images/TEST/MSIH/TCGA-AD-6895-01Z-00-DX1.7FB1FBC6-683B-4285-89D1-A7A20F07A9D4_(6795,6957).jpg",0.9999999,1.1325241e-07,1
"images/TEST/MSIH/TCGA-AA-3715-01Z-00-DX1.24d6e746-ad61-4587-a2b9-8903331b279c_(31892,46065).jpg",0.9999993,7.1589426e-07,1
"images/TEST/MSIH/TCGA-AD-6889-01Z-00-DX1.5269A81E-5391-4875-8F2A-6505BC5BBFD9_(33171,22486).jpg",0.99999917,8.396898e-07,1
"images/TEST/MSIH/TCGA-AA-3811-01Z-00-DX1.369d7946-911e-4e97-8ae7-32ef12b6b106_(9233,109136).jpg",0.9999995,4.5093063e-07,1
"images/TEST/MSIH/TCGA-D5-6530-01Z-00-DX1.5c4bbcd1-51ba-467d-93f9-f2a9e7c5e010_(41443,72748).jpg",0.9999999,1.6777577e-07,1
"images/TEST/MSIH/TCGA-CM-4746-01Z-00-DX1.c83b9795-bf45-4100-9052-a7e485e0f770_(44317,10947).jpg",0.99999964,3.890507e-07,1
"images/TEST/MSIH/TCGA-D5-6530-01Z-00-DX1.5c4bbcd1-51ba-467d-93f9-f2a9e7c5e010_(6899,52428).jpg",0.9999995,4.2394478e-07,1
"images/TEST/MSIH/TCGA-AA-3950-01Z-00-DX1.2a81cf11-4c16-4e9e-8809-6f63152060da_(37635,91020).jpg",0.9999999,1.537185e-07,1
"images/TEST/MSIH/TCGA-AZ-6598-01Z-00-DX1.1fc4cd61-4524-413b-b36d-ad438785bc06_(39606,59224).jpg",0.9999995,5.266396e-07,1
"images/TEST/MSIH/TCGA-AA-3715-01Z-00-DX1.24d6e746-ad61-4587-a2b9-8903331b279c_(55013,36156).jpg",0.999997,3.02227e-06,1
"images/TEST/MSIH/TCGA-AA-3950-01Z-00-DX1.2a81cf11-4c16-4e9e-8809-6f63152060da_(49746,85515).jpg",0.9999999,6.448536e-08,1
"images/TEST/MSIH/TCGA-AA-3950-01Z-00-DX1.2a81cf11-4c16-4e9e-8809-6f63152060da_(46443,73404).jpg",0.9999999,5.997458e-08,1
"images/TEST/MSIH/TCGA-D5-6927-01Z-00-DX1.ff21d627-dbb8-4200-937b-f8be8b86b6d4_(86710,7347).jpg",0.99999976,2.8634435e-07,1
"images/TEST/MSIH/TCGA-CK-6747-01Z-00-DX1.7824596c-84db-4bee-b149-cd8f617c285f_(72344,10054).jpg",0.99999964,4.07319e-07,1
"images/TEST/MSIH/TCGA-AA-A01P-01Z-00-DX1.D7AAA4F0-C956-4346-8948-DADACDFB3B69_(59026,66964).jpg",0.99999964,4.1460154e-07,1
"images/TEST/MSIH/TCGA-QG-A5Z2-01Z-00-DX2.F2352352-8F00-4BB3-8A62-8D1C1E374F95_(15380,29864).jpg",0.9999999,1.0180404e-07,1
"images/TEST/MSIH/TCGA-F4-6703-01Z-00-DX1.28225f5d-d880-4605-831f-f22ec0272cde_(69960,60893).jpg",0.99999964,3.7195485e-07,1
"images/TEST/MSIH/TCGA-D5-6530-01Z-00-DX1.5c4bbcd1-51ba-467d-93f9-f2a9e7c5e010_(23155,58524).jpg",0.9999993,7.281479e-07,1
"images/TEST/MSIH/TCGA-AA-3811-01Z-00-DX1.369d7946-911e-4e97-8ae7-32ef12b6b106_(5930,90419).jpg",0.9999999,1.17255105e-07,1
"images/TEST/MSIH/TCGA-AA-3950-01Z-00-DX1.2a81cf11-4c16-4e9e-8809-6f63152060da_(44241,74505).jpg",0.9999999,7.087061e-08,1
"images/TEST/MSIH/TCGA-AA-3715-01Z-00-DX1.24d6e746-ad61-4587-a2b9-8903331b279c_(38498,46065).jpg",0.99999917,8.4791554e-07,1
"images/TEST/MSIH/TCGA-F4-6703-01Z-00-DX1.28225f5d-d880-4605-831f-f22ec0272cde_(67928,62925).jpg",0.99999976,1.8337226e-07,1
"images/TEST/MSIH/TCGA-AA-3715-01Z-00-DX1.24d6e746-ad61-4587-a2b9-8903331b279c_(59417,40560).jpg",0.9999994,5.8773077e-07,1
"images/TEST/MSIH/TCGA-QG-A5Z2-01Z-00-DX2.F2352352-8F00-4BB3-8A62-8D1C1E374F95_(11328,38981).jpg",0.9999989,1.0238721e-06,1
"images/TEST/MSIH/TCGA-CM-4746-01Z-00-DX1.c83b9795-bf45-4100-9052-a7e485e0f770_(26029,10947).jpg",0.99999964,3.0753912e-07,1
"images/TEST/MSIH/TCGA-AA-3811-01Z-00-DX1.369d7946-911e-4e97-8ae7-32ef12b6b106_(10334,94823).jpg",0.9999999,9.085709e-08,1
"images/TEST/MSIH/TCGA-CM-6674-01Z-00-DX1.4a08b16a-788e-43dc-85d2-baff6e911de2_(19476,70633).jpg",0.9999999,6.345534e-08,1
"images/TEST/MSIH/TCGA-CM-4746-01Z-00-DX1.c83b9795-bf45-4100-9052-a7e485e0f770_(30093,36347).jpg",0.9999999,6.512812e-08,1
"images/TEST/MSIH/TCGA-A6-6653-01Z-00-DX1.e130666d-2681-4382-9e7a-4a4d27cb77a4_(92380,20618).jpg",0.99999964,3.9234783e-07,1
"images/TEST/MSIH/TCGA-AA-3877-01Z-00-DX1.36902310-bc0b-4437-9f86-6df85703e0ad_(53516,94153).jpg",0.9999994,5.5945014e-07,1
"images/TEST/MSIH/TCGA-CK-6746-01Z-00-DX1.0aae8eec-1e82-494b-8779-d79fea8bec0c_(12464,57709).jpg",0.9999999,9.426044e-08,1
"images/TEST/MSIH/TCGA-AD-6895-01Z-00-DX1.7FB1FBC6-683B-4285-89D1-A7A20F07A9D4_(14923,11021).jpg",0.99999976,1.8999248e-07,1
"images/TEST/MSIH/TCGA-G4-6309-01Z-00-DX1.3eb20fdc-eb86-4bd5-8194-76b02d4fa472_(43598,61470).jpg",0.99999905,9.24123e-07,1
"images/TEST/MSIH/TCGA-QG-A5Z2-01Z-00-DX2.F2352352-8F00-4BB3-8A62-8D1C1E374F95_(39692,18721).jpg",0.9999999,1.2752974e-07,1
"images/TEST/MSIH/TCGA-D5-6927-01Z-00-DX1.ff21d627-dbb8-4200-937b-f8be8b86b6d4_(70454,9379).jpg",0.9999993,7.735113e-07,1
"images/TEST/MSIH/TCGA-G4-6309-01Z-00-DX1.3eb20fdc-eb86-4bd5-8194-76b02d4fa472_(46646,54358).jpg",0.99999833,1.651173e-06,1
"images/TEST/MSIH/TCGA-CM-4743-01Z-00-DX1.f54a6355-5623-498c-96b9-2ff1de6576c6_(26163,46017).jpg",0.9999995,5.319975e-07,1
"images/TEST/MSIH/TCGA-AA-3715-01Z-00-DX1.24d6e746-ad61-4587-a2b9-8903331b279c_(19781,51570).jpg",0.99999666,3.2991343e-06,1
"images/TEST/MSIH/TCGA-AA-3715-01Z-00-DX1.24d6e746-ad61-4587-a2b9-8903331b279c_(37397,39459).jpg",0.9999994,5.651839e-07,1
"images/TEST/MSIH/TCGA-D5-6927-01Z-00-DX1.ff21d627-dbb8-4200-937b-f8be8b86b6d4_(68422,20555).jpg",0.99999976,2.3832463e-07,1
"images/TEST/MSIH/TCGA-D5-6530-01Z-00-DX1.5c4bbcd1-51ba-467d-93f9-f2a9e7c5e010_(32299,60556).jpg",0.99999964,3.7738377e-07,1
"images/TEST/MSIH/TCGA-D5-6530-01Z-00-DX1.5c4bbcd1-51ba-467d-93f9-f2a9e7c5e010_(77003,66652).jpg",0.99999964,3.170274e-07,1
"images/TEST/MSIH/TCGA-AD-A5EJ-01Z-00-DX1.FA56CEAF-8B70-45EF-A2C9-8AA7BEB3D88A_(19014,19027).jpg",0.99999964,3.656843e-07,1
"images/TEST/MSIH/TCGA-AA-3811-01Z-00-DX1.369d7946-911e-4e97-8ae7-32ef12b6b106_(14738,92621).jpg",0.9999999,1.2365086e-07,1
"images/TEST/MSIH/TCGA-CK-6747-01Z-00-DX1.7824596c-84db-4bee-b149-cd8f617c285f_(17480,9038).jpg",0.9999993,6.8415034e-07,1
"images/TEST/MSIH/TCGA-CK-6746-01Z-00-DX1.0aae8eec-1e82-494b-8779-d79fea8bec0c_(42944,61773).jpg",0.9999994,5.9985337e-07,1
"images/TEST/MSIH/TCGA-QG-A5Z2-01Z-00-DX2.F2352352-8F00-4BB3-8A62-8D1C1E374F95_(31588,76462).jpg",0.99999917,8.000953e-07,1
"images/TEST/MSIH/TCGA-AA-3950-01Z-00-DX1.2a81cf11-4c16-4e9e-8809-6f63152060da_(48645,81111).jpg",1.0,5.7105378e-08,1
"images/TEST/MSIH/TCGA-QG-A5Z2-01Z-00-DX1.51896C31-235E-48EF-90F7-FC05350CA564_(81735,36750).jpg",0.9999999,9.2225946e-08,1
"images/TEST/MSIH/TCGA-QG-A5Z2-01Z-00-DX2.F2352352-8F00-4BB3-8A62-8D1C1E374F95_(31588,71397).jpg",0.99999964,3.044987e-07,1
"images/TEST/MSIH/TCGA-CK-6747-01Z-00-DX1.7824596c-84db-4bee-b149-cd8f617c285f_(42880,37486).jpg",0.99999976,2.2851862e-07,1
"images/TEST/MSIH/TCGA-AA-3877-01Z-00-DX1.36902310-bc0b-4437-9f86-6df85703e0ad_(41405,90850).jpg",0.9999995,4.7490974e-07,1
"images/TEST/MSIH/TCGA-QG-A5Z2-01Z-00-DX1.51896C31-235E-48EF-90F7-FC05350CA564_(73631,57010).jpg",0.9999982,1.7389754e-06,1
"images/TEST/MSIH/TCGA-CK-6747-01Z-00-DX1.7824596c-84db-4bee-b149-cd8f617c285f_(9352,40534).jpg",0.99999917,8.7153694e-07,1
"images/TEST/MSIH/TCGA-AD-6889-01Z-00-DX1.5269A81E-5391-4875-8F2A-6505BC5BBFD9_(5739,38742).jpg",0.9999995,5.1104547e-07,1
"images/TEST/MSIH/TCGA-F4-6703-01Z-00-DX1.28225f5d-d880-4605-831f-f22ec0272cde_(82152,62925).jpg",0.9999999,1.0980004e-07,1
"images/TEST/MSIH/TCGA-AA-3715-01Z-00-DX1.24d6e746-ad61-4587-a2b9-8903331b279c_(50609,38358).jpg",0.9999993,7.3046533e-07,1
"images/TEST/MSIH/TCGA-CK-6746-01Z-00-DX1.0aae8eec-1e82-494b-8779-d79fea8bec0c_(49040,67869).jpg",0.9999999,1.0775953e-07,1
"images/TEST/MSIH/TCGA-AA-3950-01Z-00-DX1.2a81cf11-4c16-4e9e-8809-6f63152060da_(42039,91020).jpg",1.0,5.0939008e-08,1
"images/TEST/MSIH/TCGA-AZ-6598-01Z-00-DX1.1fc4cd61-4524-413b-b36d-ad438785bc06_(84310,58208).jpg",0.9999999,1.3092533e-07,1
"images/TEST/MSIH/TCGA-QG-A5Z2-01Z-00-DX1.51896C31-235E-48EF-90F7-FC05350CA564_(43241,15477).jpg",0.99999964,3.444738e-07,1
"images/TEST/MSIH/TCGA-CK-6747-01Z-00-DX1.7824596c-84db-4bee-b149-cd8f617c285f_(36784,8022).jpg",0.9999981,1.8550951e-06,1
"images/TEST/MSIH/TCGA-QG-A5Z2-01Z-00-DX2.F2352352-8F00-4BB3-8A62-8D1C1E374F95_(33614,22773).jpg",0.9999995,4.231805e-07,1
"images/TEST/MSIH/TCGA-AD-6889-01Z-00-DX1.5269A81E-5391-4875-8F2A-6505BC5BBFD9_(18947,47886).jpg",0.999998,1.9679437e-06,1
"images/TEST/MSIH/TCGA-CM-4743-01Z-00-DX1.f54a6355-5623-498c-96b9-2ff1de6576c6_(26163,34841).jpg",0.99999917,8.0523773e-07,1
"images/TEST/MSIH/TCGA-CM-4743-01Z-00-DX1.f54a6355-5623-498c-96b9-2ff1de6576c6_(87123,54145).jpg",0.9999995,4.9695603e-07,1
"images/TEST/MSIH/TCGA-CM-6674-01Z-00-DX1.4a08b16a-788e-43dc-85d2-baff6e911de2_(54020,73681).jpg",0.99999976,2.512272e-07,1
"images/TEST/MSIH/TCGA-CK-6746-01Z-00-DX1.0aae8eec-1e82-494b-8779-d79fea8bec0c_(48024,62789).jpg",0.99999964,4.1494644e-07,1
"images/TEST/MSIH/TCGA-CM-4746-01Z-00-DX1.c83b9795-bf45-4100-9052-a7e485e0f770_(27045,33299).jpg",0.99999964,2.9910566e-07,1
"images/TEST/MSIH/TCGA-AD-6889-01Z-00-DX1.5269A81E-5391-4875-8F2A-6505BC5BBFD9_(14883,28582).jpg",0.99999917,8.070883e-07,1
"images/TEST/MSIH/TCGA-D5-6530-01Z-00-DX1.5c4bbcd1-51ba-467d-93f9-f2a9e7c5e010_(41443,73764).jpg",0.9999995,5.042253e-07,1
"images/TEST/MSIH/TCGA-CM-4746-01Z-00-DX1.c83b9795-bf45-4100-9052-a7e485e0f770_(64637,15011).jpg",0.9999993,6.912557e-07,1
"images/TEST/MSIH/TCGA-D5-6530-01Z-00-DX1.5c4bbcd1-51ba-467d-93f9-f2a9e7c5e010_(56683,68684).jpg",0.99999976,1.9492454e-07,1
"images/TEST/MSIH/TCGA-AD-6889-01Z-00-DX1.5269A81E-5391-4875-8F2A-6505BC5BBFD9_(13867,23502).jpg",0.9999999,1.355136e-07,1
"images/TEST/MSIH/TCGA-AA-3715-01Z-00-DX1.24d6e746-ad61-4587-a2b9-8903331b279c_(27488,47166).jpg",0.99999607,3.981685e-06,1
"images/TEST/MSIH/TCGA-QG-A5Z2-01Z-00-DX1.51896C31-235E-48EF-90F7-FC05350CA564_(87813,34724).jpg",0.9999999,1.4678864e-07,1
"images/TEST/MSIH/TCGA-QG-A5Z2-01Z-00-DX1.51896C31-235E-48EF-90F7-FC05350CA564_(78696,13451).jpg",0.99999976,2.2152142e-07,1
"images/TEST/MSIH/TCGA-AA-3811-01Z-00-DX1.369d7946-911e-4e97-8ae7-32ef12b6b106_(13637,94823).jpg",0.9999999,6.3359074e-08,1
"images/TEST/MSIH/TCGA-AA-3811-01Z-00-DX1.369d7946-911e-4e97-8ae7-32ef12b6b106_(9233,108035).jpg",0.9999995,4.803511e-07,1
"images/TEST/MSIH/TCGA-AA-A01P-01Z-00-DX1.D7AAA4F0-C956-4346-8948-DADACDFB3B69_(70036,86782).jpg",0.9999993,6.589928e-07,1
"images/TEST/MSIH/TCGA-CM-6674-01Z-00-DX1.4a08b16a-788e-43dc-85d2-baff6e911de2_(99740,75713).jpg",0.99999857,1.3952531e-06,1
"images/TEST/MSIH/TCGA-AD-A5EJ-01Z-00-DX1.FA56CEAF-8B70-45EF-A2C9-8AA7BEB3D88A_(20030,14963).jpg",0.9999994,6.353709e-07,1
"images/TEST/MSIH/TCGA-AA-3877-01Z-00-DX1.36902310-bc0b-4437-9f86-6df85703e0ad_(46910,74335).jpg",1.0,5.8515813e-08,1
"images/TEST/MSIH/TCGA-AA-3715-01Z-00-DX1.24d6e746-ad61-4587-a2b9-8903331b279c_(31892,47166).jpg",0.9999987,1.3547888e-06,1
"images/TEST/MSIH/TCGA-CM-4743-01Z-00-DX1.f54a6355-5623-498c-96b9-2ff1de6576c6_(55627,36873).jpg",0.9999995,4.6437586e-07,1
"images/TEST/MSIH/TCGA-A6-6653-01Z-00-DX1.e130666d-2681-4382-9e7a-4a4d27cb77a4_(92380,6394).jpg",0.9999993,7.1242965e-07,1
"images/TEST/MSIH/TCGA-AA-3877-01Z-00-DX1.36902310-bc0b-4437-9f86-6df85703e0ad_(48011,80941).jpg",0.9999994,6.126138e-07,1
"images/TEST/MSIH/TCGA-AA-A01P-01Z-00-DX1.D7AAA4F0-C956-4346-8948-DADACDFB3B69_(50218,63661).jpg",0.99999964,3.4753165e-07,1
"images/TEST/MSIH/TCGA-CK-6746-01Z-00-DX1.0aae8eec-1e82-494b-8779-d79fea8bec0c_(34816,59741).jpg",0.99999976,2.8978377e-07,1
"images/TEST/MSIH/TCGA-AA-3811-01Z-00-DX1.369d7946-911e-4e97-8ae7-32ef12b6b106_(9233,104732).jpg",0.99999976,2.3726331e-07,1
"images/TEST/MSIH/TCGA-AA-3950-01Z-00-DX1.2a81cf11-4c16-4e9e-8809-6f63152060da_(45342,85515).jpg",0.9999999,1.1248108e-07,1
"images/TEST/MSIH/TCGA-CM-4746-01Z-00-DX1.c83b9795-bf45-4100-9052-a7e485e0f770_(90037,42443).jpg",0.99999964,3.6985446e-07,1
"images/TEST/MSIH/TCGA-AA-3811-01Z-00-DX1.369d7946-911e-4e97-8ae7-32ef12b6b106_(16940,91520).jpg",0.99999964,3.8619027e-07,1
"images/TEST/MSIH/TCGA-AD-6895-01Z-00-DX1.7FB1FBC6-683B-4285-89D1-A7A20F07A9D4_(17971,12037).jpg",0.99999976,2.0365808e-07,1
"images/TEST/MSIH/TCGA-F4-6703-01Z-00-DX1.28225f5d-d880-4605-831f-f22ec0272cde_(84184,58861).jpg",0.9999999,1.5125711e-07,1
"images/TEST/MSIH/TCGA-CK-6746-01Z-00-DX1.0aae8eec-1e82-494b-8779-d79fea8bec0c_(42944,39421).jpg",0.9999993,7.491126e-07,1
"images/TEST/MSIH/TCGA-QG-A5Z2-01Z-00-DX2.F2352352-8F00-4BB3-8A62-8D1C1E374F95_(31588,25812).jpg",0.9999999,1.1134912e-07,1
"images/TEST/MSIH/TCGA-QG-A5Z2-01Z-00-DX2.F2352352-8F00-4BB3-8A62-8D1C1E374F95_(24497,62280).jpg",0.9999994,5.6891525e-07,1
"images/TEST/MSIH/TCGA-AA-3950-01Z-00-DX1.2a81cf11-4c16-4e9e-8809-6f63152060da_(48645,74505).jpg",0.99999964,3.2270296e-07,1
"images/TEST/MSIH/TCGA-QG-A5Z2-01Z-00-DX2.F2352352-8F00-4BB3-8A62-8D1C1E374F95_(31588,79501).jpg",0.99999964,3.6143186e-07,1
"images/TEST/MSIH/TCGA-QG-A5Z2-01Z-00-DX1.51896C31-235E-48EF-90F7-FC05350CA564_(40202,6360).jpg",0.99999964,3.4385184e-07,1
"images/TEST/MSIH/TCGA-AD-6895-01Z-00-DX1.7FB1FBC6-683B-4285-89D1-A7A20F07A9D4_(13907,7973).jpg",0.9999994,5.776771e-07,1
"images/TEST/MSIH/TCGA-AA-A01P-01Z-00-DX1.D7AAA4F0-C956-4346-8948-DADACDFB3B69_(35905,91186).jpg",0.9999995,4.4748035e-07,1
"images/TEST/MSIH/TCGA-AA-3950-01Z-00-DX1.2a81cf11-4c16-4e9e-8809-6f63152060da_(45342,66798).jpg",0.9999999,1.1601996e-07,1
"images/TEST/MSIH/TCGA-AA-A01P-01Z-00-DX1.D7AAA4F0-C956-4346-8948-DADACDFB3B69_(38107,57055).jpg",0.99999976,2.4170052e-07,1
"images/TEST/MSIH/TCGA-AA-3811-01Z-00-DX1.369d7946-911e-4e97-8ae7-32ef12b6b106_(4829,98126).jpg",0.9999999,1.02323426e-07,1
"images/TEST/MSIH/TCGA-AZ-6598-01Z-00-DX1.1fc4cd61-4524-413b-b36d-ad438785bc06_(69070,53128).jpg",0.9999994,6.0749755e-07,1
"images/TEST/MSIH/TCGA-CK-6746-01Z-00-DX1.0aae8eec-1e82-494b-8779-d79fea8bec0c_(25672,58725).jpg",0.9999999,1.6527264e-07,1
"images/TEST/MSIH/TCGA-QG-A5Z2-01Z-00-DX1.51896C31-235E-48EF-90F7-FC05350CA564_(69579,62075).jpg",0.9999995,4.9908044e-07,1
"images/TEST/MSIH/TCGA-CK-6747-01Z-00-DX1.7824596c-84db-4bee-b149-cd8f617c285f_(87584,30374).jpg",0.99999464,5.333001e-06,1
"images/TEST/MSIH/TCGA-CK-6747-01Z-00-DX1.7824596c-84db-4bee-b149-cd8f617c285f_(78440,2942).jpg",0.9999993,7.072759e-07,1
"images/TEST/MSIH/TCGA-AA-3811-01Z-00-DX1.369d7946-911e-4e97-8ae7-32ef12b6b106_(7031,89318).jpg",0.99999976,2.2590628e-07,1
"images/TEST/MSIH/TCGA-AA-3864-01Z-00-DX1.f6992bc7-ba05-4c30-9500-8f7b07b30f9a_(15800,14627).jpg",0.9999995,4.920604e-07,1
"images/TEST/MSIH/TCGA-AD-6889-01Z-00-DX1.5269A81E-5391-4875-8F2A-6505BC5BBFD9_(34187,58046).jpg",0.99999964,3.4350177e-07,1
"images/TEST/MSIH/TCGA-D5-6927-01Z-00-DX1.ff21d627-dbb8-4200-937b-f8be8b86b6d4_(71470,10395).jpg",0.99999964,4.1472094e-07,1
"images/TEST/MSIH/TCGA-AZ-6598-01Z-00-DX1.1fc4cd61-4524-413b-b36d-ad438785bc06_(73134,41952).jpg",0.99999976,2.9668524e-07,1
"images/TEST/MSIH/TCGA-AA-3950-01Z-00-DX1.2a81cf11-4c16-4e9e-8809-6f63152060da_(49746,70101).jpg",0.9999999,8.283749e-08,1
"images/TEST/MSIH/TCGA-CK-6746-01Z-00-DX1.0aae8eec-1e82-494b-8779-d79fea8bec0c_(24656,46533).jpg",0.99999976,2.1837134e-07,1
"images/TEST/MSIH/TCGA-G4-6309-01Z-00-DX1.3eb20fdc-eb86-4bd5-8194-76b02d4fa472_(46646,55374).jpg",0.99999964,3.0697592e-07,1
"images/TEST/MSIH/TCGA-AA-A01P-01Z-00-DX1.D7AAA4F0-C956-4346-8948-DADACDFB3B69_(48016,59257).jpg",0.99999917,8.1281047e-07,1
"images/TEST/MSIH/TCGA-AA-A01P-01Z-00-DX1.D7AAA4F0-C956-4346-8948-DADACDFB3B69_(66733,84580).jpg",0.99999905,9.82729e-07,1
"images/TEST/MSIH/TCGA-CM-4746-01Z-00-DX1.c83b9795-bf45-4100-9052-a7e485e0f770_(69717,11963).jpg",0.9999995,4.586376e-07,1
"images/TEST/MSIH/TCGA-CK-6746-01Z-00-DX1.0aae8eec-1e82-494b-8779-d79fea8bec0c_(70376,48565).jpg",0.9999995,4.4778514e-07,1
"images/TEST/MSIH/TCGA-A6-6653-01Z-00-DX1.e130666d-2681-4382-9e7a-4a4d27cb77a4_(92380,21634).jpg",0.99999857,1.4016614e-06,1
"images/TEST/MSIH/TCGA-AZ-6598-01Z-00-DX1.1fc4cd61-4524-413b-b36d-ad438785bc06_(60942,46016).jpg",0.9999994,6.213004e-07,1
"images/TEST/MSIH/TCGA-AA-3950-01Z-00-DX1.2a81cf11-4c16-4e9e-8809-6f63152060da_(55251,69000).jpg",1.0,4.6427846e-08,1
"images/TEST/MSIH/TCGA-F4-6703-01Z-00-DX1.28225f5d-d880-4605-831f-f22ec0272cde_(90280,43621).jpg",0.9999999,9.496151e-08,1
"images/TEST/MSIH/TCGA-AD-A5EJ-01Z-00-DX1.FA56CEAF-8B70-45EF-A2C9-8AA7BEB3D88A_(16982,11915).jpg",0.99999964,3.8214372e-07,1
"images/TEST/MSIH/TCGA-QG-A5Z2-01Z-00-DX1.51896C31-235E-48EF-90F7-FC05350CA564_(78696,38776).jpg",0.9999994,5.603392e-07,1
"images/TEST/MSIH/TCGA-G4-6309-01Z-00-DX1.3eb20fdc-eb86-4bd5-8194-76b02d4fa472_(72046,53342).jpg",0.99999833,1.6409895e-06,1
"images/TEST/MSIH/TCGA-AD-A5EJ-01Z-00-DX1.FA56CEAF-8B70-45EF-A2C9-8AA7BEB3D88A_(8854,19027).jpg",0.99999964,3.7532573e-07,1
"images/TEST/MSIH/TCGA-AA-3877-01Z-00-DX1.36902310-bc0b-4437-9f86-6df85703e0ad_(44708,91951).jpg",0.9999994,6.16816e-07,1
"images/TEST/MSIH/TCGA-AA-3877-01Z-00-DX1.36902310-bc0b-4437-9f86-6df85703e0ad_(51314,77638).jpg",0.99999976,2.4022407e-07,1
"images/TEST/MSIH/TCGA-AA-A01P-01Z-00-DX1.D7AAA4F0-C956-4346-8948-DADACDFB3B69_(54622,64762).jpg",0.99999964,3.4683964e-07,1
"images/TEST/MSIH/TCGA-CK-6746-01Z-00-DX1.0aae8eec-1e82-494b-8779-d79fea8bec0c_(30752,57709).jpg",0.99999964,3.6389477e-07,1
"images/TEST/MSIH/TCGA-AD-6889-01Z-00-DX1.5269A81E-5391-4875-8F2A-6505BC5BBFD9_(31139,12326).jpg",0.99999833,1.6250515e-06,1
"images/TEST/MSIH/TCGA-AD-A5EJ-01Z-00-DX1.FA56CEAF-8B70-45EF-A2C9-8AA7BEB3D88A_(27142,25123).jpg",0.9999999,1.4048355e-07,1
"images/TEST/MSIH/TCGA-QG-A5Z2-01Z-00-DX2.F2352352-8F00-4BB3-8A62-8D1C1E374F95_(43744,15682).jpg",0.9999999,9.019114e-08,1
"images/TEST/MSIH/TCGA-AD-6895-01Z-00-DX1.7FB1FBC6-683B-4285-89D1-A7A20F07A9D4_(6795,8989).jpg",0.99999964,3.9263153e-07,1
"images/TEST/MSIH/TCGA-CK-6746-01Z-00-DX1.0aae8eec-1e82-494b-8779-d79fea8bec0c_(41928,44501).jpg",0.9999999,6.8897464e-08,1
"images/TEST/MSIH/TCGA-AA-3864-01Z-00-DX1.f6992bc7-ba05-4c30-9500-8f7b07b30f9a_(13598,14627).jpg",0.9999995,4.4624537e-07,1
"images/TEST/MSIH/TCGA-QG-A5Z2-01Z-00-DX1.51896C31-235E-48EF-90F7-FC05350CA564_(65527,9399).jpg",0.9999999,1.6030985e-07,1
"images/TEST/MSIH/TCGA-QG-A5Z2-01Z-00-DX2.F2352352-8F00-4BB3-8A62-8D1C1E374F95_(74134,70384).jpg",0.9999995,4.4550802e-07,1
"images/TEST/MSIH/TCGA-D5-6530-01Z-00-DX1.5c4bbcd1-51ba-467d-93f9-f2a9e7c5e010_(9947,50396).jpg",0.99999917,8.652033e-07,1
"images/TEST/MSIH/TCGA-AD-6889-01Z-00-DX1.5269A81E-5391-4875-8F2A-6505BC5BBFD9_(10819,8262).jpg",0.9999995,4.4117138e-07,1
"images/TEST/MSIH/TCGA-CK-6747-01Z-00-DX1.7824596c-84db-4bee-b149-cd8f617c285f_(77424,29358).jpg",0.99999857,1.3912245e-06,1
"images/TEST/MSIH/TCGA-AA-3715-01Z-00-DX1.24d6e746-ad61-4587-a2b9-8903331b279c_(47306,52671).jpg",0.9999988,1.2046318e-06,1
"images/TEST/MSIH/TCGA-AA-3811-01Z-00-DX1.369d7946-911e-4e97-8ae7-32ef12b6b106_(13637,100328).jpg",0.99999976,2.3900128e-07,1
"images/TEST/MSIH/TCGA-G4-6309-01Z-00-DX1.3eb20fdc-eb86-4bd5-8194-76b02d4fa472_(32422,55374).jpg",0.99999857,1.4045182e-06,1
"images/TEST/MSIH/TCGA-CK-6747-01Z-00-DX1.7824596c-84db-4bee-b149-cd8f617c285f_(19512,38502).jpg",0.9999994,6.056476e-07,1
"images/TEST/MSIH/TCGA-CM-6674-01Z-00-DX1.4a08b16a-788e-43dc-85d2-baff6e911de2_(78404,68601).jpg",0.99999964,2.995784e-07,1
"images/TEST/MSIH/TCGA-A6-6653-01Z-00-DX1.e130666d-2681-4382-9e7a-4a4d27cb77a4_(88316,9442).jpg",0.9999994,6.4941065e-07,1
"images/TEST/MSIH/TCGA-CK-6746-01Z-00-DX1.0aae8eec-1e82-494b-8779-d79fea8bec0c_(40912,57709).jpg",0.9999994,6.152673e-07,1
"images/TEST/MSIH/TCGA-A6-6653-01Z-00-DX1.e130666d-2681-4382-9e7a-4a4d27cb77a4_(95428,22650).jpg",0.9999995,4.743186e-07,1
"images/TEST/MSIH/TCGA-AA-3950-01Z-00-DX1.2a81cf11-4c16-4e9e-8809-6f63152060da_(38736,81111).jpg",0.9999999,8.6118796e-08,1
"images/TEST/MSIH/TCGA-AA-3715-01Z-00-DX1.24d6e746-ad61-4587-a2b9-8903331b279c_(39599,49368).jpg",0.9999943,5.6975096e-06,1
"images/TEST/MSIH/TCGA-CK-6747-01Z-00-DX1.7824596c-84db-4bee-b149-cd8f617c285f_(32720,7006).jpg",0.9999999,1.314814e-07,1
"images/TEST/MSIH/TCGA-CM-4743-01Z-00-DX1.f54a6355-5623-498c-96b9-2ff1de6576c6_(59691,29761).jpg",0.99999976,2.2472487e-07,1
"images/TEST/MSIH/TCGA-CM-6674-01Z-00-DX1.4a08b16a-788e-43dc-85d2-baff6e911de2_(35732,66569).jpg",0.99998677,1.3187738e-05,1
"images/TEST/MSIH/TCGA-AD-6895-01Z-00-DX1.7FB1FBC6-683B-4285-89D1-A7A20F07A9D4_(13907,3909).jpg",0.9999999,1.4978433e-07,1
"images/TEST/MSIH/TCGA-QG-A5Z2-01Z-00-DX1.51896C31-235E-48EF-90F7-FC05350CA564_(65527,63088).jpg",0.99999964,3.337382e-07,1
"images/TEST/MSIH/TCGA-CK-6746-01Z-00-DX1.0aae8eec-1e82-494b-8779-d79fea8bec0c_(6368,59741).jpg",0.99999976,2.1083845e-07,1
"images/TEST/MSIH/TCGA-D5-6530-01Z-00-DX1.5c4bbcd1-51ba-467d-93f9-f2a9e7c5e010_(36363,60556).jpg",0.9999993,7.1380134e-07,1
"images/TEST/MSIH/TCGA-AD-6889-01Z-00-DX1.5269A81E-5391-4875-8F2A-6505BC5BBFD9_(25043,36710).jpg",0.9999975,2.5462798e-06,1
"images/TEST/MSIH/TCGA-AA-3877-01Z-00-DX1.36902310-bc0b-4437-9f86-6df85703e0ad_(64526,91951).jpg",0.9999999,6.5461386e-08,1
"images/TEST/MSIH/TCGA-CK-6747-01Z-00-DX1.7824596c-84db-4bee-b149-cd8f617c285f_(83520,5990).jpg",0.99999964,3.9583892e-07,1
"images/TEST/MSIH/TCGA-AZ-6598-01Z-00-DX1.1fc4cd61-4524-413b-b36d-ad438785bc06_(71102,54144).jpg",0.9999999,1.14557906e-07,1
"images/TEST/MSIH/TCGA-D5-6927-01Z-00-DX1.ff21d627-dbb8-4200-937b-f8be8b86b6d4_(77566,15475).jpg",0.9999989,1.0648779e-06,1
"images/TEST/MSIH/TCGA-AD-A5EJ-01Z-00-DX1.FA56CEAF-8B70-45EF-A2C9-8AA7BEB3D88A_(16982,10899).jpg",0.9999999,8.7300954e-08,1
"images/TEST/MSIH/TCGA-AA-3877-01Z-00-DX1.36902310-bc0b-4437-9f86-6df85703e0ad_(68930,83143).jpg",0.99999905,9.979564e-07,1
"images/TEST/MSIH/TCGA-AZ-6598-01Z-00-DX1.1fc4cd61-4524-413b-b36d-ad438785bc06_(58910,54144).jpg",0.99999833,1.6523339e-06,1
"images/TEST/MSIH/TCGA-AA-3950-01Z-00-DX1.2a81cf11-4c16-4e9e-8809-6f63152060da_(51948,80010).jpg",0.9999999,5.973802e-08,1
"images/TEST/MSIH/TCGA-D5-6530-01Z-00-DX1.5c4bbcd1-51ba-467d-93f9-f2a9e7c5e010_(66843,68684).jpg",0.9999993,7.0740003e-07,1
"images/TEST/MSIH/TCGA-AA-3877-01Z-00-DX1.36902310-bc0b-4437-9f86-6df85703e0ad_(53516,78739).jpg",0.9999993,7.42321e-07,1
"images/TEST/MSIH/TCGA-G4-6309-01Z-00-DX1.3eb20fdc-eb86-4bd5-8194-76b02d4fa472_(32422,59438).jpg",0.99999917,8.8074296e-07,1
"images/TEST/MSIH/TCGA-CM-4743-01Z-00-DX1.f54a6355-5623-498c-96b9-2ff1de6576c6_(68835,38905).jpg",0.99999917,8.21075e-07,1
"images/TEST/MSIH/TCGA-A6-6653-01Z-00-DX1.e130666d-2681-4382-9e7a-4a4d27cb77a4_(86284,14522).jpg",0.99999976,2.8943606e-07,1
"images/TEST/MSIH/TCGA-AD-6889-01Z-00-DX1.5269A81E-5391-4875-8F2A-6505BC5BBFD9_(19963,11310).jpg",0.9999981,1.9297627e-06,1
"images/TEST/MSIH/TCGA-QG-A5Z2-01Z-00-DX1.51896C31-235E-48EF-90F7-FC05350CA564_(79709,41815).jpg",0.999998,2.048677e-06,1
"images/TEST/MSIH/TCGA-AD-6895-01Z-00-DX1.7FB1FBC6-683B-4285-89D1-A7A20F07A9D4_(15939,2893).jpg",0.99999845,1.5180046e-06,1
"images/TEST/MSIH/TCGA-A6-6653-01Z-00-DX1.e130666d-2681-4382-9e7a-4a4d27cb77a4_(96444,23666).jpg",0.99999976,2.241087e-07,1
"images/TEST/MSIH/TCGA-AA-3811-01Z-00-DX1.369d7946-911e-4e97-8ae7-32ef12b6b106_(10334,103631).jpg",0.9999999,1.1268981e-07,1
"images/TEST/MSIH/TCGA-AZ-6598-01Z-00-DX1.1fc4cd61-4524-413b-b36d-ad438785bc06_(89390,69384).jpg",0.99999666,3.3262083e-06,1
"images/TEST/MSIH/TCGA-CM-6674-01Z-00-DX1.4a08b16a-788e-43dc-85d2-baff6e911de2_(45892,68601).jpg",0.99999905,9.347568e-07,1
"images/TEST/MSIH/TCGA-D5-6927-01Z-00-DX1.ff21d627-dbb8-4200-937b-f8be8b86b6d4_(72486,18523).jpg",0.99999964,3.5536112e-07,1
"images/TEST/MSIH/TCGA-CK-6746-01Z-00-DX1.0aae8eec-1e82-494b-8779-d79fea8bec0c_(63264,58725).jpg",0.9999999,1.4379088e-07,1
"images/TEST/MSIH/TCGA-CK-6747-01Z-00-DX1.7824596c-84db-4bee-b149-cd8f617c285f_(9352,23262).jpg",0.99999964,3.7835025e-07,1
"images/TEST/MSIH/TCGA-AD-6889-01Z-00-DX1.5269A81E-5391-4875-8F2A-6505BC5BBFD9_(52475,16390).jpg",0.99999917,8.2310487e-07,1
"images/TEST/MSIH/TCGA-AA-3715-01Z-00-DX1.24d6e746-ad61-4587-a2b9-8903331b279c_(30791,46065).jpg",0.99999845,1.6031565e-06,1
"images/TEST/MSIH/TCGA-CK-6747-01Z-00-DX1.7824596c-84db-4bee-b149-cd8f617c285f_(44912,34438).jpg",0.9999988,1.2299548e-06,1
"images/TEST/MSIH/TCGA-QG-A5Z2-01Z-00-DX2.F2352352-8F00-4BB3-8A62-8D1C1E374F95_(34627,9604).jpg",0.99999964,3.125317e-07,1
"images/TEST/MSIH/TCGA-AA-A01P-01Z-00-DX1.D7AAA4F0-C956-4346-8948-DADACDFB3B69_(56824,66964).jpg",0.9999994,6.5022493e-07,1
"images/TEST/MSIH/TCGA-AA-3877-01Z-00-DX1.36902310-bc0b-4437-9f86-6df85703e0ad_(52415,71032).jpg",0.9999995,4.6957027e-07,1
"images/TEST/MSIH/TCGA-D5-6927-01Z-00-DX1.ff21d627-dbb8-4200-937b-f8be8b86b6d4_(72486,12427).jpg",0.9999989,1.1116371e-06,1
"images/TEST/MSIH/TCGA-AD-6895-01Z-00-DX1.7FB1FBC6-683B-4285-89D1-A7A20F07A9D4_(5779,6957).jpg",0.9999999,7.868323e-08,1
"images/TEST/MSIH/TCGA-CK-6746-01Z-00-DX1.0aae8eec-1e82-494b-8779-d79fea8bec0c_(37864,42469).jpg",0.99999976,2.5679518e-07,1
"images/TEST/MSIH/TCGA-AZ-6598-01Z-00-DX1.1fc4cd61-4524-413b-b36d-ad438785bc06_(56878,54144).jpg",0.99999976,2.6448575e-07,1
"images/TEST/MSIH/TCGA-CM-6674-01Z-00-DX1.4a08b16a-788e-43dc-85d2-baff6e911de2_(84500,61489).jpg",0.9999999,8.726633e-08,1
"images/TEST/MSIH/TCGA-CM-4743-01Z-00-DX1.f54a6355-5623-498c-96b9-2ff1de6576c6_(30227,63289).jpg",0.9999999,1.1431453e-07,1
"images/TEST/MSIH/TCGA-AA-A01P-01Z-00-DX1.D7AAA4F0-C956-4346-8948-DADACDFB3B69_(54622,85681).jpg",0.9999994,5.476686e-07,1
"images/TEST/MSIH/TCGA-AA-A01P-01Z-00-DX1.D7AAA4F0-C956-4346-8948-DADACDFB3B69_(62329,85681).jpg",0.9999995,4.3594054e-07,1
"images/TEST/MSIH/TCGA-CM-4746-01Z-00-DX1.c83b9795-bf45-4100-9052-a7e485e0f770_(97149,43459).jpg",0.9999994,6.524157e-07,1
"images/TEST/MSIH/TCGA-A6-6653-01Z-00-DX1.e130666d-2681-4382-9e7a-4a4d27cb77a4_(88316,16554).jpg",0.9999999,1.02615616e-07,1
"images/TEST/MSIH/TCGA-CK-6747-01Z-00-DX1.7824596c-84db-4bee-b149-cd8f617c285f_(48976,32406).jpg",0.9999989,1.0453396e-06,1
"images/TEST/MSIH/TCGA-AA-3950-01Z-00-DX1.2a81cf11-4c16-4e9e-8809-6f63152060da_(43140,92121).jpg",1.0,5.1188245e-08,1
"images/TEST/MSIH/TCGA-CM-6674-01Z-00-DX1.4a08b16a-788e-43dc-85d2-baff6e911de2_(37764,65553).jpg",0.99999833,1.6430251e-06,1
"images/TEST/MSIH/TCGA-AD-A5EJ-01Z-00-DX1.FA56CEAF-8B70-45EF-A2C9-8AA7BEB3D88A_(21046,28171).jpg",0.9999995,4.3758703e-07,1
"images/TEST/MSIH/TCGA-AA-A01P-01Z-00-DX1.D7AAA4F0-C956-4346-8948-DADACDFB3B69_(51319,60358).jpg",0.9999987,1.2878633e-06,1
"images/TEST/MSIH/TCGA-CM-6674-01Z-00-DX1.4a08b16a-788e-43dc-85d2-baff6e911de2_(90596,64537).jpg",0.99999976,2.5428022e-07,1
"images/TEST/MSIH/TCGA-A6-6653-01Z-00-DX1.e130666d-2681-4382-9e7a-4a4d27cb77a4_(92380,27730).jpg",0.99999917,8.543262e-07,1
"images/TEST/MSIH/TCGA-AA-3715-01Z-00-DX1.24d6e746-ad61-4587-a2b9-8903331b279c_(45104,43863).jpg",0.99999905,9.951688e-07,1
"images/TEST/MSIH/TCGA-CK-6747-01Z-00-DX1.7824596c-84db-4bee-b149-cd8f617c285f_(73360,29358).jpg",0.9999988,1.2467648e-06,1
"images/TEST/MSIH/TCGA-AA-3877-01Z-00-DX1.36902310-bc0b-4437-9f86-6df85703e0ad_(50213,67729).jpg",0.99999964,3.749297e-07,1
"images/TEST/MSIH/TCGA-AA-3811-01Z-00-DX1.369d7946-911e-4e97-8ae7-32ef12b6b106_(4829,101429).jpg",0.99999976,1.8479284e-07,1
"images/TEST/MSIH/TCGA-G4-6309-01Z-00-DX1.3eb20fdc-eb86-4bd5-8194-76b02d4fa472_(75094,53342).jpg",0.99999905,9.828368e-07,1
"images/TEST/MSIH/TCGA-AA-A01P-01Z-00-DX1.D7AAA4F0-C956-4346-8948-DADACDFB3B69_(38107,88984).jpg",0.9999995,4.8175906e-07,1
"images/TEST/MSIH/TCGA-AA-3877-01Z-00-DX1.36902310-bc0b-4437-9f86-6df85703e0ad_(55718,69931).jpg",0.99999976,2.1175211e-07,1
"images/TEST/MSIH/TCGA-CK-6747-01Z-00-DX1.7824596c-84db-4bee-b149-cd8f617c285f_(26624,28342).jpg",0.9999994,6.116086e-07,1
"images/TEST/MSIH/TCGA-QG-A5Z2-01Z-00-DX1.51896C31-235E-48EF-90F7-FC05350CA564_(57423,15477).jpg",0.9999995,5.205547e-07,1
"images/TEST/MSIH/TCGA-F4-6703-01Z-00-DX1.28225f5d-d880-4605-831f-f22ec0272cde_(86216,47685).jpg",0.99999976,2.5455657e-07,1
"images/TEST/MSIH/TCGA-D5-6530-01Z-00-DX1.5c4bbcd1-51ba-467d-93f9-f2a9e7c5e010_(11979,48364).jpg",0.9999993,6.951256e-07,1
"images/TEST/MSIH/TCGA-QG-A5Z2-01Z-00-DX2.F2352352-8F00-4BB3-8A62-8D1C1E374F95_(34627,21760).jpg",0.99999976,2.6974934e-07,1
"images/TEST/MSIH/TCGA-AZ-6598-01Z-00-DX1.1fc4cd61-4524-413b-b36d-ad438785bc06_(57894,54144).jpg",0.99999976,2.7704442e-07,1
"images/TEST/MSIH/TCGA-QG-A5Z2-01Z-00-DX2.F2352352-8F00-4BB3-8A62-8D1C1E374F95_(39692,12643).jpg",0.99999976,2.142872e-07,1
"images/TEST/MSIH/TCGA-AA-3950-01Z-00-DX1.2a81cf11-4c16-4e9e-8809-6f63152060da_(50847,86616).jpg",0.9999999,6.037053e-08,1
"images/TEST/MSIH/TCGA-D5-6927-01Z-00-DX1.ff21d627-dbb8-4200-937b-f8be8b86b6d4_(65374,22587).jpg",0.99999964,3.9616938e-07,1
"images/TEST/MSIH/TCGA-G4-6309-01Z-00-DX1.3eb20fdc-eb86-4bd5-8194-76b02d4fa472_(63918,47246).jpg",0.99999845,1.5387235e-06,1
"images/TEST/MSIH/TCGA-AA-3950-01Z-00-DX1.2a81cf11-4c16-4e9e-8809-6f63152060da_(47544,80010).jpg",0.9999999,1.1456227e-07,1
"images/TEST/MSIH/TCGA-D5-6927-01Z-00-DX1.ff21d627-dbb8-4200-937b-f8be8b86b6d4_(90774,12427).jpg",0.99999905,9.633096e-07,1
"images/TEST/MSIH/TCGA-CM-4743-01Z-00-DX1.f54a6355-5623-498c-96b9-2ff1de6576c6_(74931,70401).jpg",0.9999999,1.4062256e-07,1
"images/TEST/MSIH/TCGA-AD-A5EJ-01Z-00-DX1.FA56CEAF-8B70-45EF-A2C9-8AA7BEB3D88A_(19014,15979).jpg",0.99999964,3.387153e-07,1
"images/TEST/MSIH/TCGA-CM-6674-01Z-00-DX1.4a08b16a-788e-43dc-85d2-baff6e911de2_(66212,60473).jpg",0.9999999,7.208833e-08,1
"images/TEST/MSIH/TCGA-D5-6530-01Z-00-DX1.5c4bbcd1-51ba-467d-93f9-f2a9e7c5e010_(54651,76812).jpg",0.9999993,7.102554e-07,1
"images/TEST/MSIH/TCGA-AA-A01P-01Z-00-DX1.D7AAA4F0-C956-4346-8948-DADACDFB3B69_(76642,91186).jpg",0.99999964,4.0474862e-07,1
"images/TEST/MSIH/TCGA-QG-A5Z2-01Z-00-DX2.F2352352-8F00-4BB3-8A62-8D1C1E374F95_(10315,44046).jpg",0.99999976,2.4853412e-07,1
"images/TEST/MSIH/TCGA-D5-6530-01Z-00-DX1.5c4bbcd1-51ba-467d-93f9-f2a9e7c5e010_(33315,72748).jpg",0.9999995,4.4584635e-07,1
"images/TEST/MSIH/TCGA-D5-6927-01Z-00-DX1.ff21d627-dbb8-4200-937b-f8be8b86b6d4_(69438,18523).jpg",0.99999917,8.1758776e-07,1
"images/TEST/MSIH/TCGA-A6-6653-01Z-00-DX1.e130666d-2681-4382-9e7a-4a4d27cb77a4_(87300,11474).jpg",0.99999964,3.8278677e-07,1
"images/TEST/MSIH/TCGA-CK-6747-01Z-00-DX1.7824596c-84db-4bee-b149-cd8f617c285f_(52024,44598).jpg",0.9999982,1.8436737e-06,1
"images/TEST/MSIH/TCGA-CM-4743-01Z-00-DX1.f54a6355-5623-498c-96b9-2ff1de6576c6_(67819,33825).jpg",0.9999999,1.2613441e-07,1
"images/TEST/MSIH/TCGA-CK-6747-01Z-00-DX1.7824596c-84db-4bee-b149-cd8f617c285f_(15448,27326).jpg",0.9999993,7.7281237e-07,1
"images/TEST/MSIH/TCGA-QG-A5Z2-01Z-00-DX2.F2352352-8F00-4BB3-8A62-8D1C1E374F95_(29562,16695).jpg",0.9999995,4.2198278e-07,1
"images/TEST/MSIH/TCGA-AZ-6598-01Z-00-DX1.1fc4cd61-4524-413b-b36d-ad438785bc06_(72118,37888).jpg",0.9999994,6.437095e-07,1
"images/TEST/MSIH/TCGA-CK-6746-01Z-00-DX1.0aae8eec-1e82-494b-8779-d79fea8bec0c_(47008,41453).jpg",0.9999999,7.636967e-08,1
"images/TEST/MSIH/TCGA-CK-6747-01Z-00-DX1.7824596c-84db-4bee-b149-cd8f617c285f_(34752,7006).jpg",0.9999994,5.8365663e-07,1
"images/TEST/MSIH/TCGA-AA-3811-01Z-00-DX1.369d7946-911e-4e97-8ae7-32ef12b6b106_(13637,95924).jpg",0.9999999,1.6608162e-07,1
"images/TEST/MSIH/TCGA-AD-A5EJ-01Z-00-DX1.FA56CEAF-8B70-45EF-A2C9-8AA7BEB3D88A_(13934,33251).jpg",0.9999995,4.3738387e-07,1
"images/TEST/MSIH/TCGA-F4-6703-01Z-00-DX1.28225f5d-d880-4605-831f-f22ec0272cde_(75040,60893).jpg",0.9999994,5.6239924e-07,1
"images/TEST/MSIH/TCGA-CK-6747-01Z-00-DX1.7824596c-84db-4bee-b149-cd8f617c285f_(63200,23262).jpg",0.9999999,9.542104e-08,1
"images/TEST/MSIH/TCGA-AA-3950-01Z-00-DX1.2a81cf11-4c16-4e9e-8809-6f63152060da_(35433,83313).jpg",0.9999976,2.3915597e-06,1
"images/TEST/MSIH/TCGA-CK-6747-01Z-00-DX1.7824596c-84db-4bee-b149-cd8f617c285f_(38816,31390).jpg",0.9999989,1.1002347e-06,1
"images/TEST/MSIH/TCGA-AA-3811-01Z-00-DX1.369d7946-911e-4e97-8ae7-32ef12b6b106_(10334,115742).jpg",0.99999976,2.306998e-07,1
"images/TEST/MSIH/TCGA-A6-6653-01Z-00-DX1.e130666d-2681-4382-9e7a-4a4d27cb77a4_(91364,8426).jpg",0.9999999,7.019152e-08,1
"images/TEST/MSIH/TCGA-D5-6927-01Z-00-DX1.ff21d627-dbb8-4200-937b-f8be8b86b6d4_(67406,2267).jpg",0.9999987,1.3479403e-06,1
"images/TEST/MSIH/TCGA-QG-A5Z2-01Z-00-DX2.F2352352-8F00-4BB3-8A62-8D1C1E374F95_(37666,72410).jpg",0.99999905,1.0024194e-06,1
"images/TEST/MSIH/TCGA-AA-3950-01Z-00-DX1.2a81cf11-4c16-4e9e-8809-6f63152060da_(46443,74505).jpg",0.99999976,1.8536065e-07,1
"images/TEST/MSIH/TCGA-QG-A5Z2-01Z-00-DX1.51896C31-235E-48EF-90F7-FC05350CA564_(90852,36750).jpg",0.99999976,2.5837102e-07,1
"images/TEST/MSIH/TCGA-AA-3864-01Z-00-DX1.f6992bc7-ba05-4c30-9500-8f7b07b30f9a_(11396,13526).jpg",0.9999999,1.1635949e-07,1
"images/TEST/MSIH/TCGA-QG-A5Z2-01Z-00-DX2.F2352352-8F00-4BB3-8A62-8D1C1E374F95_(26523,76462).jpg",0.99999976,2.9390515e-07,1
"images/TEST/MSIH/TCGA-D5-6927-01Z-00-DX1.ff21d627-dbb8-4200-937b-f8be8b86b6d4_(70454,11411).jpg",0.9999999,1.4616451e-07,1
"images/TEST/MSIH/TCGA-F4-6703-01Z-00-DX1.28225f5d-d880-4605-831f-f22ec0272cde_(78088,36509).jpg",0.9999999,1.2986409e-07,1
"images/TEST/MSIH/TCGA-QG-A5Z2-01Z-00-DX2.F2352352-8F00-4BB3-8A62-8D1C1E374F95_(14367,65319).jpg",0.9999999,1.1645829e-07,1
"images/TEST/MSIH/TCGA-QG-A5Z2-01Z-00-DX1.51896C31-235E-48EF-90F7-FC05350CA564_(77683,47893).jpg",0.9999989,1.1178038e-06,1
"images/TEST/MSIH/TCGA-AD-6889-01Z-00-DX1.5269A81E-5391-4875-8F2A-6505BC5BBFD9_(14883,37726).jpg",0.9999987,1.2802537e-06,1
"images/TEST/MSIH/TCGA-QG-A5Z2-01Z-00-DX2.F2352352-8F00-4BB3-8A62-8D1C1E374F95_(13354,34929).jpg",0.99999964,3.9570835e-07,1
"images/TEST/MSIH/TCGA-CK-6747-01Z-00-DX1.7824596c-84db-4bee-b149-cd8f617c285f_(64216,37486).jpg",0.9999989,1.0212664e-06,1
"images/TEST/MSIH/TCGA-AD-6889-01Z-00-DX1.5269A81E-5391-4875-8F2A-6505BC5BBFD9_(49427,15374).jpg",0.9999987,1.2783652e-06,1
"images/TEST/MSIH/TCGA-AA-A01P-01Z-00-DX1.D7AAA4F0-C956-4346-8948-DADACDFB3B69_(73339,97792).jpg",0.99999964,3.4923673e-07,1
"images/TEST/MSIH/TCGA-AD-6889-01Z-00-DX1.5269A81E-5391-4875-8F2A-6505BC5BBFD9_(24027,47886).jpg",0.9999989,1.0715956e-06,1
"images/TEST/MSIH/TCGA-AA-3877-01Z-00-DX1.36902310-bc0b-4437-9f86-6df85703e0ad_(51314,94153).jpg",0.99999976,2.9388778e-07,1
"images/TEST/MSIH/TCGA-CK-6746-01Z-00-DX1.0aae8eec-1e82-494b-8779-d79fea8bec0c_(33800,57709).jpg",0.99999976,1.7970515e-07,1
"images/TEST/MSIH/TCGA-QG-A5Z2-01Z-00-DX1.51896C31-235E-48EF-90F7-FC05350CA564_(87813,25607).jpg",0.9999995,5.1768626e-07,1
"images/TEST/MSIH/TCGA-D5-6927-01Z-00-DX1.ff21d627-dbb8-4200-937b-f8be8b86b6d4_(74518,9379).jpg",0.9999995,4.6700595e-07,1
"images/TEST/MSIH/TCGA-G4-6309-01Z-00-DX1.3eb20fdc-eb86-4bd5-8194-76b02d4fa472_(89318,40134).jpg",0.99999857,1.4453428e-06,1
"images/TEST/MSIH/TCGA-AA-3811-01Z-00-DX1.369d7946-911e-4e97-8ae7-32ef12b6b106_(12536,94823).jpg",0.9999995,5.0222025e-07,1
"images/TEST/MSIH/TCGA-AA-A01P-01Z-00-DX1.D7AAA4F0-C956-4346-8948-DADACDFB3B69_(54622,74671).jpg",0.9999995,4.548042e-07,1
"images/TEST/MSIH/TCGA-AA-A01P-01Z-00-DX1.D7AAA4F0-C956-4346-8948-DADACDFB3B69_(33703,91186).jpg",0.9999995,4.447401e-07,1
"images/TEST/MSIH/TCGA-AA-3715-01Z-00-DX1.24d6e746-ad61-4587-a2b9-8903331b279c_(47306,46065).jpg",0.9999995,5.2871593e-07,1
"images/TEST/MSIH/TCGA-CM-6674-01Z-00-DX1.4a08b16a-788e-43dc-85d2-baff6e911de2_(68244,69617).jpg",0.9999999,8.772811e-08,1
"images/TEST/MSIH/TCGA-D5-6530-01Z-00-DX1.5c4bbcd1-51ba-467d-93f9-f2a9e7c5e010_(14011,51412).jpg",0.99999964,3.1274044e-07,1
"images/TEST/MSIH/TCGA-AA-3877-01Z-00-DX1.36902310-bc0b-4437-9f86-6df85703e0ad_(66728,91951).jpg",0.9999993,7.3365305e-07,1
"images/TEST/MSIH/TCGA-CK-6746-01Z-00-DX1.0aae8eec-1e82-494b-8779-d79fea8bec0c_(64280,44501).jpg",0.9999999,1.5026819e-07,1
"images/TEST/MSIH/TCGA-QG-A5Z2-01Z-00-DX2.F2352352-8F00-4BB3-8A62-8D1C1E374F95_(27536,28851).jpg",0.99999964,3.54846e-07,1
"images/TEST/MSIH/TCGA-AZ-6598-01Z-00-DX1.1fc4cd61-4524-413b-b36d-ad438785bc06_(42654,58208).jpg",0.99999976,1.9709103e-07,1
"images/TEST/MSIH/TCGA-G4-6309-01Z-00-DX1.3eb20fdc-eb86-4bd5-8194-76b02d4fa472_(88302,45214).jpg",0.9999987,1.2550724e-06,1
"images/TEST/MSIH/TCGA-CK-6746-01Z-00-DX1.0aae8eec-1e82-494b-8779-d79fea8bec0c_(41928,52629).jpg",0.99999917,8.869221e-07,1
"images/TEST/MSIH/TCGA-CK-6746-01Z-00-DX1.0aae8eec-1e82-494b-8779-d79fea8bec0c_(53104,57709).jpg",0.99999964,3.2067786e-07,1
"images/TEST/MSIH/TCGA-CM-4746-01Z-00-DX1.c83b9795-bf45-4100-9052-a7e485e0f770_(52445,9931).jpg",0.99999964,3.71533e-07,1
"images/TEST/MSIH/TCGA-A6-6653-01Z-00-DX1.e130666d-2681-4382-9e7a-4a4d27cb77a4_(90348,15538).jpg",0.9999995,5.225552e-07,1
"images/TEST/MSIH/TCGA-AA-3715-01Z-00-DX1.24d6e746-ad61-4587-a2b9-8903331b279c_(50609,36156).jpg",0.99999666,3.3662127e-06,1
"images/TEST/MSIH/TCGA-AD-6889-01Z-00-DX1.5269A81E-5391-4875-8F2A-6505BC5BBFD9_(35203,38742).jpg",0.9999994,6.343422e-07,1
"images/TEST/MSIH/TCGA-D5-6530-01Z-00-DX1.5c4bbcd1-51ba-467d-93f9-f2a9e7c5e010_(23155,67668).jpg",0.99999917,8.806153e-07,1
"images/TEST/MSIH/TCGA-D5-6530-01Z-00-DX1.5c4bbcd1-51ba-467d-93f9-f2a9e7c5e010_(61763,62588).jpg",0.99999964,3.4377575e-07,1
"images/TEST/MSIH/TCGA-AD-6895-01Z-00-DX1.7FB1FBC6-683B-4285-89D1-A7A20F07A9D4_(8827,5941).jpg",0.9999999,1.1399718e-07,1
"images/TEST/MSIH/TCGA-CM-4746-01Z-00-DX1.c83b9795-bf45-4100-9052-a7e485e0f770_(59557,28219).jpg",0.99999976,2.4451253e-07,1
"images/TEST/MSIH/TCGA-A6-6653-01Z-00-DX1.e130666d-2681-4382-9e7a-4a4d27cb77a4_(88316,13506).jpg",0.9999999,1.7824516e-07,1
"images/TEST/MSIH/TCGA-AD-A5EJ-01Z-00-DX1.FA56CEAF-8B70-45EF-A2C9-8AA7BEB3D88A_(10886,21059).jpg",0.99999964,3.2178716e-07,1
"images/TEST/MSIH/TCGA-CK-6747-01Z-00-DX1.7824596c-84db-4bee-b149-cd8f617c285f_(46944,11070).jpg",0.99999964,3.5148406e-07,1
"images/TEST/MSIH/TCGA-F4-6703-01Z-00-DX1.28225f5d-d880-4605-831f-f22ec0272cde_(71992,40573).jpg",0.9999999,9.937067e-08,1
"images/TEST/MSIH/TCGA-CK-6747-01Z-00-DX1.7824596c-84db-4bee-b149-cd8f617c285f_(70312,11070).jpg",0.9999999,1.2606874e-07,1
"images/TEST/MSIH/TCGA-A6-6653-01Z-00-DX1.e130666d-2681-4382-9e7a-4a4d27cb77a4_(100508,5378).jpg",0.99999976,2.7929772e-07,1
"images/TEST/MSIH/TCGA-AA-3877-01Z-00-DX1.36902310-bc0b-4437-9f86-6df85703e0ad_(70031,90850).jpg",0.9999988,1.168389e-06,1
"images/TEST/MSIH/TCGA-G4-6309-01Z-00-DX1.3eb20fdc-eb86-4bd5-8194-76b02d4fa472_(35470,58422).jpg",0.9999987,1.3694429e-06,1
"images/TEST/MSIH/TCGA-CK-6746-01Z-00-DX1.0aae8eec-1e82-494b-8779-d79fea8bec0c_(43960,45517).jpg",0.99999976,1.9516766e-07,1
"images/TEST/MSIH/TCGA-AA-3877-01Z-00-DX1.36902310-bc0b-4437-9f86-6df85703e0ad_(70031,85345).jpg",0.99999976,2.6292977e-07,1
"images/TEST/MSIH/TCGA-D5-6927-01Z-00-DX1.ff21d627-dbb8-4200-937b-f8be8b86b6d4_(78582,13443).jpg",0.99999905,9.126018e-07,1
"images/TEST/MSIH/TCGA-CM-6674-01Z-00-DX1.4a08b16a-788e-43dc-85d2-baff6e911de2_(72308,57425).jpg",0.9999981,1.947764e-06,1
"images/TEST/MSIH/TCGA-D5-6530-01Z-00-DX1.5c4bbcd1-51ba-467d-93f9-f2a9e7c5e010_(29251,72748).jpg",0.99999964,4.13032e-07,1
"images/TEST/MSIH/TCGA-D5-6530-01Z-00-DX1.5c4bbcd1-51ba-467d-93f9-f2a9e7c5e010_(74971,63604).jpg",0.99999917,7.9395596e-07,1
"images/TEST/MSIH/TCGA-QG-A5Z2-01Z-00-DX2.F2352352-8F00-4BB3-8A62-8D1C1E374F95_(41718,18721).jpg",0.9999999,1.3730492e-07,1
"images/TEST/MSIH/TCGA-CM-6674-01Z-00-DX1.4a08b16a-788e-43dc-85d2-baff6e911de2_(22524,72665).jpg",0.9999982,1.7959893e-06,1
"images/TEST/MSIH/TCGA-CM-4746-01Z-00-DX1.c83b9795-bf45-4100-9052-a7e485e0f770_(51429,12979).jpg",0.99999917,8.33176e-07,1
"images/TEST/MSIH/TCGA-D5-6530-01Z-00-DX1.5c4bbcd1-51ba-467d-93f9-f2a9e7c5e010_(39411,70716).jpg",0.9999995,5.223798e-07,1
"images/TEST/MSIH/TCGA-CM-6674-01Z-00-DX1.4a08b16a-788e-43dc-85d2-baff6e911de2_(23540,54377).jpg",0.9999994,5.717392e-07,1
"images/TEST/MSIH/TCGA-AA-A01P-01Z-00-DX1.D7AAA4F0-C956-4346-8948-DADACDFB3B69_(59026,87883).jpg",0.9999993,7.4497615e-07,1
"images/TEST/MSIH/TCGA-AA-3877-01Z-00-DX1.36902310-bc0b-4437-9f86-6df85703e0ad_(49112,73234).jpg",0.99999964,3.3636093e-07,1
"images/TEST/MSIH/TCGA-AA-3811-01Z-00-DX1.369d7946-911e-4e97-8ae7-32ef12b6b106_(12536,101429).jpg",0.9999999,1.7078034e-07,1
"images/TEST/MSIH/TCGA-F4-6703-01Z-00-DX1.28225f5d-d880-4605-831f-f22ec0272cde_(77072,59877).jpg",0.9999994,5.973564e-07,1
"images/TEST/MSIH/TCGA-QG-A5Z2-01Z-00-DX1.51896C31-235E-48EF-90F7-FC05350CA564_(38176,7373).jpg",0.9999994,6.4135895e-07,1
"images/TEST/MSIH/TCGA-AZ-6598-01Z-00-DX1.1fc4cd61-4524-413b-b36d-ad438785bc06_(87358,66336).jpg",0.9999995,4.342666e-07,1
"images/TEST/MSIH/TCGA-D5-6530-01Z-00-DX1.5c4bbcd1-51ba-467d-93f9-f2a9e7c5e010_(66843,75796).jpg",0.99999964,2.984842e-07,1
"images/TEST/MSIH/TCGA-AA-3864-01Z-00-DX1.f6992bc7-ba05-4c30-9500-8f7b07b30f9a_(9194,17930).jpg",0.9999989,1.0858995e-06,1
"images/TEST/MSIH/TCGA-CM-6674-01Z-00-DX1.4a08b16a-788e-43dc-85d2-baff6e911de2_(17444,69617).jpg",0.99999976,2.918684e-07,1
"images/TEST/MSIH/TCGA-AZ-6598-01Z-00-DX1.1fc4cd61-4524-413b-b36d-ad438785bc06_(69070,51096).jpg",0.9999999,7.912206e-08,1
"images/TEST/MSIH/TCGA-CK-6747-01Z-00-DX1.7824596c-84db-4bee-b149-cd8f617c285f_(62184,30374).jpg",0.9999989,1.1085954e-06,1
"images/TEST/MSIH/TCGA-G4-6309-01Z-00-DX1.3eb20fdc-eb86-4bd5-8194-76b02d4fa472_(92366,44198).jpg",0.9999999,1.11922525e-07,1
"images/TEST/MSIH/TCGA-QG-A5Z2-01Z-00-DX1.51896C31-235E-48EF-90F7-FC05350CA564_(49319,15477).jpg",0.99999964,3.830592e-07,1
"images/TEST/MSIH/TCGA-AZ-6598-01Z-00-DX1.1fc4cd61-4524-413b-b36d-ad438785bc06_(84310,53128).jpg",0.99999976,2.8035157e-07,1
"images/TEST/MSIH/TCGA-G4-6309-01Z-00-DX1.3eb20fdc-eb86-4bd5-8194-76b02d4fa472_(78142,52326).jpg",0.9999995,5.156837e-07,1
"images/TEST/MSIH/TCGA-AA-3877-01Z-00-DX1.36902310-bc0b-4437-9f86-6df85703e0ad_(42506,83143).jpg",0.99999905,9.912729e-07,1
"images/TEST/MSIH/TCGA-D5-6530-01Z-00-DX1.5c4bbcd1-51ba-467d-93f9-f2a9e7c5e010_(50587,76812).jpg",0.9999993,7.1447016e-07,1
"images/TEST/MSIH/TCGA-QG-A5Z2-01Z-00-DX1.51896C31-235E-48EF-90F7-FC05350CA564_(68566,52958).jpg",0.99999964,3.7703987e-07,1
"images/TEST/MSIH/TCGA-CM-4746-01Z-00-DX1.c83b9795-bf45-4100-9052-a7e485e0f770_(18917,18059).jpg",0.99999964,3.411805e-07,1
"images/TEST/MSIH/TCGA-F4-6703-01Z-00-DX1.28225f5d-d880-4605-831f-f22ec0272cde_(81136,58861).jpg",0.99999964,4.045896e-07,1
"images/TEST/MSIH/TCGA-CK-6747-01Z-00-DX1.7824596c-84db-4bee-b149-cd8f617c285f_(42880,25294).jpg",1.0,4.983404e-08,1
"images/TEST/MSIH/TCGA-G4-6309-01Z-00-DX1.3eb20fdc-eb86-4bd5-8194-76b02d4fa472_(49694,61470).jpg",0.99999964,4.039712e-07,1
"images/TEST/MSIH/TCGA-AA-A01P-01Z-00-DX1.D7AAA4F0-C956-4346-8948-DADACDFB3B69_(60127,64762).jpg",0.99999964,3.7045598e-07,1
"images/TEST/MSIH/TCGA-CM-4743-01Z-00-DX1.f54a6355-5623-498c-96b9-2ff1de6576c6_(35307,68369).jpg",0.99999976,2.1421506e-07,1
"images/TEST/MSIH/TCGA-CK-6746-01Z-00-DX1.0aae8eec-1e82-494b-8779-d79fea8bec0c_(20592,57709).jpg",0.9999999,1.0081662e-07,1
"images/TEST/MSIH/TCGA-A6-6653-01Z-00-DX1.e130666d-2681-4382-9e7a-4a4d27cb77a4_(87300,17570).jpg",0.99999976,2.1803713e-07,1
"images/TEST/MSIH/TCGA-AD-A5EJ-01Z-00-DX1.FA56CEAF-8B70-45EF-A2C9-8AA7BEB3D88A_(21046,25123).jpg",0.99999976,2.8467554e-07,1
"images/TEST/MSIH/TCGA-AD-6889-01Z-00-DX1.5269A81E-5391-4875-8F2A-6505BC5BBFD9_(38251,27566).jpg",0.9999995,5.0779823e-07,1
"images/TEST/MSIH/TCGA-A6-6653-01Z-00-DX1.e130666d-2681-4382-9e7a-4a4d27cb77a4_(90348,4362).jpg",0.99999917,8.709619e-07,1
"images/TEST/MSIH/TCGA-CK-6746-01Z-00-DX1.0aae8eec-1e82-494b-8779-d79fea8bec0c_(51072,55677).jpg",0.9999999,1.6398178e-07,1
"images/TEST/MSIH/TCGA-CM-4743-01Z-00-DX1.f54a6355-5623-498c-96b9-2ff1de6576c6_(78995,54145).jpg",0.99999964,3.8543743e-07,1
"images/TEST/MSIH/TCGA-F4-6703-01Z-00-DX1.28225f5d-d880-4605-831f-f22ec0272cde_(95360,55813).jpg",0.99999976,1.8633172e-07,1
"images/TEST/MSIH/TCGA-QG-A5Z2-01Z-00-DX1.51896C31-235E-48EF-90F7-FC05350CA564_(79709,13451).jpg",0.99999857,1.4835745e-06,1
"images/TEST/MSIH/TCGA-D5-6530-01Z-00-DX1.5c4bbcd1-51ba-467d-93f9-f2a9e7c5e010_(78019,66652).jpg",0.99999976,2.6515275e-07,1
"images/TEST/MSIH/TCGA-CK-6747-01Z-00-DX1.7824596c-84db-4bee-b149-cd8f617c285f_(47960,33422).jpg",0.99999976,2.7999462e-07,1
"images/TEST/MSIH/TCGA-CK-6747-01Z-00-DX1.7824596c-84db-4bee-b149-cd8f617c285f_(45928,39518).jpg",0.9999993,6.944517e-07,1
"images/TEST/MSIH/TCGA-AA-3811-01Z-00-DX1.369d7946-911e-4e97-8ae7-32ef12b6b106_(11435,100328).jpg",0.9999995,4.8987937e-07,1
"images/TEST/MSIH/TCGA-D5-6927-01Z-00-DX1.ff21d627-dbb8-4200-937b-f8be8b86b6d4_(73502,3283).jpg",0.9999995,4.2100436e-07,1
"images/TEST/MSIH/TCGA-D5-6927-01Z-00-DX1.ff21d627-dbb8-4200-937b-f8be8b86b6d4_(68422,14459).jpg",0.99999976,1.8533679e-07,1
"images/TEST/MSIH/TCGA-G4-6309-01Z-00-DX1.3eb20fdc-eb86-4bd5-8194-76b02d4fa472_(41566,57406).jpg",0.9999994,5.917876e-07,1
"images/TEST/MSIH/TCGA-AA-3811-01Z-00-DX1.369d7946-911e-4e97-8ae7-32ef12b6b106_(15839,89318).jpg",0.99999964,3.5667404e-07,1
"images/TEST/MSIH/TCGA-D5-6927-01Z-00-DX1.ff21d627-dbb8-4200-937b-f8be8b86b6d4_(73502,15475).jpg",0.9999993,6.5911536e-07,1
"images/TEST/MSIH/TCGA-A6-6653-01Z-00-DX1.e130666d-2681-4382-9e7a-4a4d27cb77a4_(93396,25698).jpg",0.99999964,3.9662794e-07,1
"images/TEST/MSIH/TCGA-AD-A5EJ-01Z-00-DX1.FA56CEAF-8B70-45EF-A2C9-8AA7BEB3D88A_(17998,22075).jpg",0.99999964,3.130836e-07,1
"images/TEST/MSIH/TCGA-CK-6747-01Z-00-DX1.7824596c-84db-4bee-b149-cd8f617c285f_(23576,11070).jpg",0.9999993,7.3363486e-07,1
"images/TEST/MSIH/TCGA-AA-3811-01Z-00-DX1.369d7946-911e-4e97-8ae7-32ef12b6b106_(8132,110237).jpg",0.9999995,4.817706e-07,1
"images/TEST/MSIH/TCGA-CK-6746-01Z-00-DX1.0aae8eec-1e82-494b-8779-d79fea8bec0c_(62248,48565).jpg",0.9999993,6.966268e-07,1
"images/TEST/MSIH/TCGA-AA-3877-01Z-00-DX1.36902310-bc0b-4437-9f86-6df85703e0ad_(65627,91951).jpg",0.99999905,9.019852e-07,1
"images/TEST/MSIH/TCGA-A6-6653-01Z-00-DX1.e130666d-2681-4382-9e7a-4a4d27cb77a4_(93396,5378).jpg",0.99999964,3.2548436e-07,1
"images/TEST/MSIH/TCGA-G4-6309-01Z-00-DX1.3eb20fdc-eb86-4bd5-8194-76b02d4fa472_(84238,50294).jpg",0.99999976,2.2477525e-07,1
"images/TEST/MSIH/TCGA-CK-6746-01Z-00-DX1.0aae8eec-1e82-494b-8779-d79fea8bec0c_(24656,54661).jpg",0.9999999,7.363335e-08,1
"images/TEST/MSIH/TCGA-F4-6703-01Z-00-DX1.28225f5d-d880-4605-831f-f22ec0272cde_(66912,64957).jpg",0.9999999,1.5229624e-07,1
"images/TEST/MSIH/TCGA-AA-3950-01Z-00-DX1.2a81cf11-4c16-4e9e-8809-6f63152060da_(39837,85515).jpg",0.9999999,6.7359245e-08,1
"images/TEST/MSIH/TCGA-QG-A5Z2-01Z-00-DX1.51896C31-235E-48EF-90F7-FC05350CA564_(73631,61062).jpg",0.9999994,5.405483e-07,1
"images/TEST/MSIH/TCGA-QG-A5Z2-01Z-00-DX2.F2352352-8F00-4BB3-8A62-8D1C1E374F95_(70082,73423).jpg",0.9999995,4.4911607e-07,1
"images/TEST/MSIH/TCGA-CM-4743-01Z-00-DX1.f54a6355-5623-498c-96b9-2ff1de6576c6_(76963,25697).jpg",0.99999976,1.9981556e-07,1
"images/TEST/MSIH/TCGA-AD-A5EJ-01Z-00-DX1.FA56CEAF-8B70-45EF-A2C9-8AA7BEB3D88A_(29174,18011).jpg",0.99999976,2.453827e-07,1
"images/TEST/MSIH/TCGA-AD-6895-01Z-00-DX1.7FB1FBC6-683B-4285-89D1-A7A20F07A9D4_(11875,12037).jpg",1.0,5.705029e-08,1
"images/TEST/MSIH/TCGA-AZ-6598-01Z-00-DX1.1fc4cd61-4524-413b-b36d-ad438785bc06_(75166,54144).jpg",0.9999999,7.0745415e-08,1
"images/TEST/MSIH/TCGA-CM-4746-01Z-00-DX1.c83b9795-bf45-4100-9052-a7e485e0f770_(46349,24155).jpg",0.99999976,1.8411066e-07,1
"images/TEST/MSIH/TCGA-D5-6927-01Z-00-DX1.ff21d627-dbb8-4200-937b-f8be8b86b6d4_(63342,10395).jpg",0.99999976,2.3528023e-07,1
"images/TEST/MSIH/TCGA-CM-4746-01Z-00-DX1.c83b9795-bf45-4100-9052-a7e485e0f770_(96133,42443).jpg",0.99999905,9.68577e-07,1
"images/TEST/MSIH/TCGA-AA-3950-01Z-00-DX1.2a81cf11-4c16-4e9e-8809-6f63152060da_(39837,66798).jpg",0.9999999,9.262489e-08,1
"images/TEST/MSIH/TCGA-AA-3715-01Z-00-DX1.24d6e746-ad61-4587-a2b9-8903331b279c_(38498,53772).jpg",0.99999475,5.284324e-06,1
"images/TEST/MSIH/TCGA-D5-6927-01Z-00-DX1.ff21d627-dbb8-4200-937b-f8be8b86b6d4_(65374,23603).jpg",0.99999917,8.489504e-07,1
"images/TEST/MSIH/TCGA-QG-A5Z2-01Z-00-DX1.51896C31-235E-48EF-90F7-FC05350CA564_(79709,20542).jpg",0.99999976,1.8248568e-07,1
"images/TEST/MSIH/TCGA-D5-6927-01Z-00-DX1.ff21d627-dbb8-4200-937b-f8be8b86b6d4_(60294,11411).jpg",0.99999976,2.0104385e-07,1
"images/TEST/MSIH/TCGA-CM-4743-01Z-00-DX1.f54a6355-5623-498c-96b9-2ff1de6576c6_(68835,41953).jpg",0.99999964,3.4794684e-07,1
"images/TEST/MSIH/TCGA-AD-A5EJ-01Z-00-DX1.FA56CEAF-8B70-45EF-A2C9-8AA7BEB3D88A_(13934,20043).jpg",0.9999994,5.4382963e-07,1
"images/TEST/MSIH/TCGA-AD-A5EJ-01Z-00-DX1.FA56CEAF-8B70-45EF-A2C9-8AA7BEB3D88A_(17998,24107).jpg",0.9999994,5.7588943e-07,1
"images/TEST/MSIH/TCGA-AD-6889-01Z-00-DX1.5269A81E-5391-4875-8F2A-6505BC5BBFD9_(27075,16390).jpg",0.9999993,6.721448e-07,1
"images/TEST/MSIH/TCGA-CM-4743-01Z-00-DX1.f54a6355-5623-498c-96b9-2ff1de6576c6_(37339,45001).jpg",0.9999995,5.1867903e-07,1
"images/TEST/MSIH/TCGA-AA-3811-01Z-00-DX1.369d7946-911e-4e97-8ae7-32ef12b6b106_(13637,110237).jpg",0.9999994,6.0958797e-07,1
"images/TEST/MSIH/TCGA-AZ-6598-01Z-00-DX1.1fc4cd61-4524-413b-b36d-ad438785bc06_(73134,65320).jpg",0.9999999,9.886779e-08,1
"images/TEST/MSIH/TCGA-CK-6746-01Z-00-DX1.0aae8eec-1e82-494b-8779-d79fea8bec0c_(65296,61773).jpg",0.9999995,4.1896809e-07,1
"images/TEST/MSIH/TCGA-AD-6889-01Z-00-DX1.5269A81E-5391-4875-8F2A-6505BC5BBFD9_(38251,50934).jpg",0.99999905,9.902157e-07,1
"images/TEST/MSIH/TCGA-CM-6674-01Z-00-DX1.4a08b16a-788e-43dc-85d2-baff6e911de2_(39796,78761).jpg",0.99999964,3.212561e-07,1
"images/TEST/MSIH/TCGA-AA-3950-01Z-00-DX1.2a81cf11-4c16-4e9e-8809-6f63152060da_(37635,93222).jpg",0.9999999,1.01560644e-07,1
"images/TEST/MSIH/TCGA-F4-6703-01Z-00-DX1.28225f5d-d880-4605-831f-f22ec0272cde_(88248,46669).jpg",0.9999999,6.289623e-08,1
"images/TEST/MSIH/TCGA-AD-6895-01Z-00-DX1.7FB1FBC6-683B-4285-89D1-A7A20F07A9D4_(17971,7973).jpg",0.99999917,8.561613e-07,1
"images/TEST/MSIH/TCGA-CM-4746-01Z-00-DX1.c83b9795-bf45-4100-9052-a7e485e0f770_(33141,32283).jpg",0.9999999,1.593093e-07,1
"images/TEST/MSIH/TCGA-CM-6674-01Z-00-DX1.4a08b16a-788e-43dc-85d2-baff6e911de2_(22524,73681).jpg",0.9999989,1.0188286e-06,1
"images/TEST/MSIH/TCGA-AA-3864-01Z-00-DX1.f6992bc7-ba05-4c30-9500-8f7b07b30f9a_(13598,13526).jpg",0.99999964,3.0944108e-07,1
"images/TEST/MSIH/TCGA-AA-3864-01Z-00-DX1.f6992bc7-ba05-4c30-9500-8f7b07b30f9a_(18002,10223).jpg",0.99999845,1.5673344e-06,1
"images/TEST/MSIH/TCGA-AD-6889-01Z-00-DX1.5269A81E-5391-4875-8F2A-6505BC5BBFD9_(41299,35694).jpg",0.9999995,4.5848364e-07,1
"images/TEST/MSIH/TCGA-QG-A5Z2-01Z-00-DX1.51896C31-235E-48EF-90F7-FC05350CA564_(87813,36750).jpg",0.99999976,2.6975346e-07,1
"images/TEST/MSIH/TCGA-AD-A5EJ-01Z-00-DX1.FA56CEAF-8B70-45EF-A2C9-8AA7BEB3D88A_(25110,14963).jpg",0.9999999,1.499055e-07,1
"images/TEST/MSIH/TCGA-CM-6674-01Z-00-DX1.4a08b16a-788e-43dc-85d2-baff6e911de2_(39796,72665).jpg",0.9999999,6.0846816e-08,1
"images/TEST/MSIH/TCGA-CM-4743-01Z-00-DX1.f54a6355-5623-498c-96b9-2ff1de6576c6_(72899,66337).jpg",0.99999964,3.5028341e-07,1
"images/TEST/MSIH/TCGA-G4-6309-01Z-00-DX1.3eb20fdc-eb86-4bd5-8194-76b02d4fa472_(94398,39118).jpg",0.99999857,1.3793518e-06,1
"images/TEST/MSIH/TCGA-AA-3864-01Z-00-DX1.f6992bc7-ba05-4c30-9500-8f7b07b30f9a_(15800,13526).jpg",0.9999994,6.470318e-07,1
"images/TEST/MSIH/TCGA-CM-4746-01Z-00-DX1.c83b9795-bf45-4100-9052-a7e485e0f770_(95117,42443).jpg",0.9999995,5.0360774e-07,1
"images/TEST/MSIH/TCGA-CM-4743-01Z-00-DX1.f54a6355-5623-498c-96b9-2ff1de6576c6_(17019,47033).jpg",0.9999999,7.158384e-08,1
"images/TEST/MSIH/TCGA-D5-6530-01Z-00-DX1.5c4bbcd1-51ba-467d-93f9-f2a9e7c5e010_(44491,63604).jpg",0.99999976,2.1820189e-07,1
"images/TEST/MSIH/TCGA-G4-6309-01Z-00-DX1.3eb20fdc-eb86-4bd5-8194-76b02d4fa472_(64934,49278).jpg",0.99999976,2.349336e-07,1
"images/TEST/MSIH/TCGA-QG-A5Z2-01Z-00-DX2.F2352352-8F00-4BB3-8A62-8D1C1E374F95_(27536,78488).jpg",0.9999999,9.31008e-08,1
"images/TEST/MSIH/TCGA-D5-6927-01Z-00-DX1.ff21d627-dbb8-4200-937b-f8be8b86b6d4_(79598,10395).jpg",0.99999976,2.9280986e-07,1
"images/TEST/MSIH/TCGA-AD-6889-01Z-00-DX1.5269A81E-5391-4875-8F2A-6505BC5BBFD9_(8787,23502).jpg",0.9999968,3.2160017e-06,1
"images/TEST/MSIH/TCGA-AA-A01P-01Z-00-DX1.D7AAA4F0-C956-4346-8948-DADACDFB3B69_(40309,57055).jpg",0.9999999,1.4791213e-07,1
"images/TEST/MSIH/TCGA-CM-6674-01Z-00-DX1.4a08b16a-788e-43dc-85d2-baff6e911de2_(43860,61489).jpg",0.9999994,6.316854e-07,1
"images/TEST/MSIH/TCGA-AA-3950-01Z-00-DX1.2a81cf11-4c16-4e9e-8809-6f63152060da_(49746,87717).jpg",0.99999976,2.7847645e-07,1
"images/TEST/MSIH/TCGA-AD-A5EJ-01Z-00-DX1.FA56CEAF-8B70-45EF-A2C9-8AA7BEB3D88A_(16982,18011).jpg",0.99999976,2.3636446e-07,1
"images/TEST/MSIH/TCGA-G4-6309-01Z-00-DX1.3eb20fdc-eb86-4bd5-8194-76b02d4fa472_(31406,64518).jpg",0.9999937,6.3325033e-06,1
"images/TEST/MSIH/TCGA-AA-3877-01Z-00-DX1.36902310-bc0b-4437-9f86-6df85703e0ad_(53516,95254).jpg",0.99999964,3.560039e-07,1
"images/TEST/MSIH/TCGA-F4-6703-01Z-00-DX1.28225f5d-d880-4605-831f-f22ec0272cde_(100440,65973).jpg",0.99999857,1.4663658e-06,1
"images/TEST/MSIH/TCGA-AA-3864-01Z-00-DX1.f6992bc7-ba05-4c30-9500-8f7b07b30f9a_(16901,11324).jpg",0.99999976,2.8928955e-07,1
"images/TEST/MSIH/TCGA-AA-3715-01Z-00-DX1.24d6e746-ad61-4587-a2b9-8903331b279c_(18680,46065).jpg",0.9999993,7.424144e-07,1
"images/TEST/MSIH/TCGA-AA-A01P-01Z-00-DX1.D7AAA4F0-C956-4346-8948-DADACDFB3B69_(42511,64762).jpg",0.99999964,3.493593e-07,1
"images/TEST/MSIH/TCGA-D5-6530-01Z-00-DX1.5c4bbcd1-51ba-467d-93f9-f2a9e7c5e010_(63795,74780).jpg",0.99999976,2.8970808e-07,1
"images/TEST/MSIH/TCGA-AA-3811-01Z-00-DX1.369d7946-911e-4e97-8ae7-32ef12b6b106_(18041,89318).jpg",0.9999999,8.8195016e-08,1
"images/TEST/MSIH/TCGA-AD-A5EJ-01Z-00-DX1.FA56CEAF-8B70-45EF-A2C9-8AA7BEB3D88A_(15966,31219).jpg",0.99999964,3.8197211e-07,1
"images/TEST/MSIH/TCGA-CK-6746-01Z-00-DX1.0aae8eec-1e82-494b-8779-d79fea8bec0c_(42944,67869).jpg",0.99999964,3.639621e-07,1
"images/TEST/MSIH/TCGA-QG-A5Z2-01Z-00-DX2.F2352352-8F00-4BB3-8A62-8D1C1E374F95_(30575,25812).jpg",0.9999999,1.6997328e-07,1
"images/TEST/MSIH/TCGA-AA-3811-01Z-00-DX1.369d7946-911e-4e97-8ae7-32ef12b6b106_(16940,92621).jpg",0.9999999,1.5788409e-07,1
"images/TEST/MSIH/TCGA-F4-6703-01Z-00-DX1.28225f5d-d880-4605-831f-f22ec0272cde_(88248,50733).jpg",0.99999976,2.477912e-07,1
"images/TEST/MSIH/TCGA-AD-6889-01Z-00-DX1.5269A81E-5391-4875-8F2A-6505BC5BBFD9_(15899,18422).jpg",0.99999964,4.1132995e-07,1
"images/TEST/MSIH/TCGA-AA-A01P-01Z-00-DX1.D7AAA4F0-C956-4346-8948-DADACDFB3B69_(60127,94489).jpg",0.9999995,4.809608e-07,1
"images/TEST/MSIH/TCGA-CK-6746-01Z-00-DX1.0aae8eec-1e82-494b-8779-d79fea8bec0c_(55136,38405).jpg",0.9999999,1.714226e-07,1
"images/TEST/MSIH/TCGA-CM-4746-01Z-00-DX1.c83b9795-bf45-4100-9052-a7e485e0f770_(36189,6883).jpg",0.9999987,1.3327497e-06,1
"images/TEST/MSIH/TCGA-D5-6927-01Z-00-DX1.ff21d627-dbb8-4200-937b-f8be8b86b6d4_(90774,16491).jpg",0.99999964,3.0232943e-07,1
"images/TEST/MSIH/TCGA-AD-6889-01Z-00-DX1.5269A81E-5391-4875-8F2A-6505BC5BBFD9_(36219,31630).jpg",0.99999964,3.9543147e-07,1
"images/TEST/MSIH/TCGA-CK-6746-01Z-00-DX1.0aae8eec-1e82-494b-8779-d79fea8bec0c_(10432,60757).jpg",0.99999976,2.1803548e-07,1
"images/TEST/MSIH/TCGA-G4-6309-01Z-00-DX1.3eb20fdc-eb86-4bd5-8194-76b02d4fa472_(79158,41150).jpg",0.99999964,3.0928382e-07,1
"images/TEST/MSIH/TCGA-D5-6927-01Z-00-DX1.ff21d627-dbb8-4200-937b-f8be8b86b6d4_(67406,3283).jpg",0.9999995,4.6310396e-07,1
"images/TEST/MSIH/TCGA-AZ-6598-01Z-00-DX1.1fc4cd61-4524-413b-b36d-ad438785bc06_(69070,56176).jpg",0.9999999,1.3897524e-07,1
"images/TEST/MSIH/TCGA-D5-6927-01Z-00-DX1.ff21d627-dbb8-4200-937b-f8be8b86b6d4_(65374,6331).jpg",0.99999857,1.4730051e-06,1
"images/TEST/MSIH/TCGA-QG-A5Z2-01Z-00-DX2.F2352352-8F00-4BB3-8A62-8D1C1E374F95_(31588,72410).jpg",0.9999995,4.3490653e-07,1
"images/TEST/MSIH/TCGA-AD-6889-01Z-00-DX1.5269A81E-5391-4875-8F2A-6505BC5BBFD9_(33171,48902).jpg",0.99999976,2.2579083e-07,1
"images/TEST/MSIH/TCGA-A6-6653-01Z-00-DX1.e130666d-2681-4382-9e7a-4a4d27cb77a4_(98476,8426).jpg",0.99999976,1.8006936e-07,1
"images/TEST/MSIH/TCGA-AA-3715-01Z-00-DX1.24d6e746-ad61-4587-a2b9-8903331b279c_(39599,51570).jpg",0.999998,1.974768e-06,1
"images/TEST/MSIH/TCGA-CK-6746-01Z-00-DX1.0aae8eec-1e82-494b-8779-d79fea8bec0c_(42944,49581).jpg",0.9999999,1.2463852e-07,1
"images/TEST/MSIH/TCGA-CK-6747-01Z-00-DX1.7824596c-84db-4bee-b149-cd8f617c285f_(38816,30374).jpg",0.99999845,1.5081189e-06,1
"images/TEST/MSIH/TCGA-CM-4746-01Z-00-DX1.c83b9795-bf45-4100-9052-a7e485e0f770_(16885,12979).jpg",0.9999993,7.721523e-07,1
"images/TEST/MSIH/TCGA-F4-6703-01Z-00-DX1.28225f5d-d880-4605-831f-f22ec0272cde_(78088,35493).jpg",0.99999905,9.2412216e-07,1
"images/TEST/MSIH/TCGA-CM-4746-01Z-00-DX1.c83b9795-bf45-4100-9052-a7e485e0f770_(59557,17043).jpg",0.99999964,3.6539078e-07,1
"images/TEST/MSIH/TCGA-A6-6653-01Z-00-DX1.e130666d-2681-4382-9e7a-4a4d27cb77a4_(92380,26714).jpg",0.99999976,1.9886066e-07,1
"images/TEST/MSIH/TCGA-AA-3950-01Z-00-DX1.2a81cf11-4c16-4e9e-8809-6f63152060da_(48645,83313).jpg",0.9999999,1.5717845e-07,1
"images/TEST/MSIH/TCGA-AA-3877-01Z-00-DX1.36902310-bc0b-4437-9f86-6df85703e0ad_(51314,96355).jpg",0.9999994,6.482696e-07,1
"images/TEST/MSIH/TCGA-F4-6703-01Z-00-DX1.28225f5d-d880-4605-831f-f22ec0272cde_(78088,45653).jpg",0.99999964,3.7558857e-07,1
"images/TEST/MSIH/TCGA-D5-6927-01Z-00-DX1.ff21d627-dbb8-4200-937b-f8be8b86b6d4_(80614,8363).jpg",0.99999976,2.441786e-07,1
"images/TEST/MSIH/TCGA-CK-6746-01Z-00-DX1.0aae8eec-1e82-494b-8779-d79fea8bec0c_(63264,63805).jpg",0.9999999,1.5733652e-07,1
"images/TEST/MSIH/TCGA-AD-6889-01Z-00-DX1.5269A81E-5391-4875-8F2A-6505BC5BBFD9_(36219,18422).jpg",0.99999845,1.5078083e-06,1
"images/TEST/MSIH/TCGA-AA-3811-01Z-00-DX1.369d7946-911e-4e97-8ae7-32ef12b6b106_(9233,101429).jpg",0.9999999,1.5423127e-07,1
"images/TEST/MSIH/TCGA-CM-6674-01Z-00-DX1.4a08b16a-788e-43dc-85d2-baff6e911de2_(81452,68601).jpg",0.99999845,1.6082743e-06,1
"images/TEST/MSIH/TCGA-AA-3950-01Z-00-DX1.2a81cf11-4c16-4e9e-8809-6f63152060da_(36534,86616).jpg",1.0,5.9341243e-08,1
"images/TEST/MSIH/TCGA-A6-6653-01Z-00-DX1.e130666d-2681-4382-9e7a-4a4d27cb77a4_(88316,17570).jpg",0.9999999,8.778971e-08,1
"images/TEST/MSIH/TCGA-AA-3877-01Z-00-DX1.36902310-bc0b-4437-9f86-6df85703e0ad_(50213,79840).jpg",0.9999999,1.2435332e-07,1
"images/TEST/MSIH/TCGA-CM-4746-01Z-00-DX1.c83b9795-bf45-4100-9052-a7e485e0f770_(40253,10947).jpg",0.99999964,3.702801e-07,1
"images/TEST/MSIH/TCGA-AA-3877-01Z-00-DX1.36902310-bc0b-4437-9f86-6df85703e0ad_(45809,86446).jpg",0.9999993,7.4872975e-07,1
"images/TEST/MSIH/TCGA-QG-A5Z2-01Z-00-DX2.F2352352-8F00-4BB3-8A62-8D1C1E374F95_(33614,79501).jpg",0.99999976,2.462393e-07,1
"images/TEST/MSIH/TCGA-CM-4743-01Z-00-DX1.f54a6355-5623-498c-96b9-2ff1de6576c6_(54611,68369).jpg",0.9999999,1.5570174e-07,1
"images/TEST/MSIH/TCGA-QG-A5Z2-01Z-00-DX2.F2352352-8F00-4BB3-8A62-8D1C1E374F95_(32601,23786).jpg",0.99999976,2.1148367e-07,1
"images/TEST/MSIH/TCGA-AA-3864-01Z-00-DX1.f6992bc7-ba05-4c30-9500-8f7b07b30f9a_(18002,26738).jpg",0.9999993,7.292653e-07,1
"images/TEST/MSIH/TCGA-D5-6530-01Z-00-DX1.5c4bbcd1-51ba-467d-93f9-f2a9e7c5e010_(80051,72748).jpg",0.99999964,3.1606862e-07,1
"images/TEST/MSIH/TCGA-AA-3811-01Z-00-DX1.369d7946-911e-4e97-8ae7-32ef12b6b106_(9233,117944).jpg",1.0,3.0752027e-08,1
"images/TEST/MSIH/TCGA-CM-4743-01Z-00-DX1.f54a6355-5623-498c-96b9-2ff1de6576c6_(59691,36873).jpg",0.9999999,1.165385e-07,1
"images/TEST/MSIH/TCGA-D5-6530-01Z-00-DX1.5c4bbcd1-51ba-467d-93f9-f2a9e7c5e010_(66843,66652).jpg",0.99999976,2.5528004e-07,1
"images/TEST/MSIH/TCGA-D5-6927-01Z-00-DX1.ff21d627-dbb8-4200-937b-f8be8b86b6d4_(73502,17507).jpg",0.9999994,5.4274057e-07,1
"images/TEST/MSIH/TCGA-AD-6889-01Z-00-DX1.5269A81E-5391-4875-8F2A-6505BC5BBFD9_(37235,43822).jpg",0.9999999,8.7718405e-08,1
"images/TEST/MSIH/TCGA-AD-6895-01Z-00-DX1.7FB1FBC6-683B-4285-89D1-A7A20F07A9D4_(5779,7973).jpg",0.99999964,3.448212e-07,1
"images/TEST/MSIH/TCGA-CM-6674-01Z-00-DX1.4a08b16a-788e-43dc-85d2-baff6e911de2_(36748,56409).jpg",0.99999964,3.1547415e-07,1
"images/TEST/MSIH/TCGA-AZ-6598-01Z-00-DX1.1fc4cd61-4524-413b-b36d-ad438785bc06_(69070,65320).jpg",0.99999976,2.8887573e-07,1
"images/TEST/MSIH/TCGA-D5-6927-01Z-00-DX1.ff21d627-dbb8-4200-937b-f8be8b86b6d4_(72486,16491).jpg",0.9999994,5.4604453e-07,1
"images/TEST/MSIH/TCGA-AA-3864-01Z-00-DX1.f6992bc7-ba05-4c30-9500-8f7b07b30f9a_(19103,24536).jpg",0.9999993,7.1352434e-07,1
"images/TEST/MSIH/TCGA-AD-A5EJ-01Z-00-DX1.FA56CEAF-8B70-45EF-A2C9-8AA7BEB3D88A_(22062,25123).jpg",0.99999905,9.4512984e-07,1
"images/TEST/MSIH/TCGA-AA-3877-01Z-00-DX1.36902310-bc0b-4437-9f86-6df85703e0ad_(60122,97456).jpg",0.9999995,4.3237807e-07,1
"images/TEST/MSIH/TCGA-CM-6674-01Z-00-DX1.4a08b16a-788e-43dc-85d2-baff6e911de2_(71292,63521).jpg",0.9999995,4.989691e-07,1
"images/TEST/MSIH/TCGA-AA-3715-01Z-00-DX1.24d6e746-ad61-4587-a2b9-8903331b279c_(38498,48267).jpg",0.99999964,3.465966e-07,1
"images/TEST/MSIH/TCGA-CM-4746-01Z-00-DX1.c83b9795-bf45-4100-9052-a7e485e0f770_(20949,9931).jpg",0.99999976,2.2218747e-07,1
"images/TEST/MSIH/TCGA-CK-6747-01Z-00-DX1.7824596c-84db-4bee-b149-cd8f617c285f_(37800,18182).jpg",0.99999964,3.993977e-07,1
"images/TEST/MSIH/TCGA-CK-6747-01Z-00-DX1.7824596c-84db-4bee-b149-cd8f617c285f_(37800,12086).jpg",0.99999857,1.3860744e-06,1
"images/TEST/MSIH/TCGA-QG-A5Z2-01Z-00-DX2.F2352352-8F00-4BB3-8A62-8D1C1E374F95_(18419,66332).jpg",0.99999976,2.4199645e-07,1
"images/TEST/MSIH/TCGA-AA-3877-01Z-00-DX1.36902310-bc0b-4437-9f86-6df85703e0ad_(48011,78739).jpg",0.99999964,3.933549e-07,1
"images/TEST/MSIH/TCGA-CK-6746-01Z-00-DX1.0aae8eec-1e82-494b-8779-d79fea8bec0c_(28720,45517).jpg",0.99999976,2.1042084e-07,1
"images/TEST/MSIH/TCGA-CK-6746-01Z-00-DX1.0aae8eec-1e82-494b-8779-d79fea8bec0c_(55136,67869).jpg",0.9999994,6.166607e-07,1
"images/TEST/MSIH/TCGA-A6-6653-01Z-00-DX1.e130666d-2681-4382-9e7a-4a4d27cb77a4_(93396,9442).jpg",0.9999995,4.244594e-07,1
"images/TEST/MSIH/TCGA-AD-6895-01Z-00-DX1.7FB1FBC6-683B-4285-89D1-A7A20F07A9D4_(13907,6957).jpg",0.99999976,2.0228856e-07,1
"images/TEST/MSIH/TCGA-AA-3811-01Z-00-DX1.369d7946-911e-4e97-8ae7-32ef12b6b106_(13637,98126).jpg",0.9999999,1.4500712e-07,1
"images/TEST/MSIH/TCGA-AA-A01P-01Z-00-DX1.D7AAA4F0-C956-4346-8948-DADACDFB3B69_(29299,79075).jpg",0.9999999,1.7265523e-07,1
"images/TEST/MSIH/TCGA-AA-3877-01Z-00-DX1.36902310-bc0b-4437-9f86-6df85703e0ad_(49112,71032).jpg",0.99999976,2.1619557e-07,1
"images/TEST/MSIH/TCGA-AZ-6598-01Z-00-DX1.1fc4cd61-4524-413b-b36d-ad438785bc06_(88374,66336).jpg",0.9999987,1.2692033e-06,1
"images/TEST/MSIH/TCGA-AA-3811-01Z-00-DX1.369d7946-911e-4e97-8ae7-32ef12b6b106_(4829,104732).jpg",0.99999964,3.7381042e-07,1
"images/TEST/MSIH/TCGA-AA-3715-01Z-00-DX1.24d6e746-ad61-4587-a2b9-8903331b279c_(72629,46065).jpg",0.9999995,4.611718e-07,1
"images/TEST/MSIH/TCGA-CK-6746-01Z-00-DX1.0aae8eec-1e82-494b-8779-d79fea8bec0c_(20592,61773).jpg",0.9999999,1.5622068e-07,1
"images/TEST/MSIH/TCGA-D5-6530-01Z-00-DX1.5c4bbcd1-51ba-467d-93f9-f2a9e7c5e010_(25187,60556).jpg",0.9999999,1.1887057e-07,1
"images/TEST/MSIH/TCGA-AA-3811-01Z-00-DX1.369d7946-911e-4e97-8ae7-32ef12b6b106_(4829,108035).jpg",0.99999976,1.7914937e-07,1
"images/TEST/MSIH/TCGA-QG-A5Z2-01Z-00-DX2.F2352352-8F00-4BB3-8A62-8D1C1E374F95_(13354,44046).jpg",0.99999964,4.1715649e-07,1
"images/TEST/MSIH/TCGA-AA-3877-01Z-00-DX1.36902310-bc0b-4437-9f86-6df85703e0ad_(46910,86446).jpg",0.99999964,3.196675e-07,1
"images/TEST/MSIH/TCGA-AA-3715-01Z-00-DX1.24d6e746-ad61-4587-a2b9-8903331b279c_(45104,47166).jpg",0.9999975,2.4834935e-06,1
"images/TEST/MSIH/TCGA-F4-6703-01Z-00-DX1.28225f5d-d880-4605-831f-f22ec0272cde_(101456,60893).jpg",0.99999917,7.7816225e-07,1
"images/TEST/MSIH/TCGA-AD-A5EJ-01Z-00-DX1.FA56CEAF-8B70-45EF-A2C9-8AA7BEB3D88A_(15966,12931).jpg",0.99999917,8.2156066e-07,1
"images/TEST/MSIH/TCGA-CM-4743-01Z-00-DX1.f54a6355-5623-498c-96b9-2ff1de6576c6_(94235,53129).jpg",0.9999999,1.4911502e-07,1
"images/TEST/MSIH/TCGA-AA-3950-01Z-00-DX1.2a81cf11-4c16-4e9e-8809-6f63152060da_(40938,66798).jpg",0.9999999,1.755306e-07,1
"images/TEST/MSIH/TCGA-CM-4743-01Z-00-DX1.f54a6355-5623-498c-96b9-2ff1de6576c6_(62739,25697).jpg",0.9999999,6.8931904e-08,1
"images/TEST/MSIH/TCGA-CM-6674-01Z-00-DX1.4a08b16a-788e-43dc-85d2-baff6e911de2_(67228,67585).jpg",1.0,2.7824248e-08,1
"images/TEST/MSIH/TCGA-CM-6674-01Z-00-DX1.4a08b16a-788e-43dc-85d2-baff6e911de2_(85516,76729).jpg",0.99999976,2.725896e-07,1
"images/TEST/MSIH/TCGA-AA-3715-01Z-00-DX1.24d6e746-ad61-4587-a2b9-8903331b279c_(31892,48267).jpg",0.99999964,3.7179385e-07,1
"images/TEST/MSIH/TCGA-A6-6653-01Z-00-DX1.e130666d-2681-4382-9e7a-4a4d27cb77a4_(87300,13506).jpg",0.9999999,9.311822e-08,1
"images/TEST/MSIH/TCGA-AD-6895-01Z-00-DX1.7FB1FBC6-683B-4285-89D1-A7A20F07A9D4_(11875,4925).jpg",0.9999994,6.2124946e-07,1
"images/TEST/MSIH/TCGA-AD-A5EJ-01Z-00-DX1.FA56CEAF-8B70-45EF-A2C9-8AA7BEB3D88A_(23078,11915).jpg",0.9999999,1.04474395e-07,1
"images/TEST/MSIH/TCGA-G4-6309-01Z-00-DX1.3eb20fdc-eb86-4bd5-8194-76b02d4fa472_(67982,46230).jpg",0.99999976,1.8542978e-07,1
"images/TEST/MSIH/TCGA-AD-6895-01Z-00-DX1.7FB1FBC6-683B-4285-89D1-A7A20F07A9D4_(8827,12037).jpg",0.99999976,2.2308814e-07,1
"images/TEST/MSIH/TCGA-QG-A5Z2-01Z-00-DX1.51896C31-235E-48EF-90F7-FC05350CA564_(67553,74231).jpg",0.99999905,9.918999e-07,1
"images/TEST/MSIH/TCGA-A6-6653-01Z-00-DX1.e130666d-2681-4382-9e7a-4a4d27cb77a4_(92380,15538).jpg",0.9999994,5.9207497e-07,1
"images/TEST/MSIH/TCGA-AD-A5EJ-01Z-00-DX1.FA56CEAF-8B70-45EF-A2C9-8AA7BEB3D88A_(17998,23091).jpg",0.99999857,1.4720065e-06,1
"images/TEST/MSIH/TCGA-AA-3715-01Z-00-DX1.24d6e746-ad61-4587-a2b9-8903331b279c_(27488,48267).jpg",0.9999994,6.0204957e-07,1
"images/TEST/MSIH/TCGA-A6-6653-01Z-00-DX1.e130666d-2681-4382-9e7a-4a4d27cb77a4_(86284,12490).jpg",0.99999976,2.7879292e-07,1
"images/TEST/MSIH/TCGA-CK-6747-01Z-00-DX1.7824596c-84db-4bee-b149-cd8f617c285f_(69296,8022).jpg",0.9999994,6.144077e-07,1
"images/TEST/MSIH/TCGA-QG-A5Z2-01Z-00-DX1.51896C31-235E-48EF-90F7-FC05350CA564_(84774,27633).jpg",0.9999994,6.0611904e-07,1
"images/TEST/MSIH/TCGA-AD-6889-01Z-00-DX1.5269A81E-5391-4875-8F2A-6505BC5BBFD9_(27075,10294).jpg",0.99999976,2.583247e-07,1
"images/TEST/MSIH/TCGA-AD-6895-01Z-00-DX1.7FB1FBC6-683B-4285-89D1-A7A20F07A9D4_(5779,3909).jpg",0.9999995,5.156552e-07,1
"images/TEST/MSIH/TCGA-AD-6889-01Z-00-DX1.5269A81E-5391-4875-8F2A-6505BC5BBFD9_(8787,34678).jpg",0.99999666,3.394459e-06,1
"images/TEST/MSIH/TCGA-AA-3877-01Z-00-DX1.36902310-bc0b-4437-9f86-6df85703e0ad_(44708,76537).jpg",0.9999994,5.4491727e-07,1
"images/TEST/MSIH/TCGA-AZ-6598-01Z-00-DX1.1fc4cd61-4524-413b-b36d-ad438785bc06_(62974,36872).jpg",0.9999999,1.319469e-07,1
"images/TEST/MSIH/TCGA-QG-A5Z2-01Z-00-DX1.51896C31-235E-48EF-90F7-FC05350CA564_(81735,46880).jpg",0.9999976,2.3844862e-06,1
"images/TEST/MSIH/TCGA-AA-A01P-01Z-00-DX1.D7AAA4F0-C956-4346-8948-DADACDFB3B69_(39208,92287).jpg",0.99999964,3.0288783e-07,1
"images/TEST/MSIH/TCGA-AD-6895-01Z-00-DX1.7FB1FBC6-683B-4285-89D1-A7A20F07A9D4_(5779,1877).jpg",0.99999964,3.2612255e-07,1
"images/TEST/MSIH/TCGA-A6-6653-01Z-00-DX1.e130666d-2681-4382-9e7a-4a4d27cb77a4_(88316,11474).jpg",0.9999975,2.4808232e-06,1
"images/TEST/MSIH/TCGA-AA-3715-01Z-00-DX1.24d6e746-ad61-4587-a2b9-8903331b279c_(38498,40560).jpg",0.9999995,4.96568e-07,1
"images/TEST/MSIH/TCGA-AA-3811-01Z-00-DX1.369d7946-911e-4e97-8ae7-32ef12b6b106_(4829,94823).jpg",0.9999999,7.70931e-08,1
"images/TEST/MSIH/TCGA-CM-4746-01Z-00-DX1.c83b9795-bf45-4100-9052-a7e485e0f770_(13837,9931).jpg",0.99999917,7.9639017e-07,1
"images/TEST/MSIH/TCGA-G4-6309-01Z-00-DX1.3eb20fdc-eb86-4bd5-8194-76b02d4fa472_(55790,58422).jpg",0.9999995,4.9877787e-07,1
"images/TEST/MSIH/TCGA-AA-A01P-01Z-00-DX1.D7AAA4F0-C956-4346-8948-DADACDFB3B69_(45814,90085).jpg",0.9999993,7.435467e-07,1
"images/TEST/MSIH/TCGA-AA-3877-01Z-00-DX1.36902310-bc0b-4437-9f86-6df85703e0ad_(55718,67729).jpg",0.9999999,1.5002821e-07,1
"images/TEST/MSIH/TCGA-QG-A5Z2-01Z-00-DX1.51896C31-235E-48EF-90F7-FC05350CA564_(44254,17503).jpg",0.9999994,5.7423205e-07,1
"images/TEST/MSIH/TCGA-AA-3877-01Z-00-DX1.36902310-bc0b-4437-9f86-6df85703e0ad_(50213,69931).jpg",0.9999976,2.4137007e-06,1
"images/TEST/MSIH/TCGA-CM-4743-01Z-00-DX1.f54a6355-5623-498c-96b9-2ff1de6576c6_(77979,26713).jpg",0.99999964,3.613233e-07,1
"images/TEST/MSIH/TCGA-AA-3877-01Z-00-DX1.36902310-bc0b-4437-9f86-6df85703e0ad_(48011,75436).jpg",0.9999995,4.8971174e-07,1
"images/TEST/MSIH/TCGA-QG-A5Z2-01Z-00-DX2.F2352352-8F00-4BB3-8A62-8D1C1E374F95_(16393,38981).jpg",0.99999964,4.125781e-07,1
"images/TEST/MSIH/TCGA-F4-6703-01Z-00-DX1.28225f5d-d880-4605-831f-f22ec0272cde_(90280,42605).jpg",0.99999976,1.9344583e-07,1
"images/TEST/MSIH/TCGA-AZ-6598-01Z-00-DX1.1fc4cd61-4524-413b-b36d-ad438785bc06_(60942,47032).jpg",0.99999976,2.7970052e-07,1
"images/TEST/MSIH/TCGA-CK-6747-01Z-00-DX1.7824596c-84db-4bee-b149-cd8f617c285f_(59136,29358).jpg",0.99999976,2.8796995e-07,1
"images/TEST/MSIH/TCGA-CK-6746-01Z-00-DX1.0aae8eec-1e82-494b-8779-d79fea8bec0c_(35832,43485).jpg",0.99999976,2.6062702e-07,1
"images/TEST/MSIH/TCGA-CM-4743-01Z-00-DX1.f54a6355-5623-498c-96b9-2ff1de6576c6_(39371,59225).jpg",0.99999917,8.309604e-07,1
"images/TEST/MSIH/TCGA-AZ-6598-01Z-00-DX1.1fc4cd61-4524-413b-b36d-ad438785bc06_(67038,58208).jpg",0.9999999,1.5884204e-07,1
"images/TEST/MSIH/TCGA-F4-6703-01Z-00-DX1.28225f5d-d880-4605-831f-f22ec0272cde_(56752,58861).jpg",0.99999976,1.8124247e-07,1
"images/TEST/MSIH/TCGA-CM-4746-01Z-00-DX1.c83b9795-bf45-4100-9052-a7e485e0f770_(8757,13995).jpg",0.9999987,1.3467555e-06,1
"images/TEST/MSIH/TCGA-AD-6895-01Z-00-DX1.7FB1FBC6-683B-4285-89D1-A7A20F07A9D4_(3747,2893).jpg",0.99999964,4.029677e-07,1
"images/TEST/MSIH/TCGA-CM-4746-01Z-00-DX1.c83b9795-bf45-4100-9052-a7e485e0f770_(9773,10947).jpg",0.99999976,2.1142904e-07,1
"images/TEST/MSIH/TCGA-A6-6653-01Z-00-DX1.e130666d-2681-4382-9e7a-4a4d27cb77a4_(87300,16554).jpg",0.9999999,7.9270855e-08,1
"images/TEST/MSIH/TCGA-AD-A5EJ-01Z-00-DX1.FA56CEAF-8B70-45EF-A2C9-8AA7BEB3D88A_(21046,24107).jpg",0.9999999,1.07362965e-07,1
"images/TEST/MSIH/TCGA-AA-3877-01Z-00-DX1.36902310-bc0b-4437-9f86-6df85703e0ad_(49112,97456).jpg",0.9999993,6.676344e-07,1
"images/TEST/MSIH/TCGA-AD-6889-01Z-00-DX1.5269A81E-5391-4875-8F2A-6505BC5BBFD9_(40283,31630).jpg",0.99999905,9.0281645e-07,1
"images/TEST/MSIH/TCGA-AA-3877-01Z-00-DX1.36902310-bc0b-4437-9f86-6df85703e0ad_(44708,82042).jpg",0.99999964,3.3007632e-07,1
"images/TEST/MSIH/TCGA-CM-4746-01Z-00-DX1.c83b9795-bf45-4100-9052-a7e485e0f770_(79877,29235).jpg",0.99999976,2.5227132e-07,1
"images/TEST/MSIH/TCGA-AA-3864-01Z-00-DX1.f6992bc7-ba05-4c30-9500-8f7b07b30f9a_(18002,11324).jpg",0.9999993,6.735243e-07,1
"images/TEST/MSIH/TCGA-AD-A5EJ-01Z-00-DX1.FA56CEAF-8B70-45EF-A2C9-8AA7BEB3D88A_(22062,28171).jpg",0.9999993,6.7156424e-07,1
"images/TEST/MSIH/TCGA-AD-A5EJ-01Z-00-DX1.FA56CEAF-8B70-45EF-A2C9-8AA7BEB3D88A_(13934,13947).jpg",0.9999999,9.2218734e-08,1
"images/TEST/MSIH/TCGA-F4-6703-01Z-00-DX1.28225f5d-d880-4605-831f-f22ec0272cde_(87232,49717).jpg",0.99999976,2.1641135e-07,1
"images/TEST/MSIH/TCGA-F4-6703-01Z-00-DX1.28225f5d-d880-4605-831f-f22ec0272cde_(63864,53781).jpg",0.9999999,1.6137345e-07,1
"images/TEST/MSIH/TCGA-CM-4743-01Z-00-DX1.f54a6355-5623-498c-96b9-2ff1de6576c6_(47499,72433).jpg",0.9999999,1.6932191e-07,1
"images/TEST/MSIH/TCGA-AD-6889-01Z-00-DX1.5269A81E-5391-4875-8F2A-6505BC5BBFD9_(43331,32646).jpg",0.9999999,1.3622912e-07,1
"images/TEST/MSIH/TCGA-AA-A01P-01Z-00-DX1.D7AAA4F0-C956-4346-8948-DADACDFB3B69_(50218,72469).jpg",0.9999981,1.859236e-06,1
"images/TEST/MSIH/TCGA-QG-A5Z2-01Z-00-DX1.51896C31-235E-48EF-90F7-FC05350CA564_(82748,42828).jpg",0.9999995,4.6474935e-07,1
"images/TEST/MSIH/TCGA-AA-3715-01Z-00-DX1.24d6e746-ad61-4587-a2b9-8903331b279c_(64922,40560).jpg",0.9999993,7.1331004e-07,1
"images/TEST/MSIH/TCGA-F4-6703-01Z-00-DX1.28225f5d-d880-4605-831f-f22ec0272cde_(99424,51749).jpg",0.99999964,4.171537e-07,1
"images/TEST/MSIH/TCGA-CM-4746-01Z-00-DX1.c83b9795-bf45-4100-9052-a7e485e0f770_(27045,19075).jpg",0.9999995,5.012628e-07,1
"images/TEST/MSIH/TCGA-CK-6746-01Z-00-DX1.0aae8eec-1e82-494b-8779-d79fea8bec0c_(47008,67869).jpg",0.99999964,3.0239025e-07,1
"images/TEST/MSIH/TCGA-A6-6653-01Z-00-DX1.e130666d-2681-4382-9e7a-4a4d27cb77a4_(95428,6394).jpg",0.9999993,6.844453e-07,1
"images/TEST/MSIH/TCGA-D5-6927-01Z-00-DX1.ff21d627-dbb8-4200-937b-f8be8b86b6d4_(76550,4299).jpg",0.9999982,1.7352628e-06,1
"images/TEST/MSIH/TCGA-CM-4746-01Z-00-DX1.c83b9795-bf45-4100-9052-a7e485e0f770_(93085,40411).jpg",0.9999999,1.0627946e-07,1
"images/TEST/MSIH/TCGA-D5-6927-01Z-00-DX1.ff21d627-dbb8-4200-937b-f8be8b86b6d4_(69438,9379).jpg",0.9999995,4.5687347e-07,1
"images/TEST/MSIH/TCGA-QG-A5Z2-01Z-00-DX2.F2352352-8F00-4BB3-8A62-8D1C1E374F95_(9302,46072).jpg",0.99999976,2.527322e-07,1
"images/TEST/MSIH/TCGA-F4-6703-01Z-00-DX1.28225f5d-d880-4605-831f-f22ec0272cde_(57768,57845).jpg",0.9999995,4.6124484e-07,1
"images/TEST/MSIH/TCGA-CK-6747-01Z-00-DX1.7824596c-84db-4bee-b149-cd8f617c285f_(79456,32406).jpg",0.9999989,1.0348729e-06,1
"images/TEST/MSIH/TCGA-AA-3864-01Z-00-DX1.f6992bc7-ba05-4c30-9500-8f7b07b30f9a_(9194,15728).jpg",0.99999726,2.7081437e-06,1
"images/TEST/MSIH/TCGA-G4-6309-01Z-00-DX1.3eb20fdc-eb86-4bd5-8194-76b02d4fa472_(90334,37086).jpg",0.9999988,1.189761e-06,1
"images/TEST/MSIH/TCGA-CM-4746-01Z-00-DX1.c83b9795-bf45-4100-9052-a7e485e0f770_(32125,10947).jpg",0.99999976,2.938446e-07,1
"images/TEST/MSIH/TCGA-AA-3877-01Z-00-DX1.36902310-bc0b-4437-9f86-6df85703e0ad_(73334,91951).jpg",0.9999995,4.989967e-07,1
"images/TEST/MSIH/TCGA-AA-3950-01Z-00-DX1.2a81cf11-4c16-4e9e-8809-6f63152060da_(39837,88818).jpg",0.99999976,2.1863411e-07,1
"images/TEST/MSIH/TCGA-AD-A5EJ-01Z-00-DX1.FA56CEAF-8B70-45EF-A2C9-8AA7BEB3D88A_(14950,27155).jpg",0.99999964,3.2593258e-07,1
"images/TEST/MSIH/TCGA-G4-6309-01Z-00-DX1.3eb20fdc-eb86-4bd5-8194-76b02d4fa472_(48678,60454).jpg",0.99999964,3.2086325e-07,1
"images/TEST/MSIH/TCGA-QG-A5Z2-01Z-00-DX1.51896C31-235E-48EF-90F7-FC05350CA564_(70592,66127).jpg",0.99999964,3.3225137e-07,1
"images/TEST/MSIH/TCGA-AA-A01P-01Z-00-DX1.D7AAA4F0-C956-4346-8948-DADACDFB3B69_(37006,54853).jpg",0.99999905,9.206388e-07,1
"images/TEST/MSIH/TCGA-QG-A5Z2-01Z-00-DX1.51896C31-235E-48EF-90F7-FC05350CA564_(84774,19529).jpg",0.9999999,1.3818348e-07,1
"images/TEST/MSIH/TCGA-QG-A5Z2-01Z-00-DX1.51896C31-235E-48EF-90F7-FC05350CA564_(78696,26620).jpg",0.9999995,4.9181364e-07,1
"images/TEST/MSIH/TCGA-AA-3715-01Z-00-DX1.24d6e746-ad61-4587-a2b9-8903331b279c_(41801,44964).jpg",0.9999994,6.166442e-07,1
"images/TEST/MSIH/TCGA-AA-3715-01Z-00-DX1.24d6e746-ad61-4587-a2b9-8903331b279c_(59417,33954).jpg",0.99999857,1.4888512e-06,1
"images/TEST/MSIH/TCGA-AA-A01P-01Z-00-DX1.D7AAA4F0-C956-4346-8948-DADACDFB3B69_(63430,92287).jpg",0.9999993,7.522469e-07,1
"images/TEST/MSIH/TCGA-D5-6530-01Z-00-DX1.5c4bbcd1-51ba-467d-93f9-f2a9e7c5e010_(55667,77828).jpg",0.9999995,5.148248e-07,1
"images/TEST/MSIH/TCGA-AA-3715-01Z-00-DX1.24d6e746-ad61-4587-a2b9-8903331b279c_(50609,42762).jpg",0.99999917,7.8213077e-07,1
"images/TEST/MSIH/TCGA-F4-6703-01Z-00-DX1.28225f5d-d880-4605-831f-f22ec0272cde_(55736,45653).jpg",0.99999905,1.0116718e-06,1
"images/TEST/MSIH/TCGA-CM-6674-01Z-00-DX1.4a08b16a-788e-43dc-85d2-baff6e911de2_(16428,68601).jpg",0.9999999,1.04944334e-07,1
"images/TEST/MSIH/TCGA-QG-A5Z2-01Z-00-DX2.F2352352-8F00-4BB3-8A62-8D1C1E374F95_(21458,61267).jpg",0.9999995,5.1649437e-07,1
"images/TEST/MSIH/TCGA-AA-3864-01Z-00-DX1.f6992bc7-ba05-4c30-9500-8f7b07b30f9a_(16901,26738).jpg",0.9999999,1.1957643e-07,1
"images/TEST/MSIH/TCGA-QG-A5Z2-01Z-00-DX2.F2352352-8F00-4BB3-8A62-8D1C1E374F95_(19432,59241).jpg",0.99999976,2.2591402e-07,1
"images/TEST/MSIH/TCGA-CM-4746-01Z-00-DX1.c83b9795-bf45-4100-9052-a7e485e0f770_(65653,22123).jpg",0.9999989,1.027169e-06,1
"images/TEST/MSIH/TCGA-QG-A5Z2-01Z-00-DX2.F2352352-8F00-4BB3-8A62-8D1C1E374F95_(50835,70384).jpg",0.9999999,1.5334908e-07,1
"images/TEST/MSIH/TCGA-CM-4743-01Z-00-DX1.f54a6355-5623-498c-96b9-2ff1de6576c6_(70867,46017).jpg",0.99999976,1.8391587e-07,1
"images/TEST/MSIH/TCGA-AA-3864-01Z-00-DX1.f6992bc7-ba05-4c30-9500-8f7b07b30f9a_(11396,14627).jpg",0.9999937,6.2606377e-06,1
"images/TEST/MSIH/TCGA-D5-6530-01Z-00-DX1.5c4bbcd1-51ba-467d-93f9-f2a9e7c5e010_(50587,69700).jpg",0.9999995,4.890243e-07,1
"images/TEST/MSIH/TCGA-CM-4746-01Z-00-DX1.c83b9795-bf45-4100-9052-a7e485e0f770_(81909,19075).jpg",0.9999995,4.6011746e-07,1
"images/TEST/MSIH/TCGA-AA-3877-01Z-00-DX1.36902310-bc0b-4437-9f86-6df85703e0ad_(72233,79840).jpg",0.9999994,6.194203e-07,1
"images/TEST/MSIH/TCGA-AA-3811-01Z-00-DX1.369d7946-911e-4e97-8ae7-32ef12b6b106_(8132,100328).jpg",0.9999999,7.7119715e-08,1
"images/TEST/MSIH/TCGA-AA-3811-01Z-00-DX1.369d7946-911e-4e97-8ae7-32ef12b6b106_(10334,106934).jpg",0.9999993,7.067891e-07,1
"images/TEST/MSIH/TCGA-AA-3715-01Z-00-DX1.24d6e746-ad61-4587-a2b9-8903331b279c_(20882,50469).jpg",0.99999833,1.6752359e-06,1
"images/TEST/MSIH/TCGA-AA-3715-01Z-00-DX1.24d6e746-ad61-4587-a2b9-8903331b279c_(45104,53772).jpg",0.9999994,5.803331e-07,1
"images/TEST/MSIH/TCGA-AA-A01P-01Z-00-DX1.D7AAA4F0-C956-4346-8948-DADACDFB3B69_(56824,63661).jpg",0.9999988,1.1605354e-06,1
"images/TEST/MSIH/TCGA-D5-6530-01Z-00-DX1.5c4bbcd1-51ba-467d-93f9-f2a9e7c5e010_(19091,55476).jpg",0.99999964,3.0510915e-07,1
"images/TEST/MSIH/TCGA-QG-A5Z2-01Z-00-DX2.F2352352-8F00-4BB3-8A62-8D1C1E374F95_(22471,25812).jpg",0.9999994,5.984734e-07,1
"images/TEST/MSIH/TCGA-QG-A5Z2-01Z-00-DX2.F2352352-8F00-4BB3-8A62-8D1C1E374F95_(37666,14669).jpg",0.99999976,2.151384e-07,1
"images/TEST/MSIH/TCGA-AA-3877-01Z-00-DX1.36902310-bc0b-4437-9f86-6df85703e0ad_(46910,72133).jpg",0.99999976,2.3766097e-07,1
"images/TEST/MSIH/TCGA-CM-6674-01Z-00-DX1.4a08b16a-788e-43dc-85d2-baff6e911de2_(81452,75713).jpg",0.9999993,7.4865835e-07,1
"images/TEST/MSIH/TCGA-CK-6747-01Z-00-DX1.7824596c-84db-4bee-b149-cd8f617c285f_(86568,12086).jpg",0.9999995,4.6321125e-07,1
"images/TEST/MSIH/TCGA-AZ-6598-01Z-00-DX1.1fc4cd61-4524-413b-b36d-ad438785bc06_(75166,66336).jpg",0.99999976,2.9399905e-07,1
"images/TEST/MSIH/TCGA-QG-A5Z2-01Z-00-DX1.51896C31-235E-48EF-90F7-FC05350CA564_(75657,34724).jpg",0.99999976,2.9527953e-07,1
"images/TEST/MSIH/TCGA-QG-A5Z2-01Z-00-DX2.F2352352-8F00-4BB3-8A62-8D1C1E374F95_(43744,16695).jpg",0.9999995,5.073737e-07,1
"images/TEST/MSIH/TCGA-AA-3950-01Z-00-DX1.2a81cf11-4c16-4e9e-8809-6f63152060da_(42039,86616).jpg",0.99999976,2.6826905e-07,1
"images/TEST/MSIH/TCGA-AA-A01P-01Z-00-DX1.D7AAA4F0-C956-4346-8948-DADACDFB3B69_(53521,72469).jpg",0.99999905,9.5359337e-07,1
"images/TEST/MSIH/TCGA-AA-3811-01Z-00-DX1.369d7946-911e-4e97-8ae7-32ef12b6b106_(9233,116843).jpg",0.9999988,1.1662872e-06,1
"images/TEST/MSIH/TCGA-D5-6530-01Z-00-DX1.5c4bbcd1-51ba-467d-93f9-f2a9e7c5e010_(78019,68684).jpg",0.99999905,9.0644943e-07,1
"images/TEST/MSIH/TCGA-AA-3715-01Z-00-DX1.24d6e746-ad61-4587-a2b9-8903331b279c_(30791,51570).jpg",0.99999857,1.4049709e-06,1
"images/TEST/MSIH/TCGA-AA-A01P-01Z-00-DX1.D7AAA4F0-C956-4346-8948-DADACDFB3B69_(38107,68065).jpg",0.99999976,2.2892499e-07,1
"images/TEST/MSIH/TCGA-CM-4746-01Z-00-DX1.c83b9795-bf45-4100-9052-a7e485e0f770_(14853,29235).jpg",0.9999994,5.7626954e-07,1
"images/TEST/MSIH/TCGA-A6-6653-01Z-00-DX1.e130666d-2681-4382-9e7a-4a4d27cb77a4_(90348,7410).jpg",0.9999994,6.178403e-07,1
"images/TEST/MSIH/TCGA-CK-6747-01Z-00-DX1.7824596c-84db-4bee-b149-cd8f617c285f_(19512,36470).jpg",0.99999976,2.3156848e-07,1
"images/TEST/MSIH/TCGA-AZ-6598-01Z-00-DX1.1fc4cd61-4524-413b-b36d-ad438785bc06_(82278,66336).jpg",0.9999993,6.627485e-07,1
"images/TEST/MSIH/TCGA-CM-6674-01Z-00-DX1.4a08b16a-788e-43dc-85d2-baff6e911de2_(81452,60473).jpg",0.99999976,2.374949e-07,1
"images/TEST/MSIH/TCGA-G4-6309-01Z-00-DX1.3eb20fdc-eb86-4bd5-8194-76b02d4fa472_(62902,59438).jpg",0.99999964,3.076359e-07,1
"images/TEST/MSIH/TCGA-AA-3877-01Z-00-DX1.36902310-bc0b-4437-9f86-6df85703e0ad_(43607,90850).jpg",0.99999976,2.9725194e-07,1
"images/TEST/MSIH/TCGA-CM-4746-01Z-00-DX1.c83b9795-bf45-4100-9052-a7e485e0f770_(69717,6883).jpg",0.99999917,8.1839596e-07,1
"images/TEST/MSIH/TCGA-AD-6895-01Z-00-DX1.7FB1FBC6-683B-4285-89D1-A7A20F07A9D4_(2731,2893).jpg",0.9999995,4.529002e-07,1
"images/TEST/MSIH/TCGA-AA-3950-01Z-00-DX1.2a81cf11-4c16-4e9e-8809-6f63152060da_(39837,72303).jpg",0.99999976,2.0162179e-07,1
"images/TEST/MSIH/TCGA-QG-A5Z2-01Z-00-DX2.F2352352-8F00-4BB3-8A62-8D1C1E374F95_(24497,73423).jpg",0.9999994,6.482924e-07,1
"images/TEST/MSIH/TCGA-G4-6309-01Z-00-DX1.3eb20fdc-eb86-4bd5-8194-76b02d4fa472_(96430,35054).jpg",0.9999995,4.932241e-07,1
"images/TEST/MSIH/TCGA-AD-A5EJ-01Z-00-DX1.FA56CEAF-8B70-45EF-A2C9-8AA7BEB3D88A_(27142,19027).jpg",0.9999993,7.5741536e-07,1
"images/TEST/MSIH/TCGA-AA-3715-01Z-00-DX1.24d6e746-ad61-4587-a2b9-8903331b279c_(20882,44964).jpg",0.99999964,3.453606e-07,1
"images/TEST/MSIH/TCGA-CK-6746-01Z-00-DX1.0aae8eec-1e82-494b-8779-d79fea8bec0c_(66312,65837).jpg",0.9999999,1.0655957e-07,1
"images/TEST/MSIH/TCGA-CM-6674-01Z-00-DX1.4a08b16a-788e-43dc-85d2-baff6e911de2_(35732,81809).jpg",0.9999994,5.831125e-07,1
"images/TEST/MSIH/TCGA-AD-6895-01Z-00-DX1.7FB1FBC6-683B-4285-89D1-A7A20F07A9D4_(2731,10005).jpg",0.99999964,3.683985e-07,1
"images/TEST/MSIH/TCGA-AD-A5EJ-01Z-00-DX1.FA56CEAF-8B70-45EF-A2C9-8AA7BEB3D88A_(8854,25123).jpg",0.99999964,3.2375658e-07,1
"images/TEST/MSIH/TCGA-D5-6530-01Z-00-DX1.5c4bbcd1-51ba-467d-93f9-f2a9e7c5e010_(48555,77828).jpg",0.9999988,1.1796187e-06,1
"images/TEST/MSIH/TCGA-D5-6927-01Z-00-DX1.ff21d627-dbb8-4200-937b-f8be8b86b6d4_(74518,13443).jpg",0.9999994,6.3597224e-07,1
"images/TEST/MSIH/TCGA-F4-6703-01Z-00-DX1.28225f5d-d880-4605-831f-f22ec0272cde_(53704,55813).jpg",0.99999964,3.3397257e-07,1
"images/TEST/MSIH/TCGA-D5-6530-01Z-00-DX1.5c4bbcd1-51ba-467d-93f9-f2a9e7c5e010_(32299,66652).jpg",0.99999964,3.091635e-07,1
"images/TEST/MSIH/TCGA-D5-6530-01Z-00-DX1.5c4bbcd1-51ba-467d-93f9-f2a9e7c5e010_(68875,67668).jpg",0.9999994,6.1033023e-07,1
"images/TEST/MSIH/TCGA-CK-6746-01Z-00-DX1.0aae8eec-1e82-494b-8779-d79fea8bec0c_(10432,57709).jpg",0.9999999,1.03044755e-07,1
"images/TEST/MSIH/TCGA-QG-A5Z2-01Z-00-DX1.51896C31-235E-48EF-90F7-FC05350CA564_(67553,57010).jpg",0.99999833,1.6378532e-06,1
"images/TEST/MSIH/TCGA-D5-6530-01Z-00-DX1.5c4bbcd1-51ba-467d-93f9-f2a9e7c5e010_(16043,65636).jpg",0.9999995,4.9861137e-07,1
"images/TEST/MSIH/TCGA-AA-3877-01Z-00-DX1.36902310-bc0b-4437-9f86-6df85703e0ad_(52415,73234).jpg",0.99999964,3.3049523e-07,1
"images/TEST/MSIH/TCGA-G4-6309-01Z-00-DX1.3eb20fdc-eb86-4bd5-8194-76b02d4fa472_(100494,34038).jpg",0.9999993,7.425681e-07,1
"images/TEST/MSIH/TCGA-CK-6747-01Z-00-DX1.7824596c-84db-4bee-b149-cd8f617c285f_(35768,17166).jpg",0.99999976,2.2291312e-07,1
"images/TEST/MSIH/TCGA-F4-6703-01Z-00-DX1.28225f5d-d880-4605-831f-f22ec0272cde_(78088,56829).jpg",0.9999993,7.5452294e-07,1
"images/TEST/MSIH/TCGA-AZ-6598-01Z-00-DX1.1fc4cd61-4524-413b-b36d-ad438785bc06_(82278,55160).jpg",0.9999993,7.4445416e-07,1
"images/TEST/MSIH/TCGA-AD-6895-01Z-00-DX1.7FB1FBC6-683B-4285-89D1-A7A20F07A9D4_(16955,5941).jpg",0.9999993,6.9846345e-07,1
"images/TEST/MSIH/TCGA-AD-A5EJ-01Z-00-DX1.FA56CEAF-8B70-45EF-A2C9-8AA7BEB3D88A_(23078,29187).jpg",0.9999988,1.2443047e-06,1
"images/TEST/MSIH/TCGA-AD-6889-01Z-00-DX1.5269A81E-5391-4875-8F2A-6505BC5BBFD9_(13867,21470).jpg",0.9999995,4.6966255e-07,1
"images/TEST/MSIH/TCGA-AA-A01P-01Z-00-DX1.D7AAA4F0-C956-4346-8948-DADACDFB3B69_(55723,62560).jpg",0.9999988,1.1363079e-06,1
"images/TEST/MSIH/TCGA-AA-3715-01Z-00-DX1.24d6e746-ad61-4587-a2b9-8903331b279c_(60518,39459).jpg",0.9999988,1.2040954e-06,1
"images/TEST/MSIH/TCGA-CK-6747-01Z-00-DX1.7824596c-84db-4bee-b149-cd8f617c285f_(19512,15134).jpg",0.9999993,6.644293e-07,1
"images/TEST/MSIH/TCGA-F4-6703-01Z-00-DX1.28225f5d-d880-4605-831f-f22ec0272cde_(80120,63941).jpg",0.9999999,6.446864e-08,1
"images/TEST/MSIH/TCGA-AA-3877-01Z-00-DX1.36902310-bc0b-4437-9f86-6df85703e0ad_(68930,90850).jpg",0.9999993,7.476274e-07,1
"images/TEST/MSIH/TCGA-AA-3950-01Z-00-DX1.2a81cf11-4c16-4e9e-8809-6f63152060da_(51948,77808).jpg",1.0,4.8797787e-08,1
"images/TEST/MSIH/TCGA-AA-3877-01Z-00-DX1.36902310-bc0b-4437-9f86-6df85703e0ad_(61223,97456).jpg",0.99999964,3.3014683e-07,1
"images/TEST/MSIH/TCGA-QG-A5Z2-01Z-00-DX1.51896C31-235E-48EF-90F7-FC05350CA564_(74644,12438).jpg",0.99999833,1.6115873e-06,1
"images/TEST/MSIH/TCGA-AA-A01P-01Z-00-DX1.D7AAA4F0-C956-4346-8948-DADACDFB3B69_(62329,88984).jpg",0.9999995,4.3862784e-07,1
"images/TEST/MSIH/TCGA-D5-6927-01Z-00-DX1.ff21d627-dbb8-4200-937b-f8be8b86b6d4_(69438,16491).jpg",0.9999999,1.7201e-07,1
"images/TEST/MSIH/TCGA-CM-6674-01Z-00-DX1.4a08b16a-788e-43dc-85d2-baff6e911de2_(98724,76729).jpg",0.99999964,3.8484535e-07,1
"images/TEST/MSIH/TCGA-AA-3811-01Z-00-DX1.369d7946-911e-4e97-8ae7-32ef12b6b106_(4829,95924).jpg",0.99999976,2.7271648e-07,1
"images/TEST/MSIH/TCGA-QG-A5Z2-01Z-00-DX2.F2352352-8F00-4BB3-8A62-8D1C1E374F95_(47796,71397).jpg",0.9999999,1.6657494e-07,1
"images/TEST/MSIH/TCGA-AA-3811-01Z-00-DX1.369d7946-911e-4e97-8ae7-32ef12b6b106_(12536,108035).jpg",0.9999999,1.3000016e-07,1
"images/TEST/MSIH/TCGA-AD-6889-01Z-00-DX1.5269A81E-5391-4875-8F2A-6505BC5BBFD9_(48411,29598).jpg",0.99999845,1.5454518e-06,1
"images/TEST/MSIH/TCGA-CK-6747-01Z-00-DX1.7824596c-84db-4bee-b149-cd8f617c285f_(34752,31390).jpg",0.9999989,1.1242795e-06,1
"images/TEST/MSIH/TCGA-D5-6530-01Z-00-DX1.5c4bbcd1-51ba-467d-93f9-f2a9e7c5e010_(39411,71732).jpg",0.99999964,3.9352108e-07,1
"images/TEST/MSIH/TCGA-QG-A5Z2-01Z-00-DX2.F2352352-8F00-4BB3-8A62-8D1C1E374F95_(16393,45059).jpg",0.99999964,3.5810518e-07,1
"images/TEST/MSIH/TCGA-AA-3811-01Z-00-DX1.369d7946-911e-4e97-8ae7-32ef12b6b106_(12536,98126).jpg",0.99999964,3.4882527e-07,1
"images/TEST/MSIH/TCGA-AD-A5EJ-01Z-00-DX1.FA56CEAF-8B70-45EF-A2C9-8AA7BEB3D88A_(11902,12931).jpg",0.99999976,2.9671014e-07,1
"images/TEST/MSIH/TCGA-F4-6703-01Z-00-DX1.28225f5d-d880-4605-831f-f22ec0272cde_(93328,58861).jpg",0.9999999,1.0044829e-07,1
"images/TEST/MSIH/TCGA-AD-6889-01Z-00-DX1.5269A81E-5391-4875-8F2A-6505BC5BBFD9_(28091,50934).jpg",0.9999994,6.170595e-07,1
"images/TEST/MSIH/TCGA-QG-A5Z2-01Z-00-DX1.51896C31-235E-48EF-90F7-FC05350CA564_(81735,43841).jpg",0.9999995,4.4030594e-07,1
"images/TEST/MSIH/TCGA-AA-3877-01Z-00-DX1.36902310-bc0b-4437-9f86-6df85703e0ad_(68930,85345).jpg",0.9999994,6.1413294e-07,1
"images/TEST/MSIH/TCGA-D5-6530-01Z-00-DX1.5c4bbcd1-51ba-467d-93f9-f2a9e7c5e010_(11979,65636).jpg",0.9999989,1.0678231e-06,1
"images/TEST/MSIH/TCGA-D5-6530-01Z-00-DX1.5c4bbcd1-51ba-467d-93f9-f2a9e7c5e010_(47539,74780).jpg",0.99999964,3.221925e-07,1
"images/TEST/MSIH/TCGA-CM-4743-01Z-00-DX1.f54a6355-5623-498c-96b9-2ff1de6576c6_(30227,49065).jpg",1.0,4.7135867e-08,1
"images/TEST/MSIH/TCGA-AA-3811-01Z-00-DX1.369d7946-911e-4e97-8ae7-32ef12b6b106_(3728,99227).jpg",0.99999976,2.427037e-07,1
"images/TEST/MSIH/TCGA-AA-3715-01Z-00-DX1.24d6e746-ad61-4587-a2b9-8903331b279c_(38498,38358).jpg",0.9999994,5.680446e-07,1
"images/TEST/MSIH/TCGA-D5-6927-01Z-00-DX1.ff21d627-dbb8-4200-937b-f8be8b86b6d4_(76550,5315).jpg",0.99999917,8.083709e-07,1
"images/TEST/MSIH/TCGA-G4-6309-01Z-00-DX1.3eb20fdc-eb86-4bd5-8194-76b02d4fa472_(54774,54358).jpg",0.99999976,2.6324716e-07,1
"images/TEST/MSIH/TCGA-CM-6674-01Z-00-DX1.4a08b16a-788e-43dc-85d2-baff6e911de2_(49956,61489).jpg",0.9999993,7.5536025e-07,1
"images/TEST/MSIH/TCGA-F4-6703-01Z-00-DX1.28225f5d-d880-4605-831f-f22ec0272cde_(54720,54797).jpg",0.9999999,1.4445364e-07,1
"images/TEST/MSIH/TCGA-QG-A5Z2-01Z-00-DX2.F2352352-8F00-4BB3-8A62-8D1C1E374F95_(56913,73423).jpg",0.99999964,3.333813e-07,1
"images/TEST/MSIH/TCGA-AA-3811-01Z-00-DX1.369d7946-911e-4e97-8ae7-32ef12b6b106_(12536,104732).jpg",0.99999976,2.381967e-07,1
"images/TEST/MSIH/TCGA-CM-4746-01Z-00-DX1.c83b9795-bf45-4100-9052-a7e485e0f770_(19933,37363).jpg",0.9999999,9.7925096e-08,1
"images/TEST/MSIH/TCGA-CM-4746-01Z-00-DX1.c83b9795-bf45-4100-9052-a7e485e0f770_(85973,7899).jpg",0.9999975,2.4558713e-06,1
"images/TEST/MSIH/TCGA-G4-6309-01Z-00-DX1.3eb20fdc-eb86-4bd5-8194-76b02d4fa472_(41566,53342).jpg",0.9999995,4.6555806e-07,1
"images/TEST/MSIH/TCGA-CK-6747-01Z-00-DX1.7824596c-84db-4bee-b149-cd8f617c285f_(49992,40534).jpg",0.9999999,1.1900283e-07,1
"images/TEST/MSIH/TCGA-CK-6746-01Z-00-DX1.0aae8eec-1e82-494b-8779-d79fea8bec0c_(62248,55677).jpg",0.9999999,7.242102e-08,1
"images/TEST/MSIH/TCGA-G4-6309-01Z-00-DX1.3eb20fdc-eb86-4bd5-8194-76b02d4fa472_(29374,63502).jpg",0.9999993,6.934855e-07,1
"images/TEST/MSIH/TCGA-A6-6653-01Z-00-DX1.e130666d-2681-4382-9e7a-4a4d27cb77a4_(99492,6394).jpg",0.9999999,1.3500473e-07,1
"images/TEST/MSIH/TCGA-G4-6309-01Z-00-DX1.3eb20fdc-eb86-4bd5-8194-76b02d4fa472_(39534,56390).jpg",0.9999994,5.906149e-07,1
"images/TEST/MSIH/TCGA-AD-6895-01Z-00-DX1.7FB1FBC6-683B-4285-89D1-A7A20F07A9D4_(14923,5941).jpg",0.9999995,5.249027e-07,1
"images/TEST/MSIH/TCGA-AA-3811-01Z-00-DX1.369d7946-911e-4e97-8ae7-32ef12b6b106_(8132,95924).jpg",0.9999999,1.0714938e-07,1
"images/TEST/MSIH/TCGA-AZ-6598-01Z-00-DX1.1fc4cd61-4524-413b-b36d-ad438785bc06_(35542,54144).jpg",0.9999999,9.699417e-08,1
"images/TEST/MSIH/TCGA-CK-6747-01Z-00-DX1.7824596c-84db-4bee-b149-cd8f617c285f_(40848,37486).jpg",0.99999976,2.1343752e-07,1
"images/TEST/MSIH/TCGA-CM-6674-01Z-00-DX1.4a08b16a-788e-43dc-85d2-baff6e911de2_(66212,74697).jpg",0.99999964,4.078278e-07,1
"images/TEST/MSIH/TCGA-CM-6674-01Z-00-DX1.4a08b16a-788e-43dc-85d2-baff6e911de2_(70276,77745).jpg",0.9999988,1.2146913e-06,1
"images/TEST/MSIH/TCGA-A6-6653-01Z-00-DX1.e130666d-2681-4382-9e7a-4a4d27cb77a4_(95428,24682).jpg",0.99999917,8.4309926e-07,1
"images/TEST/MSIH/TCGA-AD-6889-01Z-00-DX1.5269A81E-5391-4875-8F2A-6505BC5BBFD9_(44347,44838).jpg",0.9999993,7.147523e-07,1
"images/TEST/MSIH/TCGA-CM-6674-01Z-00-DX1.4a08b16a-788e-43dc-85d2-baff6e911de2_(81452,63521).jpg",0.99999917,7.9463234e-07,1
"images/TEST/MSIH/TCGA-D5-6530-01Z-00-DX1.5c4bbcd1-51ba-467d-93f9-f2a9e7c5e010_(55667,70716).jpg",0.9999995,4.2801082e-07,1
"images/TEST/MSIH/TCGA-AA-A01P-01Z-00-DX1.D7AAA4F0-C956-4346-8948-DADACDFB3B69_(61228,93388).jpg",0.9999987,1.287431e-06,1
"images/TEST/MSIH/TCGA-CK-6746-01Z-00-DX1.0aae8eec-1e82-494b-8779-d79fea8bec0c_(56152,53645).jpg",0.9999995,4.807407e-07,1
"images/TEST/MSIH/TCGA-CM-4746-01Z-00-DX1.c83b9795-bf45-4100-9052-a7e485e0f770_(94101,33299).jpg",0.9999999,6.8068815e-08,1
"images/TEST/MSIH/TCGA-CK-6746-01Z-00-DX1.0aae8eec-1e82-494b-8779-d79fea8bec0c_(76472,48565).jpg",0.9999999,8.108418e-08,1
"images/TEST/MSIH/TCGA-AA-3877-01Z-00-DX1.36902310-bc0b-4437-9f86-6df85703e0ad_(60122,99658).jpg",0.9999999,1.4277411e-07,1
"images/TEST/MSIH/TCGA-A6-6653-01Z-00-DX1.e130666d-2681-4382-9e7a-4a4d27cb77a4_(97460,5378).jpg",0.9999993,7.1529234e-07,1
"images/TEST/MSIH/TCGA-AA-3877-01Z-00-DX1.36902310-bc0b-4437-9f86-6df85703e0ad_(48011,76537).jpg",0.99999976,2.598197e-07,1
"images/TEST/MSIH/TCGA-AD-A5EJ-01Z-00-DX1.FA56CEAF-8B70-45EF-A2C9-8AA7BEB3D88A_(10886,32235).jpg",0.9999994,5.4876335e-07,1
"images/TEST/MSIH/TCGA-D5-6927-01Z-00-DX1.ff21d627-dbb8-4200-937b-f8be8b86b6d4_(65374,20555).jpg",0.99999976,2.405698e-07,1
"images/TEST/MSIH/TCGA-A6-6653-01Z-00-DX1.e130666d-2681-4382-9e7a-4a4d27cb77a4_(90348,20618).jpg",0.9999987,1.3472668e-06,1
"images/TEST/MSIH/TCGA-CK-6747-01Z-00-DX1.7824596c-84db-4bee-b149-cd8f617c285f_(66248,34438).jpg",0.9999982,1.8328989e-06,1
"images/TEST/MSIH/TCGA-CM-4743-01Z-00-DX1.f54a6355-5623-498c-96b9-2ff1de6576c6_(77979,40937).jpg",0.9999995,4.542879e-07,1
"images/TEST/MSIH/TCGA-CM-6674-01Z-00-DX1.4a08b16a-788e-43dc-85d2-baff6e911de2_(98724,56409).jpg",0.99999976,2.782999e-07,1
"images/TEST/MSIH/TCGA-CM-6674-01Z-00-DX1.4a08b16a-788e-43dc-85d2-baff6e911de2_(57068,57425).jpg",0.99999964,4.1199067e-07,1
"images/TEST/MSIH/TCGA-AD-6895-01Z-00-DX1.7FB1FBC6-683B-4285-89D1-A7A20F07A9D4_(15939,4925).jpg",0.99999964,3.5290282e-07,1
"images/TEST/MSIH/TCGA-F4-6703-01Z-00-DX1.28225f5d-d880-4605-831f-f22ec0272cde_(62848,49717).jpg",0.9999999,1.4977618e-07,1
"images/TEST/MSIH/TCGA-CK-6746-01Z-00-DX1.0aae8eec-1e82-494b-8779-d79fea8bec0c_(54120,44501).jpg",0.99999976,2.5050014e-07,1
"images/TEST/MSIH/TCGA-AD-A5EJ-01Z-00-DX1.FA56CEAF-8B70-45EF-A2C9-8AA7BEB3D88A_(14950,18011).jpg",0.9999999,1.6623626e-07,1
"images/TEST/MSIH/TCGA-AD-A5EJ-01Z-00-DX1.FA56CEAF-8B70-45EF-A2C9-8AA7BEB3D88A_(19014,25123).jpg",0.9999995,4.38425e-07,1
"images/TEST/MSIH/TCGA-AA-3715-01Z-00-DX1.24d6e746-ad61-4587-a2b9-8903331b279c_(47306,40560).jpg",0.9999989,1.0587495e-06,1
"images/TEST/MSIH/TCGA-AA-3715-01Z-00-DX1.24d6e746-ad61-4587-a2b9-8903331b279c_(45104,49368).jpg",0.99999905,9.171038e-07,1
"images/TEST/MSIH/TCGA-AA-A01P-01Z-00-DX1.D7AAA4F0-C956-4346-8948-DADACDFB3B69_(64531,84580).jpg",0.99999976,2.9750717e-07,1
"images/TEST/MSIH/TCGA-F4-6703-01Z-00-DX1.28225f5d-d880-4605-831f-f22ec0272cde_(80120,44637).jpg",0.9999993,7.0766185e-07,1
"images/TEST/MSIH/TCGA-AA-3950-01Z-00-DX1.2a81cf11-4c16-4e9e-8809-6f63152060da_(42039,89919).jpg",1.0,5.3998264e-08,1
"images/TEST/MSIH/TCGA-CK-6747-01Z-00-DX1.7824596c-84db-4bee-b149-cd8f617c285f_(48976,21230).jpg",0.99999917,7.989942e-07,1
"images/TEST/MSIH/TCGA-CK-6747-01Z-00-DX1.7824596c-84db-4bee-b149-cd8f617c285f_(41864,26310).jpg",0.9999995,4.697772e-07,1
"images/TEST/MSIH/TCGA-CM-4746-01Z-00-DX1.c83b9795-bf45-4100-9052-a7e485e0f770_(76829,32283).jpg",0.99999964,3.040849e-07,1
"images/TEST/MSIH/TCGA-AD-6895-01Z-00-DX1.7FB1FBC6-683B-4285-89D1-A7A20F07A9D4_(16955,10005).jpg",0.9999956,4.4318003e-06,1
"images/TEST/MSIH/TCGA-A6-6653-01Z-00-DX1.e130666d-2681-4382-9e7a-4a4d27cb77a4_(91364,4362).jpg",0.99999964,3.1422988e-07,1
"images/TEST/MSIH/TCGA-AD-6895-01Z-00-DX1.7FB1FBC6-683B-4285-89D1-A7A20F07A9D4_(7811,12037).jpg",0.99999976,2.3388804e-07,1
"images/TEST/MSIH/TCGA-AA-3715-01Z-00-DX1.24d6e746-ad61-4587-a2b9-8903331b279c_(39599,43863).jpg",0.9999994,5.9033897e-07,1
"images/TEST/MSIH/TCGA-AA-3811-01Z-00-DX1.369d7946-911e-4e97-8ae7-32ef12b6b106_(12536,109136).jpg",0.9999999,1.3050585e-07,1
"images/TEST/MSIH/TCGA-G4-6309-01Z-00-DX1.3eb20fdc-eb86-4bd5-8194-76b02d4fa472_(47662,63502).jpg",0.99999964,3.852265e-07,1
"images/TEST/MSIH/TCGA-AA-3877-01Z-00-DX1.36902310-bc0b-4437-9f86-6df85703e0ad_(40304,90850).jpg",0.99999964,3.572255e-07,1
"images/TEST/MSIH/TCGA-AA-3864-01Z-00-DX1.f6992bc7-ba05-4c30-9500-8f7b07b30f9a_(18002,24536).jpg",0.9999993,6.86136e-07,1
"images/TEST/MSIH/TCGA-CK-6747-01Z-00-DX1.7824596c-84db-4bee-b149-cd8f617c285f_(81488,27326).jpg",0.9999995,5.1877055e-07,1
"images/TEST/MSIH/TCGA-AZ-6598-01Z-00-DX1.1fc4cd61-4524-413b-b36d-ad438785bc06_(83294,46016).jpg",0.9999995,4.7742094e-07,1
"images/TEST/MSIH/TCGA-AZ-6598-01Z-00-DX1.1fc4cd61-4524-413b-b36d-ad438785bc06_(45702,53128).jpg",0.9999988,1.1895737e-06,1
"images/TEST/MSIH/TCGA-AA-3811-01Z-00-DX1.369d7946-911e-4e97-8ae7-32ef12b6b106_(9233,94823).jpg",0.9999994,5.656012e-07,1
"images/TEST/MSIH/TCGA-QG-A5Z2-01Z-00-DX2.F2352352-8F00-4BB3-8A62-8D1C1E374F95_(78186,75449).jpg",0.99999964,3.5766251e-07,1
"images/TEST/MSIH/TCGA-AA-3877-01Z-00-DX1.36902310-bc0b-4437-9f86-6df85703e0ad_(44708,78739).jpg",0.9999993,7.3295234e-07,1
"images/TEST/MSIH/TCGA-D5-6927-01Z-00-DX1.ff21d627-dbb8-4200-937b-f8be8b86b6d4_(66390,18523).jpg",0.9999988,1.1857567e-06,1
"images/TEST/MSIH/TCGA-AA-3950-01Z-00-DX1.2a81cf11-4c16-4e9e-8809-6f63152060da_(37635,89919).jpg",0.9999999,8.8428315e-08,1
"images/TEST/MSIH/TCGA-AA-3864-01Z-00-DX1.f6992bc7-ba05-4c30-9500-8f7b07b30f9a_(19103,26738).jpg",0.99999964,3.978994e-07,1
"images/TEST/MSIH/TCGA-CM-4743-01Z-00-DX1.f54a6355-5623-498c-96b9-2ff1de6576c6_(24131,37889).jpg",0.9999999,1.1200923e-07,1
"images/TEST/MSIH/TCGA-CK-6746-01Z-00-DX1.0aae8eec-1e82-494b-8779-d79fea8bec0c_(40912,39421).jpg",0.9999999,6.244594e-08,1
"images/TEST/MSIH/TCGA-D5-6927-01Z-00-DX1.ff21d627-dbb8-4200-937b-f8be8b86b6d4_(83662,8363).jpg",0.99999964,4.1201187e-07,1
"images/TEST/MSIH/TCGA-AA-3864-01Z-00-DX1.f6992bc7-ba05-4c30-9500-8f7b07b30f9a_(13598,15728).jpg",0.99999964,3.7779935e-07,1
"images/TEST/MSIH/TCGA-AA-3715-01Z-00-DX1.24d6e746-ad61-4587-a2b9-8903331b279c_(31892,51570).jpg",0.99999785,2.202744e-06,1
"images/TEST/MSIH/TCGA-AZ-6598-01Z-00-DX1.1fc4cd61-4524-413b-b36d-ad438785bc06_(39606,43984).jpg",0.99999964,3.8361415e-07,1
"images/TEST/MSIH/TCGA-QG-A5Z2-01Z-00-DX2.F2352352-8F00-4BB3-8A62-8D1C1E374F95_(70082,68358).jpg",0.9999995,4.3027362e-07,1
"images/TEST/MSIH/TCGA-AD-6889-01Z-00-DX1.5269A81E-5391-4875-8F2A-6505BC5BBFD9_(20979,6230).jpg",0.9999982,1.7602508e-06,1
"images/TEST/MSIH/TCGA-CK-6746-01Z-00-DX1.0aae8eec-1e82-494b-8779-d79fea8bec0c_(58184,36373).jpg",0.9999995,4.5467107e-07,1
"images/TEST/MSIH/TCGA-AA-3877-01Z-00-DX1.36902310-bc0b-4437-9f86-6df85703e0ad_(49112,72133).jpg",0.9999994,6.187484e-07,1
"images/TEST/MSIH/TCGA-QG-A5Z2-01Z-00-DX1.51896C31-235E-48EF-90F7-FC05350CA564_(70592,52958).jpg",0.9999994,6.108467e-07,1
"images/TEST/MSIH/TCGA-AA-3811-01Z-00-DX1.369d7946-911e-4e97-8ae7-32ef12b6b106_(7031,88217).jpg",0.9999993,7.207705e-07,1
"images/TEST/MSIH/TCGA-AA-3811-01Z-00-DX1.369d7946-911e-4e97-8ae7-32ef12b6b106_(11435,94823).jpg",0.9999999,1.4661529e-07,1
"images/TEST/MSIH/TCGA-AA-3864-01Z-00-DX1.f6992bc7-ba05-4c30-9500-8f7b07b30f9a_(15800,15728).jpg",0.99999964,3.7240562e-07,1
"images/TEST/MSIH/TCGA-CM-6674-01Z-00-DX1.4a08b16a-788e-43dc-85d2-baff6e911de2_(51988,68601).jpg",0.99999964,3.0092593e-07,1
"images/TEST/MSIH/TCGA-CM-4746-01Z-00-DX1.c83b9795-bf45-4100-9052-a7e485e0f770_(25013,33299).jpg",0.99999917,7.937462e-07,1
"images/TEST/MSIH/TCGA-AA-3950-01Z-00-DX1.2a81cf11-4c16-4e9e-8809-6f63152060da_(39837,87717).jpg",0.99999964,3.240859e-07,1
"images/TEST/MSIH/TCGA-CK-6747-01Z-00-DX1.7824596c-84db-4bee-b149-cd8f617c285f_(53040,30374).jpg",0.99999774,2.3190737e-06,1
"images/TEST/MSIH/TCGA-AZ-6598-01Z-00-DX1.1fc4cd61-4524-413b-b36d-ad438785bc06_(84310,62272).jpg",0.9999999,1.533969e-07,1
"images/TEST/MSIH/TCGA-G4-6309-01Z-00-DX1.3eb20fdc-eb86-4bd5-8194-76b02d4fa472_(97446,34038).jpg",0.99999905,9.530006e-07,1
"images/TEST/MSIH/TCGA-G4-6309-01Z-00-DX1.3eb20fdc-eb86-4bd5-8194-76b02d4fa472_(54774,55374).jpg",0.9999995,5.1696793e-07,1
"images/TEST/MSIH/TCGA-AA-3715-01Z-00-DX1.24d6e746-ad61-4587-a2b9-8903331b279c_(38498,51570).jpg",0.9999982,1.7295959e-06,1
"images/TEST/MSIH/TCGA-CK-6746-01Z-00-DX1.0aae8eec-1e82-494b-8779-d79fea8bec0c_(51072,48565).jpg",0.99999964,3.2223e-07,1
"images/TEST/MSIH/TCGA-CK-6747-01Z-00-DX1.7824596c-84db-4bee-b149-cd8f617c285f_(48976,14118).jpg",0.99999726,2.6912544e-06,1
"images/TEST/MSIH/TCGA-D5-6927-01Z-00-DX1.ff21d627-dbb8-4200-937b-f8be8b86b6d4_(70454,16491).jpg",0.9999995,4.3859436e-07,1
"images/TEST/MSIH/TCGA-CM-4746-01Z-00-DX1.c83b9795-bf45-4100-9052-a7e485e0f770_(37205,30251).jpg",0.99999976,1.9056972e-07,1
"images/TEST/MSIH/TCGA-AD-6895-01Z-00-DX1.7FB1FBC6-683B-4285-89D1-A7A20F07A9D4_(13907,13053).jpg",0.9999999,1.2415424e-07,1
"images/TEST/MSIH/TCGA-AD-A5EJ-01Z-00-DX1.FA56CEAF-8B70-45EF-A2C9-8AA7BEB3D88A_(26126,19027).jpg",0.99999976,2.5660006e-07,1
"images/TEST/MSIH/TCGA-AA-A01P-01Z-00-DX1.D7AAA4F0-C956-4346-8948-DADACDFB3B69_(42511,59257).jpg",0.9999995,4.5657424e-07,1
"images/TEST/MSIH/TCGA-CK-6747-01Z-00-DX1.7824596c-84db-4bee-b149-cd8f617c285f_(47960,29358).jpg",0.99999976,2.8692605e-07,1
"images/TEST/MSIH/TCGA-D5-6530-01Z-00-DX1.5c4bbcd1-51ba-467d-93f9-f2a9e7c5e010_(1819,55476).jpg",0.9999994,6.3388865e-07,1
"images/TEST/MSIH/TCGA-AA-A01P-01Z-00-DX1.D7AAA4F0-C956-4346-8948-DADACDFB3B69_(41410,61459).jpg",0.99999964,3.8377993e-07,1
"images/TEST/MSIH/TCGA-QG-A5Z2-01Z-00-DX2.F2352352-8F00-4BB3-8A62-8D1C1E374F95_(72108,73423).jpg",0.99999845,1.5810679e-06,1
"images/TEST/MSIH/TCGA-AA-A01P-01Z-00-DX1.D7AAA4F0-C956-4346-8948-DADACDFB3B69_(38107,82378).jpg",0.99999976,2.1599361e-07,1
"images/TEST/MSIH/TCGA-CM-6674-01Z-00-DX1.4a08b16a-788e-43dc-85d2-baff6e911de2_(80436,75713).jpg",0.9999994,5.4629095e-07,1
"images/TEST/MSIH/TCGA-AA-3715-01Z-00-DX1.24d6e746-ad61-4587-a2b9-8903331b279c_(47306,43863).jpg",0.99999917,8.160127e-07,1
"images/TEST/MSIH/TCGA-CM-4743-01Z-00-DX1.f54a6355-5623-498c-96b9-2ff1de6576c6_(95251,51097).jpg",0.99999976,2.0435984e-07,1
"images/TEST/MSIH/TCGA-CK-6746-01Z-00-DX1.0aae8eec-1e82-494b-8779-d79fea8bec0c_(31768,50597).jpg",0.9999999,7.617052e-08,1
"images/TEST/MSIH/TCGA-CM-4746-01Z-00-DX1.c83b9795-bf45-4100-9052-a7e485e0f770_(25013,25171).jpg",0.99999976,2.7631117e-07,1
"images/TEST/MSIH/TCGA-QG-A5Z2-01Z-00-DX1.51896C31-235E-48EF-90F7-FC05350CA564_(69579,46880).jpg",0.99999976,2.4145425e-07,1
"images/TEST/MSIH/TCGA-F4-6703-01Z-00-DX1.28225f5d-d880-4605-831f-f22ec0272cde_(52688,49717).jpg",0.99999917,8.721422e-07,1
"images/TEST/MSIH/TCGA-CM-6674-01Z-00-DX1.4a08b16a-788e-43dc-85d2-baff6e911de2_(109900,68601).jpg",0.9999994,5.968445e-07,1
"images/TEST/MSIH/TCGA-QG-A5Z2-01Z-00-DX1.51896C31-235E-48EF-90F7-FC05350CA564_(45267,20542).jpg",0.9999993,7.741534e-07,1
"images/TEST/MSIH/TCGA-AA-A01P-01Z-00-DX1.D7AAA4F0-C956-4346-8948-DADACDFB3B69_(60127,65863).jpg",0.999998,1.9830343e-06,1
"images/TEST/MSIH/TCGA-D5-6530-01Z-00-DX1.5c4bbcd1-51ba-467d-93f9-f2a9e7c5e010_(66843,61572).jpg",0.99999976,2.7491046e-07,1
"images/TEST/MSIH/TCGA-CM-4743-01Z-00-DX1.f54a6355-5623-498c-96b9-2ff1de6576c6_(73915,57193).jpg",0.99999976,2.0892216e-07,1
"images/TEST/MSIH/TCGA-QG-A5Z2-01Z-00-DX1.51896C31-235E-48EF-90F7-FC05350CA564_(66540,49919).jpg",0.9999999,1.15999164e-07,1
"images/TEST/MSIH/TCGA-AD-6889-01Z-00-DX1.5269A81E-5391-4875-8F2A-6505BC5BBFD9_(7771,30614).jpg",0.9999999,1.5980339e-07,1
"images/TEST/MSIH/TCGA-CK-6747-01Z-00-DX1.7824596c-84db-4bee-b149-cd8f617c285f_(23576,30374).jpg",0.9999994,5.5167453e-07,1
"images/TEST/MSIH/TCGA-CM-6674-01Z-00-DX1.4a08b16a-788e-43dc-85d2-baff6e911de2_(46908,62505).jpg",0.99999774,2.2095944e-06,1
"images/TEST/MSIH/TCGA-AD-A5EJ-01Z-00-DX1.FA56CEAF-8B70-45EF-A2C9-8AA7BEB3D88A_(15966,24107).jpg",0.99999857,1.4687507e-06,1
"images/TEST/MSIH/TCGA-A6-6653-01Z-00-DX1.e130666d-2681-4382-9e7a-4a4d27cb77a4_(88316,18586).jpg",0.99999905,9.427534e-07,1
"images/TEST/MSIH/TCGA-AA-3877-01Z-00-DX1.36902310-bc0b-4437-9f86-6df85703e0ad_(66728,93052).jpg",0.99999964,3.8824712e-07,1
"images/TEST/MSIH/TCGA-CK-6746-01Z-00-DX1.0aae8eec-1e82-494b-8779-d79fea8bec0c_(57168,46533).jpg",0.9999995,5.253349e-07,1
"images/TEST/MSIH/TCGA-AZ-6598-01Z-00-DX1.1fc4cd61-4524-413b-b36d-ad438785bc06_(30462,55160).jpg",0.9999999,1.01762296e-07,1
"images/TEST/MSIH/TCGA-QG-A5Z2-01Z-00-DX1.51896C31-235E-48EF-90F7-FC05350CA564_(77683,14464).jpg",0.99999964,3.5277762e-07,1
"images/TEST/MSIH/TCGA-AZ-6598-01Z-00-DX1.1fc4cd61-4524-413b-b36d-ad438785bc06_(37574,53128).jpg",0.9999994,5.611949e-07,1
"images/TEST/MSIH/TCGA-QG-A5Z2-01Z-00-DX2.F2352352-8F00-4BB3-8A62-8D1C1E374F95_(73121,71397).jpg",0.9999999,1.684774e-07,1
"images/TEST/MSIH/TCGA-AA-3877-01Z-00-DX1.36902310-bc0b-4437-9f86-6df85703e0ad_(51314,95254).jpg",0.9999999,1.11485754e-07,1
"images/TEST/MSIH/TCGA-D5-6530-01Z-00-DX1.5c4bbcd1-51ba-467d-93f9-f2a9e7c5e010_(43475,60556).jpg",0.9999945,5.429339e-06,1
"images/TEST/MSIH/TCGA-QG-A5Z2-01Z-00-DX2.F2352352-8F00-4BB3-8A62-8D1C1E374F95_(26523,72410).jpg",0.99999964,3.7411107e-07,1
"images/TEST/MSIH/TCGA-AA-3715-01Z-00-DX1.24d6e746-ad61-4587-a2b9-8903331b279c_(39599,48267).jpg",0.9999939,6.076961e-06,1
"images/TEST/MSIH/TCGA-CM-4743-01Z-00-DX1.f54a6355-5623-498c-96b9-2ff1de6576c6_(60707,40937).jpg",0.99999964,3.4229706e-07,1
"images/TEST/MSIH/TCGA-F4-6703-01Z-00-DX1.28225f5d-d880-4605-831f-f22ec0272cde_(66912,48701).jpg",0.99999976,2.489856e-07,1
"images/TEST/MSIH/TCGA-AD-6889-01Z-00-DX1.5269A81E-5391-4875-8F2A-6505BC5BBFD9_(32155,51950).jpg",0.9999988,1.1375558e-06,1
"images/TEST/MSIH/TCGA-CM-4746-01Z-00-DX1.c83b9795-bf45-4100-9052-a7e485e0f770_(78861,11963).jpg",0.99999905,9.833084e-07,1
"images/TEST/MSIH/TCGA-G4-6309-01Z-00-DX1.3eb20fdc-eb86-4bd5-8194-76b02d4fa472_(95414,37086).jpg",0.99999917,8.297093e-07,1
"images/TEST/MSIH/TCGA-AD-A5EJ-01Z-00-DX1.FA56CEAF-8B70-45EF-A2C9-8AA7BEB3D88A_(9870,34267).jpg",0.9999995,4.811269e-07,1
"images/TEST/MSIH/TCGA-AA-3864-01Z-00-DX1.f6992bc7-ba05-4c30-9500-8f7b07b30f9a_(12497,11324).jpg",0.9999999,1.29307e-07,1
"images/TEST/MSIH/TCGA-AA-3950-01Z-00-DX1.2a81cf11-4c16-4e9e-8809-6f63152060da_(45342,71202).jpg",0.99999964,3.0515105e-07,1
"images/TEST/MSIH/TCGA-A6-6653-01Z-00-DX1.e130666d-2681-4382-9e7a-4a4d27cb77a4_(90348,8426).jpg",0.9999994,6.5051273e-07,1
"images/TEST/MSIH/TCGA-AD-A5EJ-01Z-00-DX1.FA56CEAF-8B70-45EF-A2C9-8AA7BEB3D88A_(11902,19027).jpg",0.99999964,3.7253457e-07,1
"images/TEST/MSIH/TCGA-QG-A5Z2-01Z-00-DX1.51896C31-235E-48EF-90F7-FC05350CA564_(81735,25607).jpg",0.999998,2.0788343e-06,1
"images/TEST/MSIH/TCGA-CK-6746-01Z-00-DX1.0aae8eec-1e82-494b-8779-d79fea8bec0c_(27704,44501).jpg",0.9999999,1.681663e-07,1
"images/TEST/MSIH/TCGA-AZ-6598-01Z-00-DX1.1fc4cd61-4524-413b-b36d-ad438785bc06_(87358,60240).jpg",0.9999994,5.6112526e-07,1
"images/TEST/MSIH/TCGA-QG-A5Z2-01Z-00-DX1.51896C31-235E-48EF-90F7-FC05350CA564_(45267,13451).jpg",0.99999976,2.5526595e-07,1
"images/TEST/MSIH/TCGA-AA-3950-01Z-00-DX1.2a81cf11-4c16-4e9e-8809-6f63152060da_(44241,75606).jpg",0.99999964,3.015459e-07,1
"images/TEST/MSIH/TCGA-QG-A5Z2-01Z-00-DX1.51896C31-235E-48EF-90F7-FC05350CA564_(65527,54984).jpg",1.0,5.7677763e-08,1
"images/TEST/MSIH/TCGA-A6-6653-01Z-00-DX1.e130666d-2681-4382-9e7a-4a4d27cb77a4_(94412,23666).jpg",0.9999994,5.453087e-07,1
"images/TEST/MSIH/TCGA-AA-3877-01Z-00-DX1.36902310-bc0b-4437-9f86-6df85703e0ad_(60122,98557).jpg",0.99999976,2.3304062e-07,1
"images/TEST/MSIH/TCGA-CM-6674-01Z-00-DX1.4a08b16a-788e-43dc-85d2-baff6e911de2_(96692,73681).jpg",0.9999999,1.5841876e-07,1
"images/TEST/MSIH/TCGA-AA-3877-01Z-00-DX1.36902310-bc0b-4437-9f86-6df85703e0ad_(48011,77638).jpg",0.99999917,8.100726e-07,1
"images/TEST/MSIH/TCGA-CM-4743-01Z-00-DX1.f54a6355-5623-498c-96b9-2ff1de6576c6_(66803,68369).jpg",0.9999974,2.6315079e-06,1
"images/TEST/MSIH/TCGA-AD-6895-01Z-00-DX1.7FB1FBC6-683B-4285-89D1-A7A20F07A9D4_(15939,13053).jpg",0.99999964,3.191825e-07,1
"images/TEST/MSIH/TCGA-F4-6703-01Z-00-DX1.28225f5d-d880-4605-831f-f22ec0272cde_(52688,51749).jpg",0.9999995,4.278537e-07,1
"images/TEST/MSIH/TCGA-AA-3715-01Z-00-DX1.24d6e746-ad61-4587-a2b9-8903331b279c_(55013,33954).jpg",0.99999917,8.801644e-07,1
"images/TEST/MSIH/TCGA-QG-A5Z2-01Z-00-DX1.51896C31-235E-48EF-90F7-FC05350CA564_(74644,52958).jpg",0.9999999,1.7613462e-07,1
"images/TEST/MSIH/TCGA-AA-3715-01Z-00-DX1.24d6e746-ad61-4587-a2b9-8903331b279c_(70427,47166).jpg",0.99999976,2.6289567e-07,1
"images/TEST/MSIH/TCGA-D5-6530-01Z-00-DX1.5c4bbcd1-51ba-467d-93f9-f2a9e7c5e010_(77003,62588).jpg",0.9999999,1.4481807e-07,1
"images/TEST/MSIH/TCGA-QG-A5Z2-01Z-00-DX1.51896C31-235E-48EF-90F7-FC05350CA564_(68566,73218).jpg",0.9999989,1.0430093e-06,1
"images/TEST/MSIH/TCGA-QG-A5Z2-01Z-00-DX2.F2352352-8F00-4BB3-8A62-8D1C1E374F95_(44757,16695).jpg",0.9999999,1.2040249e-07,1
"images/TEST/MSIH/TCGA-QG-A5Z2-01Z-00-DX1.51896C31-235E-48EF-90F7-FC05350CA564_(76670,49919).jpg",0.9999993,6.563642e-07,1
"images/TEST/MSIH/TCGA-CK-6746-01Z-00-DX1.0aae8eec-1e82-494b-8779-d79fea8bec0c_(40912,70917).jpg",0.99999976,2.1371044e-07,1
"images/TEST/MSIH/TCGA-AZ-6598-01Z-00-DX1.1fc4cd61-4524-413b-b36d-ad438785bc06_(67038,41952).jpg",0.9999999,7.466748e-08,1
"images/TEST/MSIH/TCGA-D5-6530-01Z-00-DX1.5c4bbcd1-51ba-467d-93f9-f2a9e7c5e010_(48555,70716).jpg",0.9999994,6.4643785e-07,1
"images/TEST/MSIH/TCGA-G4-6309-01Z-00-DX1.3eb20fdc-eb86-4bd5-8194-76b02d4fa472_(91350,37086).jpg",0.99999964,3.0228932e-07,1
"images/TEST/MSIH/TCGA-CM-4746-01Z-00-DX1.c83b9795-bf45-4100-9052-a7e485e0f770_(33141,10947).jpg",0.99999976,2.7184478e-07,1
"images/TEST/MSIH/TCGA-AD-6889-01Z-00-DX1.5269A81E-5391-4875-8F2A-6505BC5BBFD9_(5739,15374).jpg",0.99999964,3.432398e-07,1
"images/TEST/MSIH/TCGA-AA-3877-01Z-00-DX1.36902310-bc0b-4437-9f86-6df85703e0ad_(56819,69931).jpg",0.9999994,6.150561e-07,1
"images/TEST/MSIH/TCGA-F4-6703-01Z-00-DX1.28225f5d-d880-4605-831f-f22ec0272cde_(82152,37525).jpg",0.9999995,4.6658926e-07,1
"images/TEST/MSIH/TCGA-G4-6309-01Z-00-DX1.3eb20fdc-eb86-4bd5-8194-76b02d4fa472_(38518,55374).jpg",0.9999999,1.19046646e-07,1
"images/TEST/MSIH/TCGA-AD-A5EJ-01Z-00-DX1.FA56CEAF-8B70-45EF-A2C9-8AA7BEB3D88A_(13934,26139).jpg",0.99999964,3.2786826e-07,1
"images/TEST/MSIH/TCGA-CM-4746-01Z-00-DX1.c83b9795-bf45-4100-9052-a7e485e0f770_(12821,33299).jpg",0.99999917,8.105076e-07,1
"images/TEST/MSIH/TCGA-CK-6746-01Z-00-DX1.0aae8eec-1e82-494b-8779-d79fea8bec0c_(37864,41453).jpg",0.99999976,2.7999488e-07,1
"images/TEST/MSIH/TCGA-AZ-6598-01Z-00-DX1.1fc4cd61-4524-413b-b36d-ad438785bc06_(68054,55160).jpg",0.99999976,2.576658e-07,1
"images/TEST/MSIH/TCGA-D5-6530-01Z-00-DX1.5c4bbcd1-51ba-467d-93f9-f2a9e7c5e010_(10963,50396).jpg",0.9999995,4.4052348e-07,1
"images/TEST/MSIH/TCGA-AZ-6598-01Z-00-DX1.1fc4cd61-4524-413b-b36d-ad438785bc06_(85326,49064).jpg",0.99999976,2.9550236e-07,1
"images/TEST/MSIH/TCGA-CK-6746-01Z-00-DX1.0aae8eec-1e82-494b-8779-d79fea8bec0c_(62248,42469).jpg",0.9999994,6.0736545e-07,1
"images/TEST/MSIH/TCGA-CM-4743-01Z-00-DX1.f54a6355-5623-498c-96b9-2ff1de6576c6_(88139,46017).jpg",0.9999999,1.2033419e-07,1
"images/TEST/MSIH/TCGA-D5-6927-01Z-00-DX1.ff21d627-dbb8-4200-937b-f8be8b86b6d4_(61310,15475).jpg",0.99999964,3.8134607e-07,1
"images/TEST/MSIH/TCGA-AA-3950-01Z-00-DX1.2a81cf11-4c16-4e9e-8809-6f63152060da_(53049,81111).jpg",1.0,5.5698965e-08,1
"images/TEST/MSIH/TCGA-CK-6747-01Z-00-DX1.7824596c-84db-4bee-b149-cd8f617c285f_(89616,17166).jpg",0.99999964,3.1818868e-07,1
"images/TEST/MSIH/TCGA-AD-A5EJ-01Z-00-DX1.FA56CEAF-8B70-45EF-A2C9-8AA7BEB3D88A_(10886,27155).jpg",0.99999964,3.4166078e-07,1
"images/TEST/MSIH/TCGA-CM-4746-01Z-00-DX1.c83b9795-bf45-4100-9052-a7e485e0f770_(93085,31267).jpg",0.99999976,2.8225847e-07,1
"images/TEST/MSIH/TCGA-CK-6746-01Z-00-DX1.0aae8eec-1e82-494b-8779-d79fea8bec0c_(65296,48565).jpg",0.9999999,1.1587257e-07,1
"images/TEST/MSIH/TCGA-AD-A5EJ-01Z-00-DX1.FA56CEAF-8B70-45EF-A2C9-8AA7BEB3D88A_(10886,16995).jpg",0.99999976,1.9456239e-07,1
"images/TEST/MSIH/TCGA-AA-3950-01Z-00-DX1.2a81cf11-4c16-4e9e-8809-6f63152060da_(60756,70101).jpg",0.9999999,1.1711942e-07,1
"images/TEST/MSIH/TCGA-A6-6653-01Z-00-DX1.e130666d-2681-4382-9e7a-4a4d27cb77a4_(101524,5378).jpg",0.9999995,4.512055e-07,1
"images/TEST/MSIH/TCGA-AA-A01P-01Z-00-DX1.D7AAA4F0-C956-4346-8948-DADACDFB3B69_(72238,87883).jpg",0.99999905,9.898681e-07,1
"images/TEST/MSIH/TCGA-G4-6309-01Z-00-DX1.3eb20fdc-eb86-4bd5-8194-76b02d4fa472_(49694,53342).jpg",0.99999964,3.6385865e-07,1
"images/TEST/MSIH/TCGA-AA-3811-01Z-00-DX1.369d7946-911e-4e97-8ae7-32ef12b6b106_(9233,105833).jpg",0.9999993,7.5235016e-07,1
"images/TEST/MSIH/TCGA-AA-A01P-01Z-00-DX1.D7AAA4F0-C956-4346-8948-DADACDFB3B69_(49117,65863).jpg",0.9999989,1.1012751e-06,1
"images/TEST/MSIH/TCGA-G4-6309-01Z-00-DX1.3eb20fdc-eb86-4bd5-8194-76b02d4fa472_(89318,46230).jpg",0.9999995,4.3110373e-07,1
"images/TEST/MSIH/TCGA-AA-3877-01Z-00-DX1.36902310-bc0b-4437-9f86-6df85703e0ad_(72233,90850).jpg",0.99999964,4.0540226e-07,1
"images/TEST/MSIH/TCGA-AA-3864-01Z-00-DX1.f6992bc7-ba05-4c30-9500-8f7b07b30f9a_(15800,22334).jpg",0.9999989,1.0197442e-06,1
"images/TEST/MSIH/TCGA-AA-3864-01Z-00-DX1.f6992bc7-ba05-4c30-9500-8f7b07b30f9a_(11396,20132).jpg",0.9999995,4.7219325e-07,1
"images/TEST/MSIH/TCGA-QG-A5Z2-01Z-00-DX2.F2352352-8F00-4BB3-8A62-8D1C1E374F95_(58939,73423).jpg",0.9999995,4.8373414e-07,1
"images/TEST/MSIH/TCGA-D5-6927-01Z-00-DX1.ff21d627-dbb8-4200-937b-f8be8b86b6d4_(88742,13443).jpg",0.9999995,4.6588673e-07,1
"images/TEST/MSIH/TCGA-G4-6309-01Z-00-DX1.3eb20fdc-eb86-4bd5-8194-76b02d4fa472_(29374,60454).jpg",0.99999964,3.8744378e-07,1
"images/TEST/MSIH/TCGA-CM-4743-01Z-00-DX1.f54a6355-5623-498c-96b9-2ff1de6576c6_(29211,84625).jpg",0.9999999,1.2349342e-07,1
"images/TEST/MSIH/TCGA-AA-3811-01Z-00-DX1.369d7946-911e-4e97-8ae7-32ef12b6b106_(8132,94823).jpg",0.9999999,7.201082e-08,1
"images/TEST/MSIH/TCGA-G4-6309-01Z-00-DX1.3eb20fdc-eb86-4bd5-8194-76b02d4fa472_(33438,56390).jpg",0.9999987,1.3686059e-06,1
"images/TEST/MSIH/TCGA-CK-6747-01Z-00-DX1.7824596c-84db-4bee-b149-cd8f617c285f_(6304,35454).jpg",0.99999905,9.610129e-07,1
"images/TEST/MSIH/TCGA-CM-6674-01Z-00-DX1.4a08b16a-788e-43dc-85d2-baff6e911de2_(16428,63521).jpg",0.9999994,6.3769585e-07,1
"images/TEST/MSIH/TCGA-D5-6530-01Z-00-DX1.5c4bbcd1-51ba-467d-93f9-f2a9e7c5e010_(77003,68684).jpg",0.99999964,3.8388205e-07,1
"images/TEST/MSIH/TCGA-CM-4746-01Z-00-DX1.c83b9795-bf45-4100-9052-a7e485e0f770_(23997,34315).jpg",0.99999964,3.5887578e-07,1
"images/TEST/MSIH/TCGA-QG-A5Z2-01Z-00-DX1.51896C31-235E-48EF-90F7-FC05350CA564_(83761,20542).jpg",0.9999974,2.6303012e-06,1
"images/TEST/MSIH/TCGA-AA-3950-01Z-00-DX1.2a81cf11-4c16-4e9e-8809-6f63152060da_(36534,89919).jpg",0.99999976,1.9994805e-07,1
"images/TEST/MSIH/TCGA-AZ-6598-01Z-00-DX1.1fc4cd61-4524-413b-b36d-ad438785bc06_(63990,40936).jpg",0.99999917,7.9333074e-07,1
"images/TEST/MSIH/TCGA-CK-6747-01Z-00-DX1.7824596c-84db-4bee-b149-cd8f617c285f_(15448,37486).jpg",0.9999989,1.0935889e-06,1
"images/TEST/MSIH/TCGA-AD-6895-01Z-00-DX1.7FB1FBC6-683B-4285-89D1-A7A20F07A9D4_(6795,7973).jpg",0.9999995,5.1486893e-07,1
"images/TEST/MSIH/TCGA-G4-6309-01Z-00-DX1.3eb20fdc-eb86-4bd5-8194-76b02d4fa472_(50710,59438).jpg",0.99999905,9.0920867e-07,1
"images/TEST/MSIH/TCGA-D5-6927-01Z-00-DX1.ff21d627-dbb8-4200-937b-f8be8b86b6d4_(73502,1251).jpg",0.99999213,7.8090625e-06,1
"images/TEST/MSIH/TCGA-AA-3715-01Z-00-DX1.24d6e746-ad61-4587-a2b9-8903331b279c_(45104,46065).jpg",0.99999964,3.8963807e-07,1
"images/TEST/MSIH/TCGA-AD-A5EJ-01Z-00-DX1.FA56CEAF-8B70-45EF-A2C9-8AA7BEB3D88A_(16982,16995).jpg",0.99999964,3.6438647e-07,1
"images/TEST/MSIH/TCGA-CK-6746-01Z-00-DX1.0aae8eec-1e82-494b-8779-d79fea8bec0c_(44976,39421).jpg",0.99999964,3.5400305e-07,1
"images/TEST/MSIH/TCGA-CM-4746-01Z-00-DX1.c83b9795-bf45-4100-9052-a7e485e0f770_(56509,30251).jpg",0.9999993,7.290289e-07,1
"images/TEST/MSIH/TCGA-QG-A5Z2-01Z-00-DX2.F2352352-8F00-4BB3-8A62-8D1C1E374F95_(8289,54176).jpg",0.99999905,9.057814e-07,1
"images/TEST/MSIH/TCGA-AA-3811-01Z-00-DX1.369d7946-911e-4e97-8ae7-32ef12b6b106_(4829,109136).jpg",0.9999994,5.7148736e-07,1
"images/TEST/MSIH/TCGA-D5-6530-01Z-00-DX1.5c4bbcd1-51ba-467d-93f9-f2a9e7c5e010_(59731,68684).jpg",0.9999994,5.52399e-07,1
"images/TEST/MSIH/TCGA-G4-6309-01Z-00-DX1.3eb20fdc-eb86-4bd5-8194-76b02d4fa472_(83222,40134).jpg",0.99999726,2.7608883e-06,1
"images/TEST/MSIH/TCGA-AD-A5EJ-01Z-00-DX1.FA56CEAF-8B70-45EF-A2C9-8AA7BEB3D88A_(16982,27155).jpg",0.99999917,7.750406e-07,1
"images/TEST/MSIH/TCGA-F4-6703-01Z-00-DX1.28225f5d-d880-4605-831f-f22ec0272cde_(88248,41589).jpg",0.99999964,3.8209598e-07,1
"images/TEST/MSIH/TCGA-CK-6747-01Z-00-DX1.7824596c-84db-4bee-b149-cd8f617c285f_(33736,25294).jpg",0.99999976,1.9930076e-07,1
"images/TEST/MSIH/TCGA-AD-A5EJ-01Z-00-DX1.FA56CEAF-8B70-45EF-A2C9-8AA7BEB3D88A_(21046,12931).jpg",0.9999995,4.5399773e-07,1
"images/TEST/MSIH/TCGA-AZ-6598-01Z-00-DX1.1fc4cd61-4524-413b-b36d-ad438785bc06_(90406,41952).jpg",0.9999993,6.816664e-07,1
"images/TEST/MSIH/TCGA-F4-6703-01Z-00-DX1.28225f5d-d880-4605-831f-f22ec0272cde_(83168,40573).jpg",0.99999905,9.660494e-07,1
"images/TEST/MSIH/TCGA-AA-3811-01Z-00-DX1.369d7946-911e-4e97-8ae7-32ef12b6b106_(19142,92621).jpg",0.9999994,6.1449856e-07,1
"images/TEST/MSIH/TCGA-CK-6746-01Z-00-DX1.0aae8eec-1e82-494b-8779-d79fea8bec0c_(78504,46533).jpg",0.9999999,7.952603e-08,1
"images/TEST/MSIH/TCGA-AA-3811-01Z-00-DX1.369d7946-911e-4e97-8ae7-32ef12b6b106_(9233,95924).jpg",0.99999964,3.3875145e-07,1
"images/TEST/MSIH/TCGA-F4-6703-01Z-00-DX1.28225f5d-d880-4605-831f-f22ec0272cde_(69960,56829).jpg",0.99999976,2.291939e-07,1
"images/TEST/MSIH/TCGA-A6-6653-01Z-00-DX1.e130666d-2681-4382-9e7a-4a4d27cb77a4_(88316,10458).jpg",0.99999845,1.5427142e-06,1
"images/TEST/MSIH/TCGA-AD-6889-01Z-00-DX1.5269A81E-5391-4875-8F2A-6505BC5BBFD9_(32155,38742).jpg",0.99999905,9.881628e-07,1
"images/TEST/MSIH/TCGA-QG-A5Z2-01Z-00-DX2.F2352352-8F00-4BB3-8A62-8D1C1E374F95_(14367,31890).jpg",0.9999994,5.90308e-07,1
"images/TEST/MSIH/TCGA-AD-6895-01Z-00-DX1.7FB1FBC6-683B-4285-89D1-A7A20F07A9D4_(9843,12037).jpg",0.99999976,1.9640841e-07,1
"images/TEST/MSIH/TCGA-AZ-6598-01Z-00-DX1.1fc4cd61-4524-413b-b36d-ad438785bc06_(90406,53128).jpg",0.9999999,1.0509396e-07,1
"images/TEST/MSIH/TCGA-CM-6674-01Z-00-DX1.4a08b16a-788e-43dc-85d2-baff6e911de2_(19476,67585).jpg",0.99999964,3.608364e-07,1
"images/TEST/MSIH/TCGA-AD-A5EJ-01Z-00-DX1.FA56CEAF-8B70-45EF-A2C9-8AA7BEB3D88A_(19014,22075).jpg",0.99999964,4.041411e-07,1
"images/TEST/MSIH/TCGA-AD-A5EJ-01Z-00-DX1.FA56CEAF-8B70-45EF-A2C9-8AA7BEB3D88A_(11902,23091).jpg",0.99999964,4.1416362e-07,1
"images/TEST/MSIH/TCGA-QG-A5Z2-01Z-00-DX2.F2352352-8F00-4BB3-8A62-8D1C1E374F95_(53874,69371).jpg",0.99999976,2.6907927e-07,1
"images/TEST/MSIH/TCGA-D5-6927-01Z-00-DX1.ff21d627-dbb8-4200-937b-f8be8b86b6d4_(68422,8363).jpg",0.99999976,2.891643e-07,1
"images/TEST/MSIH/TCGA-AA-3811-01Z-00-DX1.369d7946-911e-4e97-8ae7-32ef12b6b106_(10334,98126).jpg",0.99999964,3.512559e-07,1
"images/TEST/MSIH/TCGA-AA-3715-01Z-00-DX1.24d6e746-ad61-4587-a2b9-8903331b279c_(21983,50469).jpg",0.9999987,1.2617402e-06,1
"images/TEST/MSIH/TCGA-AD-A5EJ-01Z-00-DX1.FA56CEAF-8B70-45EF-A2C9-8AA7BEB3D88A_(27142,15979).jpg",0.99999976,2.6224612e-07,1
"images/TEST/MSIH/TCGA-QG-A5Z2-01Z-00-DX2.F2352352-8F00-4BB3-8A62-8D1C1E374F95_(37666,10617).jpg",0.99999976,2.668203e-07,1
"images/TEST/MSIH/TCGA-D5-6530-01Z-00-DX1.5c4bbcd1-51ba-467d-93f9-f2a9e7c5e010_(66843,63604).jpg",0.9999994,5.847297e-07,1
"images/TEST/MSIH/TCGA-QG-A5Z2-01Z-00-DX1.51896C31-235E-48EF-90F7-FC05350CA564_(75657,43841).jpg",0.9999995,5.334815e-07,1
"images/TEST/MSIH/TCGA-AD-A5EJ-01Z-00-DX1.FA56CEAF-8B70-45EF-A2C9-8AA7BEB3D88A_(19014,28171).jpg",0.99999976,2.7587726e-07,1
"images/TEST/MSIH/TCGA-AA-3864-01Z-00-DX1.f6992bc7-ba05-4c30-9500-8f7b07b30f9a_(9194,13526).jpg",0.9999987,1.3372796e-06,1
"images/TEST/MSIH/TCGA-AD-6889-01Z-00-DX1.5269A81E-5391-4875-8F2A-6505BC5BBFD9_(43331,52966).jpg",0.9999987,1.2524217e-06,1
"images/TEST/MSIH/TCGA-CM-4746-01Z-00-DX1.c83b9795-bf45-4100-9052-a7e485e0f770_(85973,44475).jpg",0.99999976,2.6121026e-07,1
"images/TEST/MSIH/TCGA-AD-6895-01Z-00-DX1.7FB1FBC6-683B-4285-89D1-A7A20F07A9D4_(14923,10005).jpg",0.9999994,6.478765e-07,1
"images/TEST/MSIH/TCGA-D5-6530-01Z-00-DX1.5c4bbcd1-51ba-467d-93f9-f2a9e7c5e010_(64811,74780).jpg",0.9999993,6.7199994e-07,1
"images/TEST/MSIH/TCGA-CM-4743-01Z-00-DX1.f54a6355-5623-498c-96b9-2ff1de6576c6_(73915,64305).jpg",0.99999976,2.0438051e-07,1
"images/TEST/MSIH/TCGA-G4-6309-01Z-00-DX1.3eb20fdc-eb86-4bd5-8194-76b02d4fa472_(88302,44198).jpg",0.99999976,2.9060962e-07,1
"images/TEST/MSIH/TCGA-CK-6747-01Z-00-DX1.7824596c-84db-4bee-b149-cd8f617c285f_(73360,7006).jpg",0.99999976,2.434288e-07,1
"images/TEST/MSIH/TCGA-CM-4746-01Z-00-DX1.c83b9795-bf45-4100-9052-a7e485e0f770_(60573,35331).jpg",0.9999988,1.2079714e-06,1
"images/TEST/MSIH/TCGA-AA-3715-01Z-00-DX1.24d6e746-ad61-4587-a2b9-8903331b279c_(25286,52671).jpg",0.999997,3.0159126e-06,1
"images/TEST/MSIH/TCGA-AZ-6598-01Z-00-DX1.1fc4cd61-4524-413b-b36d-ad438785bc06_(37574,59224).jpg",0.99999976,2.6904436e-07,1
"images/TEST/MSIH/TCGA-QG-A5Z2-01Z-00-DX1.51896C31-235E-48EF-90F7-FC05350CA564_(63501,18516).jpg",0.9999994,5.6634605e-07,1
"images/TEST/MSIH/TCGA-AD-6895-01Z-00-DX1.7FB1FBC6-683B-4285-89D1-A7A20F07A9D4_(13907,8989).jpg",0.9999999,9.936631e-08,1
"images/TEST/MSIH/TCGA-QG-A5Z2-01Z-00-DX2.F2352352-8F00-4BB3-8A62-8D1C1E374F95_(19432,30877).jpg",0.99999976,1.9419535e-07,1
"images/TEST/MSIH/TCGA-D5-6927-01Z-00-DX1.ff21d627-dbb8-4200-937b-f8be8b86b6d4_(61310,20555).jpg",0.9999964,3.5291393e-06,1
"images/TEST/MSIH/TCGA-QG-A5Z2-01Z-00-DX2.F2352352-8F00-4BB3-8A62-8D1C1E374F95_(51848,75449).jpg",0.9999994,5.5938824e-07,1
"images/TEST/MSIH/TCGA-G4-6309-01Z-00-DX1.3eb20fdc-eb86-4bd5-8194-76b02d4fa472_(70014,47246).jpg",0.9999994,5.8548073e-07,1
"images/TEST/MSIH/TCGA-AA-3715-01Z-00-DX1.24d6e746-ad61-4587-a2b9-8903331b279c_(28589,50469).jpg",0.99999523,4.7659573e-06,1
"images/TEST/MSIH/TCGA-QG-A5Z2-01Z-00-DX2.F2352352-8F00-4BB3-8A62-8D1C1E374F95_(10315,56202).jpg",0.99999905,1.0087526e-06,1
"images/TEST/MSIH/TCGA-D5-6530-01Z-00-DX1.5c4bbcd1-51ba-467d-93f9-f2a9e7c5e010_(14011,52428).jpg",0.99999976,2.0727637e-07,1
"images/TEST/MSIH/TCGA-AZ-6598-01Z-00-DX1.1fc4cd61-4524-413b-b36d-ad438785bc06_(70086,40936).jpg",0.99999976,2.544801e-07,1
"images/TEST/MSIH/TCGA-AA-3864-01Z-00-DX1.f6992bc7-ba05-4c30-9500-8f7b07b30f9a_(16901,24536).jpg",0.9999989,1.0161698e-06,1
"images/TEST/MSIH/TCGA-AA-3950-01Z-00-DX1.2a81cf11-4c16-4e9e-8809-6f63152060da_(47544,82212).jpg",0.9999999,1.4065675e-07,1
"images/TEST/MSIH/TCGA-D5-6927-01Z-00-DX1.ff21d627-dbb8-4200-937b-f8be8b86b6d4_(64358,16491).jpg",0.9999993,6.7317114e-07,1
"images/TEST/MSIH/TCGA-D5-6927-01Z-00-DX1.ff21d627-dbb8-4200-937b-f8be8b86b6d4_(71470,7347).jpg",0.99999964,3.565802e-07,1
"images/TEST/MSIH/TCGA-AA-3950-01Z-00-DX1.2a81cf11-4c16-4e9e-8809-6f63152060da_(50847,84414).jpg",0.99999976,1.8551698e-07,1
"images/TEST/MSIH/TCGA-AA-3950-01Z-00-DX1.2a81cf11-4c16-4e9e-8809-6f63152060da_(56352,69000).jpg",0.9999999,1.1132978e-07,1
"images/TEST/MSIH/TCGA-AA-A01P-01Z-00-DX1.D7AAA4F0-C956-4346-8948-DADACDFB3B69_(75541,93388).jpg",0.99999976,2.619959e-07,1
"images/TEST/MSIH/TCGA-CK-6747-01Z-00-DX1.7824596c-84db-4bee-b149-cd8f617c285f_(39832,38502).jpg",0.99999833,1.7229056e-06,1
"images/TEST/MSIH/TCGA-AA-3811-01Z-00-DX1.369d7946-911e-4e97-8ae7-32ef12b6b106_(11435,95924).jpg",0.9999994,5.433247e-07,1
"images/TEST/MSIH/TCGA-A6-6653-01Z-00-DX1.e130666d-2681-4382-9e7a-4a4d27cb77a4_(98476,7410).jpg",0.9999994,6.4703795e-07,1
"images/TEST/MSIH/TCGA-QG-A5Z2-01Z-00-DX1.51896C31-235E-48EF-90F7-FC05350CA564_(61475,13451).jpg",0.9999994,5.576912e-07,1
"images/TEST/MSIH/TCGA-D5-6927-01Z-00-DX1.ff21d627-dbb8-4200-937b-f8be8b86b6d4_(68422,21571).jpg",0.99999964,3.0259446e-07,1
"images/TEST/MSIH/TCGA-D5-6530-01Z-00-DX1.5c4bbcd1-51ba-467d-93f9-f2a9e7c5e010_(75987,61572).jpg",0.9999988,1.1958592e-06,1
"images/TEST/MSIH/TCGA-AA-3950-01Z-00-DX1.2a81cf11-4c16-4e9e-8809-6f63152060da_(51948,78909).jpg",0.99999976,2.1349392e-07,1
"images/TEST/MSIH/TCGA-AA-3877-01Z-00-DX1.36902310-bc0b-4437-9f86-6df85703e0ad_(61223,98557).jpg",0.99999976,2.6223412e-07,1
"images/TEST/MSIH/TCGA-A6-6653-01Z-00-DX1.e130666d-2681-4382-9e7a-4a4d27cb77a4_(94412,9442).jpg",0.9999999,8.4866485e-08,1
"images/TEST/MSIH/TCGA-F4-6703-01Z-00-DX1.28225f5d-d880-4605-831f-f22ec0272cde_(77072,48701).jpg",0.9999999,1.15979915e-07,1
"images/TEST/MSIH/TCGA-AA-3877-01Z-00-DX1.36902310-bc0b-4437-9f86-6df85703e0ad_(73334,80941).jpg",0.99999964,3.7506595e-07,1
"images/TEST/MSIH/TCGA-AA-A01P-01Z-00-DX1.D7AAA4F0-C956-4346-8948-DADACDFB3B69_(54622,62560).jpg",0.9999982,1.8191798e-06,1
"images/TEST/MSIH/TCGA-AD-6889-01Z-00-DX1.5269A81E-5391-4875-8F2A-6505BC5BBFD9_(11835,10294).jpg",0.99999964,3.387256e-07,1
"images/TEST/MSIH/TCGA-AD-6889-01Z-00-DX1.5269A81E-5391-4875-8F2A-6505BC5BBFD9_(27075,29598).jpg",0.99999917,8.5952456e-07,1
"images/TEST/MSIH/TCGA-AD-6895-01Z-00-DX1.7FB1FBC6-683B-4285-89D1-A7A20F07A9D4_(6795,3909).jpg",0.9999995,4.6069442e-07,1
"images/TEST/MSIH/TCGA-CK-6747-01Z-00-DX1.7824596c-84db-4bee-b149-cd8f617c285f_(30688,16150).jpg",0.99999917,8.2546467e-07,1
"images/TEST/MSIH/TCGA-AD-A5EJ-01Z-00-DX1.FA56CEAF-8B70-45EF-A2C9-8AA7BEB3D88A_(26126,23091).jpg",0.99999976,2.5163217e-07,1
"images/TEST/MSIH/TCGA-D5-6927-01Z-00-DX1.ff21d627-dbb8-4200-937b-f8be8b86b6d4_(65374,15475).jpg",0.9999994,5.4304184e-07,1
"images/TEST/MSIH/TCGA-F4-6703-01Z-00-DX1.28225f5d-d880-4605-831f-f22ec0272cde_(85200,57845).jpg",0.9999999,1.021602e-07,1
"images/TEST/MSIH/TCGA-AA-3864-01Z-00-DX1.f6992bc7-ba05-4c30-9500-8f7b07b30f9a_(13598,12425).jpg",0.99999917,8.796299e-07,1
"images/TEST/MSIH/TCGA-QG-A5Z2-01Z-00-DX2.F2352352-8F00-4BB3-8A62-8D1C1E374F95_(35640,73423).jpg",0.99999964,3.2677008e-07,1
"images/TEST/MSIH/TCGA-AD-6895-01Z-00-DX1.7FB1FBC6-683B-4285-89D1-A7A20F07A9D4_(6795,1877).jpg",0.99999976,2.3132768e-07,1
"images/TEST/MSIH/TCGA-CK-6747-01Z-00-DX1.7824596c-84db-4bee-b149-cd8f617c285f_(14432,13102).jpg",0.9999995,4.859647e-07,1
"images/TEST/MSIH/TCGA-AD-A5EJ-01Z-00-DX1.FA56CEAF-8B70-45EF-A2C9-8AA7BEB3D88A_(7838,13947).jpg",0.9999999,1.3153533e-07,1
"images/TEST/MSIH/TCGA-G4-6309-01Z-00-DX1.3eb20fdc-eb86-4bd5-8194-76b02d4fa472_(61886,58422).jpg",0.9999988,1.1791047e-06,1
"images/TEST/MSIH/TCGA-CK-6747-01Z-00-DX1.7824596c-84db-4bee-b149-cd8f617c285f_(64216,35454).jpg",0.9999995,4.898532e-07,1
"images/TEST/MSIH/TCGA-F4-6703-01Z-00-DX1.28225f5d-d880-4605-831f-f22ec0272cde_(78088,62925).jpg",0.9999999,1.555106e-07,1
"images/TEST/MSIH/TCGA-G4-6309-01Z-00-DX1.3eb20fdc-eb86-4bd5-8194-76b02d4fa472_(78142,47246).jpg",0.9999995,4.768867e-07,1
"images/TEST/MSIH/TCGA-CK-6746-01Z-00-DX1.0aae8eec-1e82-494b-8779-d79fea8bec0c_(44976,70917).jpg",0.99999964,3.1387555e-07,1
"images/TEST/MSIH/TCGA-AA-3864-01Z-00-DX1.f6992bc7-ba05-4c30-9500-8f7b07b30f9a_(12497,10223).jpg",0.9999995,5.208288e-07,1
"images/TEST/MSIH/TCGA-AD-A5EJ-01Z-00-DX1.FA56CEAF-8B70-45EF-A2C9-8AA7BEB3D88A_(13934,35283).jpg",0.99999976,1.876714e-07,1
"images/TEST/MSIH/TCGA-AA-3864-01Z-00-DX1.f6992bc7-ba05-4c30-9500-8f7b07b30f9a_(15800,12425).jpg",0.9999999,1.5572714e-07,1
"images/TEST/MSIH/TCGA-CM-4743-01Z-00-DX1.f54a6355-5623-498c-96b9-2ff1de6576c6_(51563,41953).jpg",0.9999999,1.1181946e-07,1
"images/TEST/MSIH/TCGA-CM-4743-01Z-00-DX1.f54a6355-5623-498c-96b9-2ff1de6576c6_(40387,34841).jpg",0.99999976,2.8666457e-07,1
"images/TEST/MSIH/TCGA-CM-4746-01Z-00-DX1.c83b9795-bf45-4100-9052-a7e485e0f770_(10789,33299).jpg",0.99999976,2.9345313e-07,1
"images/TEST/MSIH/TCGA-QG-A5Z2-01Z-00-DX2.F2352352-8F00-4BB3-8A62-8D1C1E374F95_(33614,71397).jpg",0.9999994,6.112587e-07,1
"images/TEST/MSIH/TCGA-AA-A01P-01Z-00-DX1.D7AAA4F0-C956-4346-8948-DADACDFB3B69_(33703,61459).jpg",0.9999993,6.9351455e-07,1
"images/TEST/MSIH/TCGA-CM-4743-01Z-00-DX1.f54a6355-5623-498c-96b9-2ff1de6576c6_(45467,50081).jpg",0.99999976,2.4352073e-07,1
"images/TEST/MSIH/TCGA-CK-6747-01Z-00-DX1.7824596c-84db-4bee-b149-cd8f617c285f_(59136,43582).jpg",0.99999964,3.1821236e-07,1
"images/TEST/MSIH/TCGA-QG-A5Z2-01Z-00-DX1.51896C31-235E-48EF-90F7-FC05350CA564_(56410,19529).jpg",0.9999988,1.1658535e-06,1
"images/TEST/MSIH/TCGA-G4-6309-01Z-00-DX1.3eb20fdc-eb86-4bd5-8194-76b02d4fa472_(79158,42166).jpg",0.9999981,1.9417105e-06,1
"images/TEST/MSIH/TCGA-AA-3715-01Z-00-DX1.24d6e746-ad61-4587-a2b9-8903331b279c_(25286,49368).jpg",0.9999962,3.865067e-06,1
"images/TEST/MSIH/TCGA-CM-4746-01Z-00-DX1.c83b9795-bf45-4100-9052-a7e485e0f770_(13837,35331).jpg",0.99999964,3.7552337e-07,1
"images/TEST/MSIH/TCGA-AA-3715-01Z-00-DX1.24d6e746-ad61-4587-a2b9-8903331b279c_(21983,44964).jpg",0.9999993,6.6196645e-07,1
"images/TEST/MSIH/TCGA-AA-3811-01Z-00-DX1.369d7946-911e-4e97-8ae7-32ef12b6b106_(16940,93722).jpg",0.99999976,2.0994479e-07,1
"images/TEST/MSIH/TCGA-AA-3950-01Z-00-DX1.2a81cf11-4c16-4e9e-8809-6f63152060da_(49746,72303).jpg",1.0,5.765335e-08,1
"images/TEST/MSIH/TCGA-AA-3864-01Z-00-DX1.f6992bc7-ba05-4c30-9500-8f7b07b30f9a_(11396,17930).jpg",0.99999964,3.424146e-07,1
"images/TEST/MSIH/TCGA-CK-6746-01Z-00-DX1.0aae8eec-1e82-494b-8779-d79fea8bec0c_(45992,40437).jpg",0.99999976,1.8140484e-07,1
"images/TEST/MSIH/TCGA-AD-A5EJ-01Z-00-DX1.FA56CEAF-8B70-45EF-A2C9-8AA7BEB3D88A_(16982,32235).jpg",0.9999994,6.528327e-07,1
"images/TEST/MSIH/TCGA-AA-3811-01Z-00-DX1.369d7946-911e-4e97-8ae7-32ef12b6b106_(9233,102530).jpg",0.99999964,3.9134218e-07,1
"images/TEST/MSIH/TCGA-G4-6309-01Z-00-DX1.3eb20fdc-eb86-4bd5-8194-76b02d4fa472_(22262,67566).jpg",0.99999833,1.6614846e-06,1
"images/TEST/MSIH/TCGA-AA-3715-01Z-00-DX1.24d6e746-ad61-4587-a2b9-8903331b279c_(45104,42762).jpg",0.9999987,1.2942546e-06,1
"images/TEST/MSIH/TCGA-F4-6703-01Z-00-DX1.28225f5d-d880-4605-831f-f22ec0272cde_(75040,62925).jpg",0.9999993,7.574566e-07,1
"images/TEST/MSIH/TCGA-QG-A5Z2-01Z-00-DX1.51896C31-235E-48EF-90F7-FC05350CA564_(85787,39789).jpg",0.99999976,2.877816e-07,1
"images/TEST/MSIH/TCGA-AA-A01P-01Z-00-DX1.D7AAA4F0-C956-4346-8948-DADACDFB3B69_(55723,94489).jpg",0.9999994,6.256254e-07,1
"images/TEST/MSIH/TCGA-AZ-6598-01Z-00-DX1.1fc4cd61-4524-413b-b36d-ad438785bc06_(93454,60240).jpg",0.9999999,1.3688262e-07,1
"images/TEST/MSIH/TCGA-AD-A5EJ-01Z-00-DX1.FA56CEAF-8B70-45EF-A2C9-8AA7BEB3D88A_(15966,19027).jpg",0.99999964,3.0124235e-07,1
"images/TEST/MSIH/TCGA-CM-4746-01Z-00-DX1.c83b9795-bf45-4100-9052-a7e485e0f770_(49397,29235).jpg",0.9999993,6.715041e-07,1
"images/TEST/MSIH/TCGA-QG-A5Z2-01Z-00-DX1.51896C31-235E-48EF-90F7-FC05350CA564_(45267,16490).jpg",0.99999833,1.6810502e-06,1
"images/TEST/MSIH/TCGA-AZ-6598-01Z-00-DX1.1fc4cd61-4524-413b-b36d-ad438785bc06_(90406,64304).jpg",0.99999976,2.616064e-07,1
"images/TEST/MSIH/TCGA-CK-6747-01Z-00-DX1.7824596c-84db-4bee-b149-cd8f617c285f_(73360,33422).jpg",0.99999964,4.1173067e-07,1
"images/TEST/MSIH/TCGA-AD-6889-01Z-00-DX1.5269A81E-5391-4875-8F2A-6505BC5BBFD9_(29107,49918).jpg",0.99999845,1.5467508e-06,1
"images/TEST/MSIH/TCGA-F4-6703-01Z-00-DX1.28225f5d-d880-4605-831f-f22ec0272cde_(89264,61909).jpg",0.9999999,1.5269254e-07,1
"images/TEST/MSIH/TCGA-AD-6889-01Z-00-DX1.5269A81E-5391-4875-8F2A-6505BC5BBFD9_(10819,15374).jpg",0.99999857,1.4004589e-06,1
"images/TEST/MSIH/TCGA-AA-3877-01Z-00-DX1.36902310-bc0b-4437-9f86-6df85703e0ad_(43607,79840).jpg",1.0,5.1620134e-08,1
"images/TEST/MSIH/TCGA-QG-A5Z2-01Z-00-DX1.51896C31-235E-48EF-90F7-FC05350CA564_(71605,15477).jpg",0.99999964,3.3155692e-07,1
"images/TEST/MSIH/TCGA-AA-3811-01Z-00-DX1.369d7946-911e-4e97-8ae7-32ef12b6b106_(14738,91520).jpg",0.99999964,3.4273182e-07,1
"images/TEST/MSIH/TCGA-G4-6309-01Z-00-DX1.3eb20fdc-eb86-4bd5-8194-76b02d4fa472_(99478,38102).jpg",0.99999976,2.2752852e-07,1
"images/TEST/MSIH/TCGA-F4-6703-01Z-00-DX1.28225f5d-d880-4605-831f-f22ec0272cde_(82152,55813).jpg",0.99999857,1.4307946e-06,1
"images/TEST/MSIH/TCGA-G4-6309-01Z-00-DX1.3eb20fdc-eb86-4bd5-8194-76b02d4fa472_(99478,32006).jpg",0.99999964,3.0345885e-07,1
"images/TEST/MSIH/TCGA-QG-A5Z2-01Z-00-DX2.F2352352-8F00-4BB3-8A62-8D1C1E374F95_(36653,67345).jpg",0.9999999,7.479748e-08,1
"images/TEST/MSIH/TCGA-CM-4743-01Z-00-DX1.f54a6355-5623-498c-96b9-2ff1de6576c6_(82043,51097).jpg",0.99999976,2.233485e-07,1
"images/TEST/MSIH/TCGA-AA-3715-01Z-00-DX1.24d6e746-ad61-4587-a2b9-8903331b279c_(55013,32853).jpg",0.99999964,3.1767476e-07,1
"images/TEST/MSIH/TCGA-AZ-6598-01Z-00-DX1.1fc4cd61-4524-413b-b36d-ad438785bc06_(58910,46016).jpg",0.9999999,7.864017e-08,1
"images/TEST/MSIH/TCGA-F4-6703-01Z-00-DX1.28225f5d-d880-4605-831f-f22ec0272cde_(81136,51749).jpg",0.9999993,7.187854e-07,1
"images/TEST/MSIH/TCGA-CM-6674-01Z-00-DX1.4a08b16a-788e-43dc-85d2-baff6e911de2_(99740,74697).jpg",0.99999905,9.2081086e-07,1
"images/TEST/MSIH/TCGA-D5-6530-01Z-00-DX1.5c4bbcd1-51ba-467d-93f9-f2a9e7c5e010_(27219,53444).jpg",0.99999917,7.821741e-07,1
"images/TEST/MSIH/TCGA-AA-3950-01Z-00-DX1.2a81cf11-4c16-4e9e-8809-6f63152060da_(43140,89919).jpg",0.9999999,1.322707e-07,1
"images/TEST/MSIH/TCGA-D5-6927-01Z-00-DX1.ff21d627-dbb8-4200-937b-f8be8b86b6d4_(68422,17507).jpg",0.9999999,1.4730077e-07,1
"images/TEST/MSIH/TCGA-CK-6746-01Z-00-DX1.0aae8eec-1e82-494b-8779-d79fea8bec0c_(65296,39421).jpg",0.99999976,2.4864082e-07,1
"images/TEST/MSIH/TCGA-QG-A5Z2-01Z-00-DX1.51896C31-235E-48EF-90F7-FC05350CA564_(66540,12438).jpg",0.9999994,6.2114395e-07,1
"images/TEST/MSIH/TCGA-CM-6674-01Z-00-DX1.4a08b16a-788e-43dc-85d2-baff6e911de2_(36748,57425).jpg",0.9999982,1.7423935e-06,1
"images/TEST/MSIH/TCGA-AA-3950-01Z-00-DX1.2a81cf11-4c16-4e9e-8809-6f63152060da_(43140,65697).jpg",1.0,4.3496875e-08,1
"images/TEST/MSIH/TCGA-CM-4746-01Z-00-DX1.c83b9795-bf45-4100-9052-a7e485e0f770_(63621,32283).jpg",0.9999993,7.2634464e-07,1
"images/TEST/MSIH/TCGA-CK-6746-01Z-00-DX1.0aae8eec-1e82-494b-8779-d79fea8bec0c_(49040,39421).jpg",0.99999964,3.7501803e-07,1
"images/TEST/MSIH/TCGA-AA-3811-01Z-00-DX1.369d7946-911e-4e97-8ae7-32ef12b6b106_(8132,111338).jpg",0.99999964,3.2445885e-07,1
"images/TEST/MSIH/TCGA-AZ-6598-01Z-00-DX1.1fc4cd61-4524-413b-b36d-ad438785bc06_(62974,39920).jpg",0.99999905,9.683442e-07,1
"images/TEST/MSIH/TCGA-CM-6674-01Z-00-DX1.4a08b16a-788e-43dc-85d2-baff6e911de2_(64180,73681).jpg",0.9999995,5.1245195e-07,1
"images/TEST/MSIH/TCGA-CM-6674-01Z-00-DX1.4a08b16a-788e-43dc-85d2-baff6e911de2_(20492,69617).jpg",0.9999995,5.348177e-07,1
"images/TEST/MSIH/TCGA-CM-4746-01Z-00-DX1.c83b9795-bf45-4100-9052-a7e485e0f770_(55493,30251).jpg",0.9999982,1.8340091e-06,1
"images/TEST/MSIH/TCGA-AD-6889-01Z-00-DX1.5269A81E-5391-4875-8F2A-6505BC5BBFD9_(14883,23502).jpg",0.9999989,1.0209022e-06,1
"images/TEST/MSIH/TCGA-CM-4743-01Z-00-DX1.f54a6355-5623-498c-96b9-2ff1de6576c6_(73915,53129).jpg",0.99999976,1.8628604e-07,1
"images/TEST/MSIH/TCGA-CK-6747-01Z-00-DX1.7824596c-84db-4bee-b149-cd8f617c285f_(13416,17166).jpg",0.9999987,1.2524873e-06,1
"images/TEST/MSIH/TCGA-AA-A01P-01Z-00-DX1.D7AAA4F0-C956-4346-8948-DADACDFB3B69_(48016,93388).jpg",0.99999917,8.307116e-07,1
"images/TEST/MSIH/TCGA-AD-A5EJ-01Z-00-DX1.FA56CEAF-8B70-45EF-A2C9-8AA7BEB3D88A_(9870,31219).jpg",0.99999976,2.2461882e-07,1
"images/TEST/MSIH/TCGA-AD-6889-01Z-00-DX1.5269A81E-5391-4875-8F2A-6505BC5BBFD9_(32155,22486).jpg",0.99999857,1.3841524e-06,1
"images/TEST/MSIH/TCGA-AZ-6598-01Z-00-DX1.1fc4cd61-4524-413b-b36d-ad438785bc06_(75166,41952).jpg",0.9999999,1.664736e-07,1
"images/TEST/MSIH/TCGA-CK-6746-01Z-00-DX1.0aae8eec-1e82-494b-8779-d79fea8bec0c_(19576,60757).jpg",0.9999999,1.0625027e-07,1
"images/TEST/MSIH/TCGA-CM-4743-01Z-00-DX1.f54a6355-5623-498c-96b9-2ff1de6576c6_(68835,71417).jpg",0.9999999,1.295929e-07,1
"images/TEST/MSIH/TCGA-AA-3877-01Z-00-DX1.36902310-bc0b-4437-9f86-6df85703e0ad_(71132,90850).jpg",0.99999917,8.161941e-07,1
"images/TEST/MSIH/TCGA-F4-6703-01Z-00-DX1.28225f5d-d880-4605-831f-f22ec0272cde_(54720,57845).jpg",1.0,5.3578763e-08,1
"images/TEST/MSIH/TCGA-QG-A5Z2-01Z-00-DX1.51896C31-235E-48EF-90F7-FC05350CA564_(67553,50932).jpg",0.9999995,5.2291807e-07,1
"images/TEST/MSIH/TCGA-D5-6530-01Z-00-DX1.5c4bbcd1-51ba-467d-93f9-f2a9e7c5e010_(29251,63604).jpg",0.99999857,1.4778792e-06,1
"images/TEST/MSIH/TCGA-QG-A5Z2-01Z-00-DX1.51896C31-235E-48EF-90F7-FC05350CA564_(63501,9399).jpg",0.9999993,6.952224e-07,1
"images/TEST/MSIH/TCGA-AA-3877-01Z-00-DX1.36902310-bc0b-4437-9f86-6df85703e0ad_(71132,85345).jpg",0.9999994,5.430719e-07,1
"images/TEST/MSIH/TCGA-AD-6889-01Z-00-DX1.5269A81E-5391-4875-8F2A-6505BC5BBFD9_(43331,21470).jpg",0.99999917,8.3456206e-07,1
"images/TEST/MSIH/TCGA-F4-6703-01Z-00-DX1.28225f5d-d880-4605-831f-f22ec0272cde_(85200,43621).jpg",0.99999976,2.4291e-07,1
"images/TEST/MSIH/TCGA-F4-6703-01Z-00-DX1.28225f5d-d880-4605-831f-f22ec0272cde_(53704,51749).jpg",0.9999999,1.0875519e-07,1
"images/TEST/MSIH/TCGA-AA-A01P-01Z-00-DX1.D7AAA4F0-C956-4346-8948-DADACDFB3B69_(49117,91186).jpg",0.99999976,2.8622148e-07,1
"images/TEST/MSIH/TCGA-QG-A5Z2-01Z-00-DX1.51896C31-235E-48EF-90F7-FC05350CA564_(76670,42828).jpg",0.9999995,4.3767093e-07,1
"images/TEST/MSIH/TCGA-AA-3811-01Z-00-DX1.369d7946-911e-4e97-8ae7-32ef12b6b106_(8132,112439).jpg",0.9999999,1.69466e-07,1
"images/TEST/MSIH/TCGA-AZ-6598-01Z-00-DX1.1fc4cd61-4524-413b-b36d-ad438785bc06_(82278,64304).jpg",0.9999999,1.5973345e-07,1
"images/TEST/MSIH/TCGA-AA-3715-01Z-00-DX1.24d6e746-ad61-4587-a2b9-8903331b279c_(71528,47166).jpg",0.99999905,9.1197364e-07,1
"images/TEST/MSIH/TCGA-QG-A5Z2-01Z-00-DX2.F2352352-8F00-4BB3-8A62-8D1C1E374F95_(9302,57215).jpg",0.99999714,2.806972e-06,1
"images/TEST/MSIH/TCGA-AA-3811-01Z-00-DX1.369d7946-911e-4e97-8ae7-32ef12b6b106_(15839,93722).jpg",0.99999976,2.8284697e-07,1
"images/TEST/MSIH/TCGA-AD-6895-01Z-00-DX1.7FB1FBC6-683B-4285-89D1-A7A20F07A9D4_(16955,7973).jpg",0.9999995,4.559916e-07,1
"images/TEST/MSIH/TCGA-QG-A5Z2-01Z-00-DX2.F2352352-8F00-4BB3-8A62-8D1C1E374F95_(39692,72410).jpg",0.99999964,3.9407354e-07,1
"images/TEST/MSIH/TCGA-AA-3715-01Z-00-DX1.24d6e746-ad61-4587-a2b9-8903331b279c_(46205,46065).jpg",0.9999976,2.3871548e-06,1
"images/TEST/MSIH/TCGA-AA-3950-01Z-00-DX1.2a81cf11-4c16-4e9e-8809-6f63152060da_(46443,70101).jpg",0.99999976,2.5013534e-07,1
"images/TEST/MSIH/TCGA-D5-6530-01Z-00-DX1.5c4bbcd1-51ba-467d-93f9-f2a9e7c5e010_(60747,76812).jpg",0.9999994,5.800376e-07,1
"images/TEST/MSIH/TCGA-CM-4743-01Z-00-DX1.f54a6355-5623-498c-96b9-2ff1de6576c6_(18035,36873).jpg",0.9999994,6.047576e-07,1
"images/TEST/MSIH/TCGA-CM-6674-01Z-00-DX1.4a08b16a-788e-43dc-85d2-baff6e911de2_(99740,58441).jpg",0.99999976,2.0657977e-07,1
"images/TEST/MSIH/TCGA-QG-A5Z2-01Z-00-DX1.51896C31-235E-48EF-90F7-FC05350CA564_(67553,58023).jpg",0.9999995,4.9087413e-07,1
"images/TEST/MSIH/TCGA-F4-6703-01Z-00-DX1.28225f5d-d880-4605-831f-f22ec0272cde_(84184,47685).jpg",0.9999995,5.14519e-07,1
"images/TEST/MSIH/TCGA-AD-6889-01Z-00-DX1.5269A81E-5391-4875-8F2A-6505BC5BBFD9_(45363,19438).jpg",0.99999845,1.4995098e-06,1
"images/TEST/MSIH/TCGA-AA-3950-01Z-00-DX1.2a81cf11-4c16-4e9e-8809-6f63152060da_(45342,73404).jpg",0.9999999,1.3854898e-07,1
"images/TEST/MSIH/TCGA-AA-3864-01Z-00-DX1.f6992bc7-ba05-4c30-9500-8f7b07b30f9a_(15800,11324).jpg",0.999998,2.0444047e-06,1
"images/TEST/MSIH/TCGA-A6-6653-01Z-00-DX1.e130666d-2681-4382-9e7a-4a4d27cb77a4_(93396,23666).jpg",0.9999999,1.6010192e-07,1
"images/TEST/MSIH/TCGA-A6-6653-01Z-00-DX1.e130666d-2681-4382-9e7a-4a4d27cb77a4_(91364,14522).jpg",0.99999964,3.05225e-07,1
"images/TEST/MSIH/TCGA-AD-6895-01Z-00-DX1.7FB1FBC6-683B-4285-89D1-A7A20F07A9D4_(8827,6957).jpg",0.99999976,2.1833887e-07,1
"images/TEST/MSIH/TCGA-AA-3811-01Z-00-DX1.369d7946-911e-4e97-8ae7-32ef12b6b106_(11435,115742).jpg",0.9999999,1.0021386e-07,1
"images/TEST/MSIH/TCGA-AA-3864-01Z-00-DX1.f6992bc7-ba05-4c30-9500-8f7b07b30f9a_(16901,13526).jpg",0.9999995,4.224853e-07,1
"images/TEST/MSIH/TCGA-F4-6703-01Z-00-DX1.28225f5d-d880-4605-831f-f22ec0272cde_(78088,58861).jpg",0.9999995,4.2690488e-07,1
"images/TEST/MSIH/TCGA-CM-4743-01Z-00-DX1.f54a6355-5623-498c-96b9-2ff1de6576c6_(45467,69385).jpg",0.9999993,6.6832246e-07,1
"images/TEST/MSIH/TCGA-AA-A01P-01Z-00-DX1.D7AAA4F0-C956-4346-8948-DADACDFB3B69_(74440,99994).jpg",0.9999993,7.5071745e-07,1
"images/TEST/MSIH/TCGA-F4-6703-01Z-00-DX1.28225f5d-d880-4605-831f-f22ec0272cde_(62848,47685).jpg",0.99999964,3.1186272e-07,1
"images/TEST/MSIH/TCGA-CK-6746-01Z-00-DX1.0aae8eec-1e82-494b-8779-d79fea8bec0c_(38880,39421).jpg",0.9999999,9.2668174e-08,1
"images/TEST/MSIH/TCGA-AA-3811-01Z-00-DX1.369d7946-911e-4e97-8ae7-32ef12b6b106_(5930,104732).jpg",0.9999999,1.4046827e-07,1
"images/TEST/MSIH/TCGA-D5-6927-01Z-00-DX1.ff21d627-dbb8-4200-937b-f8be8b86b6d4_(69438,10395).jpg",0.9999993,7.051988e-07,1
"images/TEST/MSIH/TCGA-G4-6309-01Z-00-DX1.3eb20fdc-eb86-4bd5-8194-76b02d4fa472_(84238,39118).jpg",0.999997,2.9993225e-06,1
"images/TEST/MSIH/TCGA-AA-A01P-01Z-00-DX1.D7AAA4F0-C956-4346-8948-DADACDFB3B69_(68935,84580).jpg",0.99999845,1.5411232e-06,1
"images/TEST/MSIH/TCGA-CM-4746-01Z-00-DX1.c83b9795-bf45-4100-9052-a7e485e0f770_(42285,7899).jpg",0.9999982,1.7795519e-06,1
"images/TEST/MSIH/TCGA-AZ-6598-01Z-00-DX1.1fc4cd61-4524-413b-b36d-ad438785bc06_(38590,41952).jpg",0.99999976,2.5748596e-07,1
"images/TEST/MSIH/TCGA-G4-6309-01Z-00-DX1.3eb20fdc-eb86-4bd5-8194-76b02d4fa472_(46646,61470).jpg",0.9999993,6.959521e-07,1
"images/TEST/MSIH/TCGA-D5-6530-01Z-00-DX1.5c4bbcd1-51ba-467d-93f9-f2a9e7c5e010_(20107,51412).jpg",0.9999994,6.24681e-07,1
"images/TEST/MSIH/TCGA-CK-6747-01Z-00-DX1.7824596c-84db-4bee-b149-cd8f617c285f_(11384,23262).jpg",0.9999987,1.3269513e-06,1
"images/TEST/MSIH/TCGA-AA-3811-01Z-00-DX1.369d7946-911e-4e97-8ae7-32ef12b6b106_(5930,108035).jpg",0.9999994,5.695792e-07,1
"images/TEST/MSIH/TCGA-F4-6703-01Z-00-DX1.28225f5d-d880-4605-831f-f22ec0272cde_(102472,58861).jpg",0.9999995,4.3751237e-07,1
"images/TEST/MSIH/TCGA-D5-6927-01Z-00-DX1.ff21d627-dbb8-4200-937b-f8be8b86b6d4_(67406,5315).jpg",0.99999917,8.7314083e-07,1
"images/TEST/MSIH/TCGA-D5-6530-01Z-00-DX1.5c4bbcd1-51ba-467d-93f9-f2a9e7c5e010_(55667,74780).jpg",0.9999994,6.43291e-07,1
"images/TEST/MSIH/TCGA-QG-A5Z2-01Z-00-DX1.51896C31-235E-48EF-90F7-FC05350CA564_(72618,64101).jpg",0.9999994,6.271839e-07,1
"images/TEST/MSIH/TCGA-D5-6530-01Z-00-DX1.5c4bbcd1-51ba-467d-93f9-f2a9e7c5e010_(58715,66652).jpg",0.9999989,1.0550242e-06,1
"images/TEST/MSIH/TCGA-AA-3864-01Z-00-DX1.f6992bc7-ba05-4c30-9500-8f7b07b30f9a_(19103,22334).jpg",0.9999994,5.50721e-07,1
"images/TEST/MSIH/TCGA-CM-6674-01Z-00-DX1.4a08b16a-788e-43dc-85d2-baff6e911de2_(74340,60473).jpg",0.9999999,1.6409881e-07,1
"images/TEST/MSIH/TCGA-AA-A01P-01Z-00-DX1.D7AAA4F0-C956-4346-8948-DADACDFB3B69_(67834,98893).jpg",0.99999714,2.8291488e-06,1
"images/TEST/MSIH/TCGA-AD-6889-01Z-00-DX1.5269A81E-5391-4875-8F2A-6505BC5BBFD9_(28091,58046).jpg",0.99999964,4.0188812e-07,1
"images/TEST/MSIH/TCGA-AA-A01P-01Z-00-DX1.D7AAA4F0-C956-4346-8948-DADACDFB3B69_(34804,59257).jpg",0.99999976,2.2219425e-07,1
"images/TEST/MSIH/TCGA-CM-6674-01Z-00-DX1.4a08b16a-788e-43dc-85d2-baff6e911de2_(38780,79777).jpg",0.99999964,3.3378535e-07,1
"images/TEST/MSIH/TCGA-AA-3715-01Z-00-DX1.24d6e746-ad61-4587-a2b9-8903331b279c_(34094,50469).jpg",0.9999968,3.2194723e-06,1
"images/TEST/MSIH/TCGA-AD-6889-01Z-00-DX1.5269A81E-5391-4875-8F2A-6505BC5BBFD9_(40283,12326).jpg",0.99999976,2.9418555e-07,1
"images/TEST/MSIH/TCGA-AA-3950-01Z-00-DX1.2a81cf11-4c16-4e9e-8809-6f63152060da_(53049,87717).jpg",0.9999988,1.1817694e-06,1
"images/TEST/MSIH/TCGA-CM-6674-01Z-00-DX1.4a08b16a-788e-43dc-85d2-baff6e911de2_(63164,76729).jpg",0.9999999,6.5959206e-08,1
"images/TEST/MSIH/TCGA-D5-6530-01Z-00-DX1.5c4bbcd1-51ba-467d-93f9-f2a9e7c5e010_(6899,47348).jpg",0.9999995,4.2973068e-07,1
"images/TEST/MSIH/TCGA-AA-3877-01Z-00-DX1.36902310-bc0b-4437-9f86-6df85703e0ad_(51314,98557).jpg",0.9999999,1.1687774e-07,1
"images/TEST/MSIH/TCGA-CM-6674-01Z-00-DX1.4a08b16a-788e-43dc-85d2-baff6e911de2_(31668,63521).jpg",0.99999964,3.789461e-07,1
"images/TEST/MSIH/TCGA-CK-6747-01Z-00-DX1.7824596c-84db-4bee-b149-cd8f617c285f_(84536,9038).jpg",0.99999857,1.4691527e-06,1
"images/TEST/MSIH/TCGA-CK-6747-01Z-00-DX1.7824596c-84db-4bee-b149-cd8f617c285f_(48976,34438).jpg",0.9999994,5.516956e-07,1
"images/TEST/MSIH/TCGA-AA-A01P-01Z-00-DX1.D7AAA4F0-C956-4346-8948-DADACDFB3B69_(32602,82378).jpg",0.9999995,5.1293995e-07,1
"images/TEST/MSIH/TCGA-F4-6703-01Z-00-DX1.28225f5d-d880-4605-831f-f22ec0272cde_(82152,38541).jpg",0.99999964,3.3489462e-07,1
"images/TEST/MSIH/TCGA-AA-A01P-01Z-00-DX1.D7AAA4F0-C956-4346-8948-DADACDFB3B69_(46915,90085).jpg",0.99999905,9.510631e-07,1
"images/TEST/MSIH/TCGA-AA-3864-01Z-00-DX1.f6992bc7-ba05-4c30-9500-8f7b07b30f9a_(12497,15728).jpg",0.9999987,1.319842e-06,1
"images/TEST/MSIH/TCGA-AD-A5EJ-01Z-00-DX1.FA56CEAF-8B70-45EF-A2C9-8AA7BEB3D88A_(9870,12931).jpg",0.9999995,5.195647e-07,1
"images/TEST/MSIH/TCGA-CK-6747-01Z-00-DX1.7824596c-84db-4bee-b149-cd8f617c285f_(65232,25294).jpg",0.9999994,5.708609e-07,1
"images/TEST/MSIH/TCGA-AA-A01P-01Z-00-DX1.D7AAA4F0-C956-4346-8948-DADACDFB3B69_(57925,83479).jpg",0.99999845,1.605026e-06,1
"images/TEST/MSIH/TCGA-AA-A01P-01Z-00-DX1.D7AAA4F0-C956-4346-8948-DADACDFB3B69_(34804,75772).jpg",0.9999995,4.425645e-07,1
"images/TEST/MSIH/TCGA-AD-6889-01Z-00-DX1.5269A81E-5391-4875-8F2A-6505BC5BBFD9_(37235,44838).jpg",0.9999989,1.0345176e-06,1
"images/TEST/MSIH/TCGA-CM-4746-01Z-00-DX1.c83b9795-bf45-4100-9052-a7e485e0f770_(34157,32283).jpg",0.9999993,7.4770577e-07,1
"images/TEST/MSIH/TCGA-QG-A5Z2-01Z-00-DX1.51896C31-235E-48EF-90F7-FC05350CA564_(73631,48906).jpg",0.9999999,1.5891675e-07,1
"images/TEST/MSIH/TCGA-CK-6746-01Z-00-DX1.0aae8eec-1e82-494b-8779-d79fea8bec0c_(28720,55677).jpg",0.99999976,2.5201595e-07,1
"images/TEST/MSIH/TCGA-AA-3715-01Z-00-DX1.24d6e746-ad61-4587-a2b9-8903331b279c_(34094,44964).jpg",0.99999905,9.118067e-07,1
"images/TEST/MSIH/TCGA-QG-A5Z2-01Z-00-DX2.F2352352-8F00-4BB3-8A62-8D1C1E374F95_(9302,48098).jpg",0.99999917,7.756624e-07,1
"images/TEST/MSIH/TCGA-G4-6309-01Z-00-DX1.3eb20fdc-eb86-4bd5-8194-76b02d4fa472_(45630,58422).jpg",0.9999993,7.392027e-07,1
"images/TEST/MSIH/TCGA-D5-6927-01Z-00-DX1.ff21d627-dbb8-4200-937b-f8be8b86b6d4_(89758,11411).jpg",0.9999988,1.1556427e-06,1
"images/TEST/MSIH/TCGA-AA-3811-01Z-00-DX1.369d7946-911e-4e97-8ae7-32ef12b6b106_(12536,90419).jpg",0.99999976,2.9691196e-07,1
"images/TEST/MSIH/TCGA-F4-6703-01Z-00-DX1.28225f5d-d880-4605-831f-f22ec0272cde_(70976,41589).jpg",0.99999976,2.3837987e-07,1
"images/TEST/MSIH/TCGA-F4-6703-01Z-00-DX1.28225f5d-d880-4605-831f-f22ec0272cde_(81136,41589).jpg",0.99999976,2.3833145e-07,1
"images/TEST/MSIH/TCGA-A6-6653-01Z-00-DX1.e130666d-2681-4382-9e7a-4a4d27cb77a4_(90348,16554).jpg",0.99999976,2.0514834e-07,1
"images/TEST/MSIH/TCGA-AA-A01P-01Z-00-DX1.D7AAA4F0-C956-4346-8948-DADACDFB3B69_(34804,79075).jpg",0.9999995,5.3623086e-07,1
"images/TEST/MSIH/TCGA-AA-A01P-01Z-00-DX1.D7AAA4F0-C956-4346-8948-DADACDFB3B69_(45814,62560).jpg",0.9999994,5.8232393e-07,1
"images/TEST/MSIH/TCGA-G4-6309-01Z-00-DX1.3eb20fdc-eb86-4bd5-8194-76b02d4fa472_(32422,61470).jpg",0.99999976,2.7957438e-07,1
"images/TEST/MSIH/TCGA-D5-6927-01Z-00-DX1.ff21d627-dbb8-4200-937b-f8be8b86b6d4_(67406,4299).jpg",0.99999964,3.5056013e-07,1
"images/TEST/MSIH/TCGA-AD-6889-01Z-00-DX1.5269A81E-5391-4875-8F2A-6505BC5BBFD9_(41299,14358).jpg",0.9999988,1.2167944e-06,1
"images/TEST/MSIH/TCGA-QG-A5Z2-01Z-00-DX1.51896C31-235E-48EF-90F7-FC05350CA564_(82748,21555).jpg",0.9999987,1.3001271e-06,1
"images/TEST/MSIH/TCGA-QG-A5Z2-01Z-00-DX2.F2352352-8F00-4BB3-8A62-8D1C1E374F95_(20445,26825).jpg",0.9999993,7.5170686e-07,1
"images/TEST/MSIH/TCGA-G4-6309-01Z-00-DX1.3eb20fdc-eb86-4bd5-8194-76b02d4fa472_(35470,56390).jpg",0.99999905,1.0016405e-06,1
"images/TEST/MSIH/TCGA-AA-3715-01Z-00-DX1.24d6e746-ad61-4587-a2b9-8903331b279c_(21983,39459).jpg",0.9999989,1.0879912e-06,1
"images/TEST/MSIH/TCGA-AA-3877-01Z-00-DX1.36902310-bc0b-4437-9f86-6df85703e0ad_(42506,87547).jpg",0.99999845,1.5167094e-06,1
"images/TEST/MSIH/TCGA-CK-6747-01Z-00-DX1.7824596c-84db-4bee-b149-cd8f617c285f_(13416,37486).jpg",0.9999995,4.4347246e-07,1
"images/TEST/MSIH/TCGA-AA-3950-01Z-00-DX1.2a81cf11-4c16-4e9e-8809-6f63152060da_(53049,67899).jpg",0.99999976,2.312423e-07,1
"images/TEST/MSIH/TCGA-A6-6653-01Z-00-DX1.e130666d-2681-4382-9e7a-4a4d27cb77a4_(99492,4362).jpg",0.99999964,3.428724e-07,1
"images/TEST/MSIH/TCGA-AA-3811-01Z-00-DX1.369d7946-911e-4e97-8ae7-32ef12b6b106_(10334,100328).jpg",0.99999976,2.8549087e-07,1
"images/TEST/MSIH/TCGA-AA-3877-01Z-00-DX1.36902310-bc0b-4437-9f86-6df85703e0ad_(46910,84244).jpg",0.99999905,9.429961e-07,1
"images/TEST/MSIH/TCGA-AA-A01P-01Z-00-DX1.D7AAA4F0-C956-4346-8948-DADACDFB3B69_(68935,87883).jpg",0.9999993,7.67748e-07,1
"images/TEST/MSIH/TCGA-CM-4746-01Z-00-DX1.c83b9795-bf45-4100-9052-a7e485e0f770_(77845,28219).jpg",0.99999964,3.137765e-07,1
"images/TEST/MSIH/TCGA-CM-4743-01Z-00-DX1.f54a6355-5623-498c-96b9-2ff1de6576c6_(42419,78529).jpg",1.0,4.7419107e-08,1
"images/TEST/MSIH/TCGA-D5-6530-01Z-00-DX1.5c4bbcd1-51ba-467d-93f9-f2a9e7c5e010_(28235,66652).jpg",0.9999993,7.153183e-07,1
"images/TEST/MSIH/TCGA-D5-6530-01Z-00-DX1.5c4bbcd1-51ba-467d-93f9-f2a9e7c5e010_(26203,64620).jpg",0.9999999,1.7420182e-07,1
"images/TEST/MSIH/TCGA-AD-A5EJ-01Z-00-DX1.FA56CEAF-8B70-45EF-A2C9-8AA7BEB3D88A_(24094,9883).jpg",0.9999995,4.1785322e-07,1
"images/TEST/MSIH/TCGA-AD-6889-01Z-00-DX1.5269A81E-5391-4875-8F2A-6505BC5BBFD9_(8787,24518).jpg",0.9999987,1.2845023e-06,1
"images/TEST/MSIH/TCGA-CK-6746-01Z-00-DX1.0aae8eec-1e82-494b-8779-d79fea8bec0c_(18560,52629).jpg",0.9999995,4.4231305e-07,1
"images/TEST/MSIH/TCGA-CM-4743-01Z-00-DX1.f54a6355-5623-498c-96b9-2ff1de6576c6_(75947,74465).jpg",0.9999999,1.7496971e-07,1
"images/TEST/MSIH/TCGA-CM-4746-01Z-00-DX1.c83b9795-bf45-4100-9052-a7e485e0f770_(51429,7899).jpg",0.9999974,2.6627329e-06,1
"images/TEST/MSIH/TCGA-CM-6674-01Z-00-DX1.4a08b16a-788e-43dc-85d2-baff6e911de2_(92628,64537).jpg",0.99999964,3.2755543e-07,1
"images/TEST/MSIH/TCGA-AA-3864-01Z-00-DX1.f6992bc7-ba05-4c30-9500-8f7b07b30f9a_(20204,20132).jpg",0.9999995,4.8320896e-07,1
"images/TEST/MSIH/TCGA-CK-6747-01Z-00-DX1.7824596c-84db-4bee-b149-cd8f617c285f_(13416,24278).jpg",0.99999833,1.6922633e-06,1
"images/TEST/MSIH/TCGA-AA-3715-01Z-00-DX1.24d6e746-ad61-4587-a2b9-8903331b279c_(32993,48267).jpg",0.99999976,2.9326173e-07,1
"images/TEST/MSIH/TCGA-AD-6895-01Z-00-DX1.7FB1FBC6-683B-4285-89D1-A7A20F07A9D4_(11875,11021).jpg",0.99999964,3.7744388e-07,1
"images/TEST/MSIH/TCGA-AD-6895-01Z-00-DX1.7FB1FBC6-683B-4285-89D1-A7A20F07A9D4_(15939,861).jpg",0.9999982,1.8379435e-06,1
"images/TEST/MSIH/TCGA-AA-A01P-01Z-00-DX1.D7AAA4F0-C956-4346-8948-DADACDFB3B69_(66733,83479).jpg",0.99999964,3.3104442e-07,1
"images/TEST/MSIH/TCGA-AD-6889-01Z-00-DX1.5269A81E-5391-4875-8F2A-6505BC5BBFD9_(47395,45854).jpg",0.9999994,6.1463453e-07,1
"images/TEST/MSIH/TCGA-CK-6746-01Z-00-DX1.0aae8eec-1e82-494b-8779-d79fea8bec0c_(29736,44501).jpg",0.99999976,2.208991e-07,1
"images/TEST/MSIH/TCGA-AD-A5EJ-01Z-00-DX1.FA56CEAF-8B70-45EF-A2C9-8AA7BEB3D88A_(22062,26139).jpg",0.99999976,2.412526e-07,1
"images/TEST/MSIH/TCGA-AA-3877-01Z-00-DX1.36902310-bc0b-4437-9f86-6df85703e0ad_(60122,95254).jpg",0.9999994,6.288442e-07,1
"images/TEST/MSIH/TCGA-AA-3877-01Z-00-DX1.36902310-bc0b-4437-9f86-6df85703e0ad_(48011,73234).jpg",0.99999976,2.385206e-07,1
"images/TEST/MSIH/TCGA-F4-6703-01Z-00-DX1.28225f5d-d880-4605-831f-f22ec0272cde_(60816,53781).jpg",0.9999995,4.912581e-07,1
"images/TEST/MSIH/TCGA-AD-A5EJ-01Z-00-DX1.FA56CEAF-8B70-45EF-A2C9-8AA7BEB3D88A_(7838,25123).jpg",0.99999976,2.7808923e-07,1
"images/TEST/MSIH/TCGA-AZ-6598-01Z-00-DX1.1fc4cd61-4524-413b-b36d-ad438785bc06_(58910,51096).jpg",0.9999994,5.6129284e-07,1
"images/TEST/MSIH/TCGA-QG-A5Z2-01Z-00-DX1.51896C31-235E-48EF-90F7-FC05350CA564_(75657,13451).jpg",0.99999976,2.6113256e-07,1
"images/TEST/MSIH/TCGA-CK-6746-01Z-00-DX1.0aae8eec-1e82-494b-8779-d79fea8bec0c_(32784,58725).jpg",0.9999999,1.2538817e-07,1
"images/TEST/MSIH/TCGA-CM-4746-01Z-00-DX1.c83b9795-bf45-4100-9052-a7e485e0f770_(27045,6883).jpg",0.99999976,2.8432308e-07,1
"images/TEST/MSIH/TCGA-QG-A5Z2-01Z-00-DX2.F2352352-8F00-4BB3-8A62-8D1C1E374F95_(12341,43033).jpg",1.0,5.383434e-08,1
"images/TEST/MSIH/TCGA-AZ-6598-01Z-00-DX1.1fc4cd61-4524-413b-b36d-ad438785bc06_(82278,41952).jpg",0.9999999,1.3835384e-07,1
"images/TEST/MSIH/TCGA-AA-3715-01Z-00-DX1.24d6e746-ad61-4587-a2b9-8903331b279c_(16478,49368).jpg",0.99999845,1.5782056e-06,1
"images/TEST/MSIH/TCGA-AA-3811-01Z-00-DX1.369d7946-911e-4e97-8ae7-32ef12b6b106_(13637,103631).jpg",0.99999976,2.8303964e-07,1
"images/TEST/MSIH/TCGA-D5-6927-01Z-00-DX1.ff21d627-dbb8-4200-937b-f8be8b86b6d4_(67406,12427).jpg",0.99999976,2.8231233e-07,1
"images/TEST/MSIH/TCGA-F4-6703-01Z-00-DX1.28225f5d-d880-4605-831f-f22ec0272cde_(94344,60893).jpg",0.99999976,2.6373792e-07,1
"images/TEST/MSIH/TCGA-AA-3950-01Z-00-DX1.2a81cf11-4c16-4e9e-8809-6f63152060da_(56352,65697).jpg",0.9999995,5.169699e-07,1
"images/TEST/MSIH/TCGA-CK-6746-01Z-00-DX1.0aae8eec-1e82-494b-8779-d79fea8bec0c_(32784,50597).jpg",0.9999999,1.1088264e-07,1
"images/TEST/MSIH/TCGA-CK-6747-01Z-00-DX1.7824596c-84db-4bee-b149-cd8f617c285f_(14432,15134).jpg",0.9999993,7.5478783e-07,1
"images/TEST/MSIH/TCGA-AD-A5EJ-01Z-00-DX1.FA56CEAF-8B70-45EF-A2C9-8AA7BEB3D88A_(6822,21059).jpg",0.99999976,1.8526715e-07,1
"images/TEST/MSIH/TCGA-CK-6746-01Z-00-DX1.0aae8eec-1e82-494b-8779-d79fea8bec0c_(50056,67869).jpg",0.99999964,3.5761818e-07,1
"images/TEST/MSIH/TCGA-A6-6653-01Z-00-DX1.e130666d-2681-4382-9e7a-4a4d27cb77a4_(91364,6394).jpg",0.9999994,5.626895e-07,1
"images/TEST/MSIH/TCGA-CM-6674-01Z-00-DX1.4a08b16a-788e-43dc-85d2-baff6e911de2_(27604,52345).jpg",0.99999917,8.1912054e-07,1
"images/TEST/MSIH/TCGA-AA-3811-01Z-00-DX1.369d7946-911e-4e97-8ae7-32ef12b6b106_(8132,106934).jpg",0.9999994,6.0864573e-07,1
"images/TEST/MSIH/TCGA-CM-4746-01Z-00-DX1.c83b9795-bf45-4100-9052-a7e485e0f770_(19933,24155).jpg",0.9999993,7.218574e-07,1
"images/TEST/MSIH/TCGA-D5-6927-01Z-00-DX1.ff21d627-dbb8-4200-937b-f8be8b86b6d4_(67406,18523).jpg",0.99999905,9.2232784e-07,1
"images/TEST/MSIH/TCGA-AA-3950-01Z-00-DX1.2a81cf11-4c16-4e9e-8809-6f63152060da_(39837,81111).jpg",0.99999964,3.3222793e-07,1
"images/TEST/MSIH/TCGA-D5-6530-01Z-00-DX1.5c4bbcd1-51ba-467d-93f9-f2a9e7c5e010_(51603,74780).jpg",0.9999994,5.487712e-07,1
"images/TEST/MSIH/TCGA-AD-6895-01Z-00-DX1.7FB1FBC6-683B-4285-89D1-A7A20F07A9D4_(17971,11021).jpg",0.99999905,1.0130476e-06,1
"images/TEST/MSIH/TCGA-AA-3715-01Z-00-DX1.24d6e746-ad61-4587-a2b9-8903331b279c_(16478,42762).jpg",0.9999995,5.170518e-07,1
"images/TEST/MSIH/TCGA-F4-6703-01Z-00-DX1.28225f5d-d880-4605-831f-f22ec0272cde_(87232,50733).jpg",0.9999999,7.0606696e-08,1
"images/TEST/MSIH/TCGA-A6-6653-01Z-00-DX1.e130666d-2681-4382-9e7a-4a4d27cb77a4_(90348,13506).jpg",0.9999999,1.5947407e-07,1
"images/TEST/MSIH/TCGA-AZ-6598-01Z-00-DX1.1fc4cd61-4524-413b-b36d-ad438785bc06_(88374,64304).jpg",0.9999995,4.1971313e-07,1
"images/TEST/MSIH/TCGA-AA-3811-01Z-00-DX1.369d7946-911e-4e97-8ae7-32ef12b6b106_(7031,102530).jpg",0.9999999,7.243663e-08,1
"images/TEST/MSIH/TCGA-CM-6674-01Z-00-DX1.4a08b16a-788e-43dc-85d2-baff6e911de2_(109900,73681).jpg",0.9999999,1.275609e-07,1
"images/TEST/MSIH/TCGA-AD-6889-01Z-00-DX1.5269A81E-5391-4875-8F2A-6505BC5BBFD9_(12851,29598).jpg",0.999998,2.049283e-06,1
"images/TEST/MSIH/TCGA-AA-3715-01Z-00-DX1.24d6e746-ad61-4587-a2b9-8903331b279c_(35195,54873).jpg",0.99999833,1.6596111e-06,1
"images/TEST/MSIH/TCGA-AD-6889-01Z-00-DX1.5269A81E-5391-4875-8F2A-6505BC5BBFD9_(45363,24518).jpg",0.99999905,1.0013473e-06,1
"images/TEST/MSIH/TCGA-G4-6309-01Z-00-DX1.3eb20fdc-eb86-4bd5-8194-76b02d4fa472_(85254,38102).jpg",0.99999917,8.922797e-07,1
"images/TEST/MSIH/TCGA-G4-6309-01Z-00-DX1.3eb20fdc-eb86-4bd5-8194-76b02d4fa472_(92366,33022).jpg",0.99999964,3.34495e-07,1
"images/TEST/MSIH/TCGA-AZ-6598-01Z-00-DX1.1fc4cd61-4524-413b-b36d-ad438785bc06_(79230,68368).jpg",0.9999994,6.199899e-07,1
"images/TEST/MSIH/TCGA-AA-3864-01Z-00-DX1.f6992bc7-ba05-4c30-9500-8f7b07b30f9a_(19103,15728).jpg",0.9999989,1.0360262e-06,1
"images/TEST/MSIH/TCGA-AZ-6598-01Z-00-DX1.1fc4cd61-4524-413b-b36d-ad438785bc06_(57894,41952).jpg",0.99999976,2.2160953e-07,1
"images/TEST/MSIH/TCGA-AA-3715-01Z-00-DX1.24d6e746-ad61-4587-a2b9-8903331b279c_(37397,41661).jpg",0.9999981,1.9295567e-06,1
"images/TEST/MSIH/TCGA-AD-6889-01Z-00-DX1.5269A81E-5391-4875-8F2A-6505BC5BBFD9_(27075,30614).jpg",0.99999964,3.4147934e-07,1
"images/TEST/MSIH/TCGA-AA-3877-01Z-00-DX1.36902310-bc0b-4437-9f86-6df85703e0ad_(67829,91951).jpg",0.99999976,2.774524e-07,1
"images/TEST/MSIH/TCGA-D5-6927-01Z-00-DX1.ff21d627-dbb8-4200-937b-f8be8b86b6d4_(71470,18523).jpg",0.99999964,3.5806352e-07,1
"images/TEST/MSIH/TCGA-AD-6895-01Z-00-DX1.7FB1FBC6-683B-4285-89D1-A7A20F07A9D4_(8827,10005).jpg",0.9999999,1.15779336e-07,1
"images/TEST/MSIH/TCGA-AA-3864-01Z-00-DX1.f6992bc7-ba05-4c30-9500-8f7b07b30f9a_(15800,26738).jpg",0.9999993,7.211404e-07,1
"images/TEST/MSIH/TCGA-QG-A5Z2-01Z-00-DX2.F2352352-8F00-4BB3-8A62-8D1C1E374F95_(33614,74436).jpg",0.99999905,9.637498e-07,1
"images/TEST/MSIH/TCGA-AD-A5EJ-01Z-00-DX1.FA56CEAF-8B70-45EF-A2C9-8AA7BEB3D88A_(9870,15979).jpg",0.99999976,2.1779731e-07,1
"images/TEST/MSIH/TCGA-F4-6703-01Z-00-DX1.28225f5d-d880-4605-831f-f22ec0272cde_(84184,60893).jpg",0.99999976,2.0318491e-07,1
"images/TEST/MSIH/TCGA-G4-6309-01Z-00-DX1.3eb20fdc-eb86-4bd5-8194-76b02d4fa472_(64934,51310).jpg",0.99999976,2.181815e-07,1
"images/TEST/MSIH/TCGA-CM-4743-01Z-00-DX1.f54a6355-5623-498c-96b9-2ff1de6576c6_(28195,42969).jpg",0.99999976,2.950915e-07,1
"images/TEST/MSIH/TCGA-AZ-6598-01Z-00-DX1.1fc4cd61-4524-413b-b36d-ad438785bc06_(56878,39920).jpg",0.99999964,3.8412264e-07,1
"images/TEST/MSIH/TCGA-AA-3715-01Z-00-DX1.24d6e746-ad61-4587-a2b9-8903331b279c_(46205,49368).jpg",0.99999833,1.6184166e-06,1
"images/TEST/MSIH/TCGA-CK-6747-01Z-00-DX1.7824596c-84db-4bee-b149-cd8f617c285f_(62184,32406).jpg",0.99999905,9.928785e-07,1
"images/TEST/MSIH/TCGA-AA-3877-01Z-00-DX1.36902310-bc0b-4437-9f86-6df85703e0ad_(59021,89749).jpg",0.9999993,6.769204e-07,1
"images/TEST/MSIH/TCGA-CM-4743-01Z-00-DX1.f54a6355-5623-498c-96b9-2ff1de6576c6_(93219,59225).jpg",0.9999969,3.1387453e-06,1
"images/TEST/MSIH/TCGA-A6-6653-01Z-00-DX1.e130666d-2681-4382-9e7a-4a4d27cb77a4_(96444,25698).jpg",0.9999976,2.361167e-06,1
"images/TEST/MSIH/TCGA-AA-3950-01Z-00-DX1.2a81cf11-4c16-4e9e-8809-6f63152060da_(45342,81111).jpg",0.9999999,9.495517e-08,1
"images/TEST/MSIH/TCGA-AZ-6598-01Z-00-DX1.1fc4cd61-4524-413b-b36d-ad438785bc06_(58910,53128).jpg",0.9999999,1.2967476e-07,1
"images/TEST/MSIH/TCGA-CM-4743-01Z-00-DX1.f54a6355-5623-498c-96b9-2ff1de6576c6_(51563,46017).jpg",0.99999976,2.056604e-07,1
"images/TEST/MSIH/TCGA-AZ-6598-01Z-00-DX1.1fc4cd61-4524-413b-b36d-ad438785bc06_(47734,42968).jpg",0.99999964,3.0469158e-07,1
"images/TEST/MSIH/TCGA-QG-A5Z2-01Z-00-DX2.F2352352-8F00-4BB3-8A62-8D1C1E374F95_(72108,77475).jpg",0.99999976,2.7299103e-07,1
"images/TEST/MSIH/TCGA-QG-A5Z2-01Z-00-DX2.F2352352-8F00-4BB3-8A62-8D1C1E374F95_(48809,70384).jpg",0.9999999,1.1000169e-07,1
"images/TEST/MSIH/TCGA-A6-6653-01Z-00-DX1.e130666d-2681-4382-9e7a-4a4d27cb77a4_(88316,15538).jpg",0.9999999,1.4895411e-07,1
"images/TEST/MSIH/TCGA-D5-6530-01Z-00-DX1.5c4bbcd1-51ba-467d-93f9-f2a9e7c5e010_(43475,73764).jpg",0.99999976,2.2302625e-07,1
"images/TEST/MSIH/TCGA-F4-6703-01Z-00-DX1.28225f5d-d880-4605-831f-f22ec0272cde_(84184,41589).jpg",0.99999976,2.0205489e-07,1
"images/TEST/MSIH/TCGA-QG-A5Z2-01Z-00-DX1.51896C31-235E-48EF-90F7-FC05350CA564_(72618,17503).jpg",0.99999976,2.1264758e-07,1
"images/TEST/MSIH/TCGA-AD-A5EJ-01Z-00-DX1.FA56CEAF-8B70-45EF-A2C9-8AA7BEB3D88A_(20030,21059).jpg",0.9999994,5.5729987e-07,1
"images/TEST/MSIH/TCGA-AA-3811-01Z-00-DX1.369d7946-911e-4e97-8ae7-32ef12b6b106_(7031,97025).jpg",0.99999976,2.6853783e-07,1
"images/TEST/MSIH/TCGA-AA-A01P-01Z-00-DX1.D7AAA4F0-C956-4346-8948-DADACDFB3B69_(74440,98893).jpg",0.99999917,8.908581e-07,1
"images/TEST/MSIH/TCGA-QG-A5Z2-01Z-00-DX2.F2352352-8F00-4BB3-8A62-8D1C1E374F95_(19432,61267).jpg",0.99999905,9.1255833e-07,1
"images/TEST/MSIH/TCGA-AD-6889-01Z-00-DX1.5269A81E-5391-4875-8F2A-6505BC5BBFD9_(26059,42806).jpg",0.99999964,3.0505618e-07,1
"images/TEST/MSIH/TCGA-AD-6889-01Z-00-DX1.5269A81E-5391-4875-8F2A-6505BC5BBFD9_(36219,12326).jpg",0.99999976,2.413433e-07,1
"images/TEST/MSIH/TCGA-AA-3950-01Z-00-DX1.2a81cf11-4c16-4e9e-8809-6f63152060da_(44241,85515).jpg",0.9999999,1.2910394e-07,1
"images/TEST/MSIH/TCGA-AA-3950-01Z-00-DX1.2a81cf11-4c16-4e9e-8809-6f63152060da_(50847,78909).jpg",1.0,4.0841815e-08,1
"images/TEST/MSIH/TCGA-CM-6674-01Z-00-DX1.4a08b16a-788e-43dc-85d2-baff6e911de2_(70276,67585).jpg",0.9999993,6.691094e-07,1
"images/TEST/MSIH/TCGA-AA-3950-01Z-00-DX1.2a81cf11-4c16-4e9e-8809-6f63152060da_(33231,91020).jpg",0.99999976,2.7770258e-07,1
"images/TEST/MSIH/TCGA-AA-3864-01Z-00-DX1.f6992bc7-ba05-4c30-9500-8f7b07b30f9a_(12497,12425).jpg",0.99999964,3.241712e-07,1
"images/TEST/MSIH/TCGA-AA-3864-01Z-00-DX1.f6992bc7-ba05-4c30-9500-8f7b07b30f9a_(15800,10223).jpg",0.99999833,1.638375e-06,1
"images/TEST/MSIH/TCGA-CK-6747-01Z-00-DX1.7824596c-84db-4bee-b149-cd8f617c285f_(43896,30374).jpg",0.9999999,1.4271026e-07,1
"images/TEST/MSIH/TCGA-CK-6746-01Z-00-DX1.0aae8eec-1e82-494b-8779-d79fea8bec0c_(56152,43485).jpg",1.0,5.447038e-08,1
"images/TEST/MSIH/TCGA-AZ-6598-01Z-00-DX1.1fc4cd61-4524-413b-b36d-ad438785bc06_(43670,59224).jpg",0.99999976,2.5275824e-07,1
"images/TEST/MSIH/TCGA-AZ-6598-01Z-00-DX1.1fc4cd61-4524-413b-b36d-ad438785bc06_(56878,53128).jpg",0.99999976,2.1503051e-07,1
"images/TEST/MSIH/TCGA-AZ-6598-01Z-00-DX1.1fc4cd61-4524-413b-b36d-ad438785bc06_(28430,66336).jpg",0.9999994,6.3083894e-07,1
"images/TEST/MSIH/TCGA-A6-6653-01Z-00-DX1.e130666d-2681-4382-9e7a-4a4d27cb77a4_(92380,11474).jpg",0.99999833,1.6653378e-06,1
"images/TEST/MSIH/TCGA-AZ-6598-01Z-00-DX1.1fc4cd61-4524-413b-b36d-ad438785bc06_(61958,49064).jpg",0.99999964,3.9411864e-07,1
"images/TEST/MSIH/TCGA-AA-3877-01Z-00-DX1.36902310-bc0b-4437-9f86-6df85703e0ad_(49112,95254).jpg",0.99999976,2.932184e-07,1
"images/TEST/MSIH/TCGA-D5-6530-01Z-00-DX1.5c4bbcd1-51ba-467d-93f9-f2a9e7c5e010_(18075,51412).jpg",0.9999933,6.6577545e-06,1
"images/TEST/MSIH/TCGA-AA-3950-01Z-00-DX1.2a81cf11-4c16-4e9e-8809-6f63152060da_(53049,71202).jpg",0.9999993,6.7038684e-07,1
"images/TEST/MSIH/TCGA-AD-A5EJ-01Z-00-DX1.FA56CEAF-8B70-45EF-A2C9-8AA7BEB3D88A_(24094,31219).jpg",0.99999964,3.3350278e-07,1
"images/TEST/MSIH/TCGA-D5-6927-01Z-00-DX1.ff21d627-dbb8-4200-937b-f8be8b86b6d4_(74518,14459).jpg",0.99999964,3.653817e-07,1
"images/TEST/MSIH/TCGA-AA-3864-01Z-00-DX1.f6992bc7-ba05-4c30-9500-8f7b07b30f9a_(18002,13526).jpg",0.99999964,4.029477e-07,1
"images/TEST/MSIH/TCGA-CM-4746-01Z-00-DX1.c83b9795-bf45-4100-9052-a7e485e0f770_(61589,30251).jpg",0.99999964,3.1832832e-07,1
"images/TEST/MSIH/TCGA-CM-6674-01Z-00-DX1.4a08b16a-788e-43dc-85d2-baff6e911de2_(77388,59457).jpg",0.99999976,2.9148063e-07,1
"images/TEST/MSIH/TCGA-CM-4746-01Z-00-DX1.c83b9795-bf45-4100-9052-a7e485e0f770_(68701,18059).jpg",0.9999994,5.3788557e-07,1
"images/TEST/MSIH/TCGA-G4-6309-01Z-00-DX1.3eb20fdc-eb86-4bd5-8194-76b02d4fa472_(52742,52326).jpg",0.9999999,1.5361299e-07,1
"images/TEST/MSIH/TCGA-CM-4746-01Z-00-DX1.c83b9795-bf45-4100-9052-a7e485e0f770_(89021,48539).jpg",0.99999976,1.9548825e-07,1
"images/TEST/MSIH/TCGA-CM-4743-01Z-00-DX1.f54a6355-5623-498c-96b9-2ff1de6576c6_(45467,52113).jpg",0.99999976,2.0905908e-07,1
"images/TEST/MSIH/TCGA-AA-A01P-01Z-00-DX1.D7AAA4F0-C956-4346-8948-DADACDFB3B69_(38107,92287).jpg",0.99999964,3.4310563e-07,1
"images/TEST/MSIH/TCGA-CM-4743-01Z-00-DX1.f54a6355-5623-498c-96b9-2ff1de6576c6_(21083,82593).jpg",0.99999917,7.804037e-07,1
"images/TEST/MSIH/TCGA-AA-3877-01Z-00-DX1.36902310-bc0b-4437-9f86-6df85703e0ad_(49112,80941).jpg",0.9999995,4.6309773e-07,1
"images/TEST/MSIH/TCGA-AA-3715-01Z-00-DX1.24d6e746-ad61-4587-a2b9-8903331b279c_(24185,51570).jpg",0.99999714,2.9115854e-06,1
"images/TEST/MSIH/TCGA-QG-A5Z2-01Z-00-DX2.F2352352-8F00-4BB3-8A62-8D1C1E374F95_(14367,27838).jpg",0.99999976,2.8207174e-07,1
"images/TEST/MSIH/TCGA-A6-6653-01Z-00-DX1.e130666d-2681-4382-9e7a-4a4d27cb77a4_(93396,3346).jpg",0.99999976,2.39121e-07,1
"images/TEST/MSIH/TCGA-AD-6889-01Z-00-DX1.5269A81E-5391-4875-8F2A-6505BC5BBFD9_(44347,22486).jpg",0.99999917,8.7593986e-07,1
"images/TEST/MSIH/TCGA-AZ-6598-01Z-00-DX1.1fc4cd61-4524-413b-b36d-ad438785bc06_(68054,58208).jpg",0.9999995,4.836285e-07,1
"images/TEST/MSIH/TCGA-CM-4743-01Z-00-DX1.f54a6355-5623-498c-96b9-2ff1de6576c6_(65787,34841).jpg",0.9999999,1.6687544e-07,1
"images/TEST/MSIH/TCGA-CM-4746-01Z-00-DX1.c83b9795-bf45-4100-9052-a7e485e0f770_(96133,53619).jpg",0.9999993,7.3491145e-07,1
"images/TEST/MSIH/TCGA-D5-6530-01Z-00-DX1.5c4bbcd1-51ba-467d-93f9-f2a9e7c5e010_(16043,61572).jpg",0.99999976,2.3441324e-07,1
"images/TEST/MSIH/TCGA-AA-A01P-01Z-00-DX1.D7AAA4F0-C956-4346-8948-DADACDFB3B69_(56824,70267).jpg",0.99999964,3.4601828e-07,1
"images/TEST/MSIH/TCGA-CK-6747-01Z-00-DX1.7824596c-84db-4bee-b149-cd8f617c285f_(8336,27326).jpg",0.9999989,1.0472532e-06,1
"images/TEST/MSIH/TCGA-CK-6747-01Z-00-DX1.7824596c-84db-4bee-b149-cd8f617c285f_(76408,28342).jpg",0.9999995,5.118288e-07,1
"images/TEST/MSIH/TCGA-D5-6530-01Z-00-DX1.5c4bbcd1-51ba-467d-93f9-f2a9e7c5e010_(22139,69700).jpg",0.99999976,2.3605898e-07,1
"images/TEST/MSIH/TCGA-QG-A5Z2-01Z-00-DX1.51896C31-235E-48EF-90F7-FC05350CA564_(57423,23581).jpg",0.99999833,1.6773014e-06,1
"images/TEST/MSIH/TCGA-AD-A5EJ-01Z-00-DX1.FA56CEAF-8B70-45EF-A2C9-8AA7BEB3D88A_(7838,28171).jpg",0.99999917,8.4913825e-07,1
"images/TEST/MSIH/TCGA-AA-3715-01Z-00-DX1.24d6e746-ad61-4587-a2b9-8903331b279c_(15377,40560).jpg",0.9999995,5.059425e-07,1
"images/TEST/MSIH/TCGA-AA-3877-01Z-00-DX1.36902310-bc0b-4437-9f86-6df85703e0ad_(51314,72133).jpg",0.9999999,1.0554494e-07,1
"images/TEST/MSIH/TCGA-QG-A5Z2-01Z-00-DX1.51896C31-235E-48EF-90F7-FC05350CA564_(36150,9399).jpg",0.99999964,3.9222624e-07,1
"images/TEST/MSIH/TCGA-CM-6674-01Z-00-DX1.4a08b16a-788e-43dc-85d2-baff6e911de2_(40812,80793).jpg",0.9999988,1.1913085e-06,1
"images/TEST/MSIH/TCGA-AA-3811-01Z-00-DX1.369d7946-911e-4e97-8ae7-32ef12b6b106_(7031,93722).jpg",0.9999999,1.0574221e-07,1
"images/TEST/MSIH/TCGA-CK-6746-01Z-00-DX1.0aae8eec-1e82-494b-8779-d79fea8bec0c_(63264,65837).jpg",0.99999964,3.9274425e-07,1
"images/TEST/MSIH/TCGA-CK-6746-01Z-00-DX1.0aae8eec-1e82-494b-8779-d79fea8bec0c_(53104,36373).jpg",0.9999999,1.2627125e-07,1
"images/TEST/MSIH/TCGA-CM-6674-01Z-00-DX1.4a08b16a-788e-43dc-85d2-baff6e911de2_(64180,60473).jpg",0.99999976,2.5821384e-07,1
"images/TEST/MSIH/TCGA-AD-A5EJ-01Z-00-DX1.FA56CEAF-8B70-45EF-A2C9-8AA7BEB3D88A_(3774,21059).jpg",0.9999975,2.503812e-06,1
"images/TEST/MSIH/TCGA-QG-A5Z2-01Z-00-DX1.51896C31-235E-48EF-90F7-FC05350CA564_(80722,13451).jpg",0.99999964,3.3082412e-07,1
"images/TEST/MSIH/TCGA-G4-6309-01Z-00-DX1.3eb20fdc-eb86-4bd5-8194-76b02d4fa472_(49694,59438).jpg",0.9999994,5.4952113e-07,1
"images/TEST/MSIH/TCGA-AA-A01P-01Z-00-DX1.D7AAA4F0-C956-4346-8948-DADACDFB3B69_(61228,88984).jpg",0.9999993,6.8635137e-07,1
"images/TEST/MSIH/TCGA-AD-6895-01Z-00-DX1.7FB1FBC6-683B-4285-89D1-A7A20F07A9D4_(18987,13053).jpg",0.99999964,3.3557177e-07,1
"images/TEST/MSIH/TCGA-AA-3950-01Z-00-DX1.2a81cf11-4c16-4e9e-8809-6f63152060da_(42039,69000).jpg",0.99999976,2.887953e-07,1
"images/TEST/MSIH/TCGA-AA-3864-01Z-00-DX1.f6992bc7-ba05-4c30-9500-8f7b07b30f9a_(14699,9122).jpg",0.99999917,8.3982593e-07,1
"images/TEST/MSIH/TCGA-AA-3811-01Z-00-DX1.369d7946-911e-4e97-8ae7-32ef12b6b106_(14738,89318).jpg",0.99999905,9.775002e-07,1
"images/TEST/MSIH/TCGA-QG-A5Z2-01Z-00-DX2.F2352352-8F00-4BB3-8A62-8D1C1E374F95_(47796,75449).jpg",0.9999987,1.3360354e-06,1
"images/TEST/MSIH/TCGA-CK-6746-01Z-00-DX1.0aae8eec-1e82-494b-8779-d79fea8bec0c_(27704,65837).jpg",0.99999976,2.257385e-07,1
"images/TEST/MSIH/TCGA-AZ-6598-01Z-00-DX1.1fc4cd61-4524-413b-b36d-ad438785bc06_(75166,59224).jpg",0.9999999,8.013708e-08,1
"images/TEST/MSIH/TCGA-G4-6309-01Z-00-DX1.3eb20fdc-eb86-4bd5-8194-76b02d4fa472_(98462,39118).jpg",0.9999999,1.705323e-07,1
"images/TEST/MSIH/TCGA-AA-3877-01Z-00-DX1.36902310-bc0b-4437-9f86-6df85703e0ad_(68930,87547).jpg",0.9999999,7.7919765e-08,1
"images/TEST/MSIH/TCGA-CM-4743-01Z-00-DX1.f54a6355-5623-498c-96b9-2ff1de6576c6_(59691,46017).jpg",0.9999999,1.3677118e-07,1
"images/TEST/MSIH/TCGA-CM-4743-01Z-00-DX1.f54a6355-5623-498c-96b9-2ff1de6576c6_(11939,49065).jpg",0.9999999,1.474939e-07,1
"images/TEST/MSIH/TCGA-G4-6309-01Z-00-DX1.3eb20fdc-eb86-4bd5-8194-76b02d4fa472_(25310,62486).jpg",0.99999917,7.891707e-07,1
"images/TEST/MSIH/TCGA-QG-A5Z2-01Z-00-DX2.F2352352-8F00-4BB3-8A62-8D1C1E374F95_(17406,66332).jpg",0.99999917,7.8517394e-07,1
"images/TEST/MSIH/TCGA-F4-6703-01Z-00-DX1.28225f5d-d880-4605-831f-f22ec0272cde_(63864,61909).jpg",0.99999845,1.5794764e-06,1
"images/TEST/MSIH/TCGA-A6-6653-01Z-00-DX1.e130666d-2681-4382-9e7a-4a4d27cb77a4_(92380,8426).jpg",0.9999999,1.16044205e-07,1
"images/TEST/MSIH/TCGA-AZ-6598-01Z-00-DX1.1fc4cd61-4524-413b-b36d-ad438785bc06_(50782,45000).jpg",0.99999964,3.8940854e-07,1
"images/TEST/MSIH/TCGA-AA-3864-01Z-00-DX1.f6992bc7-ba05-4c30-9500-8f7b07b30f9a_(16901,9122).jpg",0.99999976,2.0444348e-07,1
"images/TEST/MSIH/TCGA-AA-3811-01Z-00-DX1.369d7946-911e-4e97-8ae7-32ef12b6b106_(7031,105833).jpg",0.99999976,1.9104101e-07,1
"images/TEST/MSIH/TCGA-AA-3811-01Z-00-DX1.369d7946-911e-4e97-8ae7-32ef12b6b106_(11435,103631).jpg",0.9999999,1.3217462e-07,1
"images/TEST/MSIH/TCGA-AD-6889-01Z-00-DX1.5269A81E-5391-4875-8F2A-6505BC5BBFD9_(6755,18422).jpg",0.9999976,2.3900843e-06,1
"images/TEST/MSIH/TCGA-AA-A01P-01Z-00-DX1.D7AAA4F0-C956-4346-8948-DADACDFB3B69_(63430,85681).jpg",0.9999994,5.754348e-07,1
"images/TEST/MSIH/TCGA-AA-3715-01Z-00-DX1.24d6e746-ad61-4587-a2b9-8903331b279c_(52811,36156).jpg",0.99999726,2.715157e-06,1
"images/TEST/MSIH/TCGA-F4-6703-01Z-00-DX1.28225f5d-d880-4605-831f-f22ec0272cde_(81136,47685).jpg",0.9999995,4.1845496e-07,1
"images/TEST/MSIH/TCGA-CK-6746-01Z-00-DX1.0aae8eec-1e82-494b-8779-d79fea8bec0c_(59200,66853).jpg",0.9999999,1.252727e-07,1
"images/TEST/MSIH/TCGA-QG-A5Z2-01Z-00-DX1.51896C31-235E-48EF-90F7-FC05350CA564_(66540,53971).jpg",0.99999976,1.9540978e-07,1
"images/TEST/MSIH/TCGA-AD-6895-01Z-00-DX1.7FB1FBC6-683B-4285-89D1-A7A20F07A9D4_(4763,4925).jpg",0.99999964,3.388122e-07,1
"images/TEST/MSIH/TCGA-QG-A5Z2-01Z-00-DX2.F2352352-8F00-4BB3-8A62-8D1C1E374F95_(13354,33916).jpg",0.9999995,4.754318e-07,1
"images/TEST/MSIH/TCGA-AA-3877-01Z-00-DX1.36902310-bc0b-4437-9f86-6df85703e0ad_(53516,71032).jpg",0.9999995,4.6997707e-07,1
"images/TEST/MSIH/TCGA-CK-6747-01Z-00-DX1.7824596c-84db-4bee-b149-cd8f617c285f_(55072,38502).jpg",0.99999976,2.9665298e-07,1
"images/TEST/MSIH/TCGA-AD-A5EJ-01Z-00-DX1.FA56CEAF-8B70-45EF-A2C9-8AA7BEB3D88A_(4790,27155).jpg",0.9999995,5.087444e-07,1
"images/TEST/MSIH/TCGA-AD-A5EJ-01Z-00-DX1.FA56CEAF-8B70-45EF-A2C9-8AA7BEB3D88A_(25110,18011).jpg",0.9999995,5.195241e-07,1
"images/TEST/MSIH/TCGA-D5-6530-01Z-00-DX1.5c4bbcd1-51ba-467d-93f9-f2a9e7c5e010_(29251,61572).jpg",0.9999999,1.013936e-07,1
"images/TEST/MSIH/TCGA-AA-3715-01Z-00-DX1.24d6e746-ad61-4587-a2b9-8903331b279c_(29690,54873).jpg",0.9999987,1.3038634e-06,1
"images/TEST/MSIH/TCGA-AA-3715-01Z-00-DX1.24d6e746-ad61-4587-a2b9-8903331b279c_(49508,41661).jpg",0.99999964,3.4177876e-07,1
"images/TEST/MSIH/TCGA-QG-A5Z2-01Z-00-DX1.51896C31-235E-48EF-90F7-FC05350CA564_(40202,5347).jpg",0.99999917,8.327192e-07,1
"images/TEST/MSIH/TCGA-D5-6927-01Z-00-DX1.ff21d627-dbb8-4200-937b-f8be8b86b6d4_(72486,10395).jpg",0.99999976,2.829646e-07,1
"images/TEST/MSIH/TCGA-AA-3715-01Z-00-DX1.24d6e746-ad61-4587-a2b9-8903331b279c_(36296,58176).jpg",0.99999905,1.0031654e-06,1
"images/TEST/MSIH/TCGA-CM-4743-01Z-00-DX1.f54a6355-5623-498c-96b9-2ff1de6576c6_(40387,64305).jpg",0.99999976,1.9580023e-07,1
"images/TEST/MSIH/TCGA-AA-3715-01Z-00-DX1.24d6e746-ad61-4587-a2b9-8903331b279c_(46205,52671).jpg",0.9999975,2.446313e-06,1
"images/TEST/MSIH/TCGA-CM-4743-01Z-00-DX1.f54a6355-5623-498c-96b9-2ff1de6576c6_(44451,38905).jpg",0.9999999,9.320386e-08,1
"images/TEST/MSIH/TCGA-D5-6530-01Z-00-DX1.5c4bbcd1-51ba-467d-93f9-f2a9e7c5e010_(49571,71732).jpg",0.99999976,1.9983709e-07,1
"images/TEST/MSIH/TCGA-QG-A5Z2-01Z-00-DX1.51896C31-235E-48EF-90F7-FC05350CA564_(80722,20542).jpg",0.9999994,6.0395644e-07,1
"images/TEST/MSIH/TCGA-A6-6653-01Z-00-DX1.e130666d-2681-4382-9e7a-4a4d27cb77a4_(92380,17570).jpg",0.9999995,5.1743353e-07,1
"images/TEST/MSIH/TCGA-AA-A01P-01Z-00-DX1.D7AAA4F0-C956-4346-8948-DADACDFB3B69_(35905,80176).jpg",0.99999976,2.6844566e-07,1
"images/TEST/MSIH/TCGA-AA-3864-01Z-00-DX1.f6992bc7-ba05-4c30-9500-8f7b07b30f9a_(14699,16829).jpg",0.9999999,1.6381922e-07,1
"images/TEST/MSIH/TCGA-AA-3811-01Z-00-DX1.369d7946-911e-4e97-8ae7-32ef12b6b106_(13637,90419).jpg",0.9999999,6.06864e-08,1
"images/TEST/MSIH/TCGA-CM-6674-01Z-00-DX1.4a08b16a-788e-43dc-85d2-baff6e911de2_(91612,67585).jpg",0.99999976,2.7812212e-07,1
"images/TEST/MSIH/TCGA-CK-6747-01Z-00-DX1.7824596c-84db-4bee-b149-cd8f617c285f_(57104,43582).jpg",0.9999982,1.815476e-06,1
"images/TEST/MSIH/TCGA-CM-4746-01Z-00-DX1.c83b9795-bf45-4100-9052-a7e485e0f770_(38221,8915).jpg",0.99999964,3.4381313e-07,1
"images/TEST/MSIH/TCGA-AD-A5EJ-01Z-00-DX1.FA56CEAF-8B70-45EF-A2C9-8AA7BEB3D88A_(16982,14963).jpg",0.9999999,9.5493505e-08,1
"images/TEST/MSIH/TCGA-AD-6895-01Z-00-DX1.7FB1FBC6-683B-4285-89D1-A7A20F07A9D4_(5779,5941).jpg",0.99999976,1.9216478e-07,1
"images/TEST/MSIH/TCGA-QG-A5Z2-01Z-00-DX1.51896C31-235E-48EF-90F7-FC05350CA564_(83761,46880).jpg",0.9999993,6.92337e-07,1
"images/TEST/MSIH/TCGA-QG-A5Z2-01Z-00-DX1.51896C31-235E-48EF-90F7-FC05350CA564_(75657,41815).jpg",0.9999999,7.5521996e-08,1
"images/TEST/MSIH/TCGA-AD-6889-01Z-00-DX1.5269A81E-5391-4875-8F2A-6505BC5BBFD9_(45363,33662).jpg",0.99999833,1.6583991e-06,1
"images/TEST/MSIH/TCGA-CK-6747-01Z-00-DX1.7824596c-84db-4bee-b149-cd8f617c285f_(51008,22246).jpg",0.99999785,2.1034493e-06,1
"images/TEST/MSIH/TCGA-AA-3877-01Z-00-DX1.36902310-bc0b-4437-9f86-6df85703e0ad_(43607,87547).jpg",0.9999993,7.687474e-07,1
"images/TEST/MSIH/TCGA-CK-6747-01Z-00-DX1.7824596c-84db-4bee-b149-cd8f617c285f_(21544,37486).jpg",0.9999999,1.7161986e-07,1
"images/TEST/MSIH/TCGA-A6-6653-01Z-00-DX1.e130666d-2681-4382-9e7a-4a4d27cb77a4_(89332,5378).jpg",0.9999982,1.7474405e-06,1
"images/TEST/MSIH/TCGA-QG-A5Z2-01Z-00-DX1.51896C31-235E-48EF-90F7-FC05350CA564_(75657,16490).jpg",0.9999999,9.22066e-08,1
"images/TEST/MSIH/TCGA-AA-A01P-01Z-00-DX1.D7AAA4F0-C956-4346-8948-DADACDFB3B69_(34804,82378).jpg",0.99999964,3.008364e-07,1
"images/TEST/MSIH/TCGA-D5-6530-01Z-00-DX1.5c4bbcd1-51ba-467d-93f9-f2a9e7c5e010_(77003,73764).jpg",0.9999994,5.652777e-07,1
"images/TEST/MSIH/TCGA-CM-4743-01Z-00-DX1.f54a6355-5623-498c-96b9-2ff1de6576c6_(21083,72433).jpg",0.99999976,2.5166435e-07,1
"images/TEST/MSIH/TCGA-AA-A01P-01Z-00-DX1.D7AAA4F0-C956-4346-8948-DADACDFB3B69_(41410,59257).jpg",0.9999994,6.219098e-07,1
"images/TEST/MSIH/TCGA-G4-6309-01Z-00-DX1.3eb20fdc-eb86-4bd5-8194-76b02d4fa472_(49694,54358).jpg",0.9999995,4.5403755e-07,1
"images/TEST/MSIH/TCGA-QG-A5Z2-01Z-00-DX1.51896C31-235E-48EF-90F7-FC05350CA564_(81735,38776).jpg",0.99999917,7.951585e-07,1
"images/TEST/MSIH/TCGA-AA-3877-01Z-00-DX1.36902310-bc0b-4437-9f86-6df85703e0ad_(53516,98557).jpg",0.9999999,1.5785955e-07,1
"images/TEST/MSIH/TCGA-AZ-6598-01Z-00-DX1.1fc4cd61-4524-413b-b36d-ad438785bc06_(56878,36872).jpg",0.99999976,2.41498e-07,1
"images/TEST/MSIH/TCGA-CM-4743-01Z-00-DX1.f54a6355-5623-498c-96b9-2ff1de6576c6_(76963,39921).jpg",0.99999917,8.520171e-07,1
"images/TEST/MSIH/TCGA-CM-4743-01Z-00-DX1.f54a6355-5623-498c-96b9-2ff1de6576c6_(24131,50081).jpg",0.9999999,6.678306e-08,1
"images/TEST/MSIH/TCGA-F4-6703-01Z-00-DX1.28225f5d-d880-4605-831f-f22ec0272cde_(82152,49717).jpg",0.9999995,4.4303198e-07,1
"images/TEST/MSIH/TCGA-CM-4746-01Z-00-DX1.c83b9795-bf45-4100-9052-a7e485e0f770_(29077,24155).jpg",0.99999917,8.5452825e-07,1
"images/TEST/MSIH/TCGA-AA-3877-01Z-00-DX1.36902310-bc0b-4437-9f86-6df85703e0ad_(60122,96355).jpg",0.99999976,2.3937744e-07,1
"images/TEST/MSIH/TCGA-CM-4743-01Z-00-DX1.f54a6355-5623-498c-96b9-2ff1de6576c6_(76963,41953).jpg",0.99999964,4.100214e-07,1
"images/TEST/MSIH/TCGA-QG-A5Z2-01Z-00-DX1.51896C31-235E-48EF-90F7-FC05350CA564_(79709,18516).jpg",0.9999995,4.3464863e-07,1
"images/TEST/MSIH/TCGA-A6-6653-01Z-00-DX1.e130666d-2681-4382-9e7a-4a4d27cb77a4_(92380,19602).jpg",0.9999994,5.9862987e-07,1
"images/TEST/MSIH/TCGA-D5-6927-01Z-00-DX1.ff21d627-dbb8-4200-937b-f8be8b86b6d4_(72486,3283).jpg",0.99999976,2.2032135e-07,1
"images/TEST/MSIH/TCGA-AA-3864-01Z-00-DX1.f6992bc7-ba05-4c30-9500-8f7b07b30f9a_(10295,15728).jpg",0.9999982,1.7594402e-06,1
"images/TEST/MSIH/TCGA-AZ-6598-01Z-00-DX1.1fc4cd61-4524-413b-b36d-ad438785bc06_(50782,56176).jpg",0.99999976,2.4839196e-07,1
"images/TEST/MSIH/TCGA-AA-3864-01Z-00-DX1.f6992bc7-ba05-4c30-9500-8f7b07b30f9a_(16901,15728).jpg",0.99999845,1.5404913e-06,1
"images/TEST/MSIH/TCGA-AD-6889-01Z-00-DX1.5269A81E-5391-4875-8F2A-6505BC5BBFD9_(19963,41790).jpg",0.99999976,2.7130454e-07,1
"images/TEST/MSIH/TCGA-AZ-6598-01Z-00-DX1.1fc4cd61-4524-413b-b36d-ad438785bc06_(57894,36872).jpg",0.99999964,3.9337326e-07,1
"images/TEST/MSIH/TCGA-AA-3811-01Z-00-DX1.369d7946-911e-4e97-8ae7-32ef12b6b106_(10334,90419).jpg",0.9999995,4.3189505e-07,1
"images/TEST/MSIH/TCGA-F4-6703-01Z-00-DX1.28225f5d-d880-4605-831f-f22ec0272cde_(94344,55813).jpg",0.99999964,3.274586e-07,1
"images/TEST/MSIH/TCGA-AA-3950-01Z-00-DX1.2a81cf11-4c16-4e9e-8809-6f63152060da_(40938,83313).jpg",0.9999999,1.5589372e-07,1
"images/TEST/MSIH/TCGA-AA-3811-01Z-00-DX1.369d7946-911e-4e97-8ae7-32ef12b6b106_(7031,92621).jpg",0.9999999,1.1747583e-07,1
"images/TEST/MSIH/TCGA-D5-6530-01Z-00-DX1.5c4bbcd1-51ba-467d-93f9-f2a9e7c5e010_(40427,66652).jpg",0.9999995,4.5096158e-07,1
"images/TEST/MSIH/TCGA-AA-A01P-01Z-00-DX1.D7AAA4F0-C956-4346-8948-DADACDFB3B69_(48016,91186).jpg",0.9999995,4.3560223e-07,1
"images/TEST/MSIH/TCGA-QG-A5Z2-01Z-00-DX1.51896C31-235E-48EF-90F7-FC05350CA564_(81735,23581).jpg",0.9999989,1.0615238e-06,1
"images/TEST/MSIH/TCGA-CK-6747-01Z-00-DX1.7824596c-84db-4bee-b149-cd8f617c285f_(70312,33422).jpg",0.99999917,8.283178e-07,1
"images/TEST/MSIH/TCGA-AA-3715-01Z-00-DX1.24d6e746-ad61-4587-a2b9-8903331b279c_(32993,51570).jpg",0.99999607,3.9024717e-06,1
"images/TEST/MSIH/TCGA-AZ-6598-01Z-00-DX1.1fc4cd61-4524-413b-b36d-ad438785bc06_(74150,63288).jpg",0.9999994,5.9025393e-07,1
"images/TEST/MSIH/TCGA-AA-3877-01Z-00-DX1.36902310-bc0b-4437-9f86-6df85703e0ad_(54617,67729).jpg",0.99999964,3.984162e-07,1
"images/TEST/MSIH/TCGA-AD-6889-01Z-00-DX1.5269A81E-5391-4875-8F2A-6505BC5BBFD9_(11835,30614).jpg",0.9999981,1.856803e-06,1
"images/TEST/MSIH/TCGA-A6-6653-01Z-00-DX1.e130666d-2681-4382-9e7a-4a4d27cb77a4_(96444,5378).jpg",0.9999999,1.5469764e-07,1
"images/TEST/MSIH/TCGA-AA-3877-01Z-00-DX1.36902310-bc0b-4437-9f86-6df85703e0ad_(42506,89749).jpg",0.99999976,1.9667044e-07,1
"images/TEST/MSIH/TCGA-AD-6895-01Z-00-DX1.7FB1FBC6-683B-4285-89D1-A7A20F07A9D4_(9843,4925).jpg",0.99999976,2.2439143e-07,1
"images/TEST/MSIH/TCGA-CM-4743-01Z-00-DX1.f54a6355-5623-498c-96b9-2ff1de6576c6_(16003,48049).jpg",0.9999989,1.0611736e-06,1
"images/TEST/MSIH/TCGA-AD-6889-01Z-00-DX1.5269A81E-5391-4875-8F2A-6505BC5BBFD9_(26059,54998).jpg",0.99999905,8.990875e-07,1
"images/TEST/MSIH/TCGA-CM-6674-01Z-00-DX1.4a08b16a-788e-43dc-85d2-baff6e911de2_(66212,72665).jpg",0.99999976,2.5596387e-07,1
"images/TEST/MSIH/TCGA-AD-6889-01Z-00-DX1.5269A81E-5391-4875-8F2A-6505BC5BBFD9_(29107,31630).jpg",0.99999833,1.7185831e-06,1
"images/TEST/MSIH/TCGA-QG-A5Z2-01Z-00-DX1.51896C31-235E-48EF-90F7-FC05350CA564_(85787,37763).jpg",0.99999976,2.3156251e-07,1
"images/TEST/MSIH/TCGA-AA-3864-01Z-00-DX1.f6992bc7-ba05-4c30-9500-8f7b07b30f9a_(16901,8021).jpg",0.9999999,1.7610807e-07,1
"images/TEST/MSIH/TCGA-CM-4743-01Z-00-DX1.f54a6355-5623-498c-96b9-2ff1de6576c6_(58675,31793).jpg",0.9999999,8.547111e-08,1
"images/TEST/MSIH/TCGA-AA-A01P-01Z-00-DX1.D7AAA4F0-C956-4346-8948-DADACDFB3B69_(35905,59257).jpg",0.99999976,2.603036e-07,1
"images/TEST/MSIH/TCGA-CM-6674-01Z-00-DX1.4a08b16a-788e-43dc-85d2-baff6e911de2_(22524,60473).jpg",0.9999987,1.25346e-06,1
"images/TEST/MSIH/TCGA-AD-6889-01Z-00-DX1.5269A81E-5391-4875-8F2A-6505BC5BBFD9_(32155,21470).jpg",0.9999988,1.2467565e-06,1
"images/TEST/MSIH/TCGA-D5-6927-01Z-00-DX1.ff21d627-dbb8-4200-937b-f8be8b86b6d4_(86710,6331).jpg",0.99999785,2.1422786e-06,1
"images/TEST/MSIH/TCGA-CM-6674-01Z-00-DX1.4a08b16a-788e-43dc-85d2-baff6e911de2_(35732,69617).jpg",0.99999917,8.181088e-07,1
"images/TEST/MSIH/TCGA-CM-4743-01Z-00-DX1.f54a6355-5623-498c-96b9-2ff1de6576c6_(35307,40937).jpg",0.99999785,2.2044085e-06,1
"images/TEST/MSIH/TCGA-CK-6747-01Z-00-DX1.7824596c-84db-4bee-b149-cd8f617c285f_(33736,17166).jpg",0.9999988,1.2218972e-06,1
"images/TEST/MSIH/TCGA-CK-6746-01Z-00-DX1.0aae8eec-1e82-494b-8779-d79fea8bec0c_(25672,54661).jpg",0.99999976,1.8601995e-07,1
"images/TEST/MSIH/TCGA-AA-3950-01Z-00-DX1.2a81cf11-4c16-4e9e-8809-6f63152060da_(54150,84414).jpg",1.0,4.8177515e-08,1
"images/TEST/MSIH/TCGA-AA-3877-01Z-00-DX1.36902310-bc0b-4437-9f86-6df85703e0ad_(60122,91951).jpg",0.99999964,3.3599414e-07,1
"images/TEST/MSIH/TCGA-AA-3811-01Z-00-DX1.369d7946-911e-4e97-8ae7-32ef12b6b106_(5930,94823).jpg",0.99999976,2.9115222e-07,1
"images/TEST/MSIH/TCGA-AA-3877-01Z-00-DX1.36902310-bc0b-4437-9f86-6df85703e0ad_(71132,79840).jpg",0.99999976,1.8956878e-07,1
"images/TEST/MSIH/TCGA-A6-6653-01Z-00-DX1.e130666d-2681-4382-9e7a-4a4d27cb77a4_(95428,26714).jpg",0.9999995,4.707549e-07,1
"images/TEST/MSIH/TCGA-AZ-6598-01Z-00-DX1.1fc4cd61-4524-413b-b36d-ad438785bc06_(51798,48048).jpg",0.99999964,3.286343e-07,1
"images/TEST/MSIH/TCGA-AA-3811-01Z-00-DX1.369d7946-911e-4e97-8ae7-32ef12b6b106_(18041,91520).jpg",0.99999964,3.770629e-07,1
"images/TEST/MSIH/TCGA-D5-6530-01Z-00-DX1.5c4bbcd1-51ba-467d-93f9-f2a9e7c5e010_(17059,52428).jpg",0.9999994,5.993479e-07,1
"images/TEST/MSIH/TCGA-D5-6927-01Z-00-DX1.ff21d627-dbb8-4200-937b-f8be8b86b6d4_(82646,8363).jpg",0.9999988,1.2111794e-06,1
"images/TEST/MSIH/TCGA-AA-3715-01Z-00-DX1.24d6e746-ad61-4587-a2b9-8903331b279c_(16478,47166).jpg",0.9999975,2.4946194e-06,1
"images/TEST/MSIH/TCGA-AD-6889-01Z-00-DX1.5269A81E-5391-4875-8F2A-6505BC5BBFD9_(20979,45854).jpg",0.9999982,1.8087967e-06,1
"images/TEST/MSIH/TCGA-QG-A5Z2-01Z-00-DX1.51896C31-235E-48EF-90F7-FC05350CA564_(66540,75244).jpg",0.99999976,1.9735961e-07,1
"images/TEST/MSIH/TCGA-AA-A01P-01Z-00-DX1.D7AAA4F0-C956-4346-8948-DADACDFB3B69_(39208,79075).jpg",0.99999964,3.649948e-07,1
"images/TEST/MSIH/TCGA-AA-A01P-01Z-00-DX1.D7AAA4F0-C956-4346-8948-DADACDFB3B69_(75541,99994).jpg",0.9999994,5.5802104e-07,1
"images/TEST/MSIH/TCGA-AA-3811-01Z-00-DX1.369d7946-911e-4e97-8ae7-32ef12b6b106_(10334,111338).jpg",1.0,4.0956646e-08,1
"images/TEST/MSIH/TCGA-D5-6530-01Z-00-DX1.5c4bbcd1-51ba-467d-93f9-f2a9e7c5e010_(9947,51412).jpg",0.99999964,3.2303672e-07,1
"images/TEST/MSIH/TCGA-F4-6703-01Z-00-DX1.28225f5d-d880-4605-831f-f22ec0272cde_(70976,55813).jpg",0.9999999,9.005294e-08,1
"images/TEST/MSIH/TCGA-CK-6746-01Z-00-DX1.0aae8eec-1e82-494b-8779-d79fea8bec0c_(70376,59741).jpg",0.9999995,4.2606743e-07,1
"images/TEST/MSIH/TCGA-AA-3715-01Z-00-DX1.24d6e746-ad61-4587-a2b9-8903331b279c_(49508,37257).jpg",0.99999833,1.6910516e-06,1
"images/TEST/MSIH/TCGA-AA-3877-01Z-00-DX1.36902310-bc0b-4437-9f86-6df85703e0ad_(46910,80941).jpg",0.99999976,2.3926995e-07,1
"images/TEST/MSIH/TCGA-G4-6309-01Z-00-DX1.3eb20fdc-eb86-4bd5-8194-76b02d4fa472_(38518,60454).jpg",0.9999995,5.171336e-07,1
"images/TEST/MSIH/TCGA-CK-6747-01Z-00-DX1.7824596c-84db-4bee-b149-cd8f617c285f_(45928,24278).jpg",0.99999905,9.0969087e-07,1
"images/TEST/MSIH/TCGA-CK-6747-01Z-00-DX1.7824596c-84db-4bee-b149-cd8f617c285f_(71328,19198).jpg",0.9999982,1.8048784e-06,1
"images/TEST/MSIH/TCGA-AA-3715-01Z-00-DX1.24d6e746-ad61-4587-a2b9-8903331b279c_(52811,40560).jpg",0.9999976,2.425892e-06,1
"images/TEST/MSIH/TCGA-AD-A5EJ-01Z-00-DX1.FA56CEAF-8B70-45EF-A2C9-8AA7BEB3D88A_(13934,25123).jpg",0.99999905,9.480602e-07,1
"images/TEST/MSIH/TCGA-CK-6747-01Z-00-DX1.7824596c-84db-4bee-b149-cd8f617c285f_(7320,24278).jpg",0.99999774,2.3214614e-06,1
"images/TEST/MSIH/TCGA-AA-A01P-01Z-00-DX1.D7AAA4F0-C956-4346-8948-DADACDFB3B69_(62329,93388).jpg",0.9999999,1.6825068e-07,1
"images/TEST/MSIH/TCGA-F4-6703-01Z-00-DX1.28225f5d-d880-4605-831f-f22ec0272cde_(73008,56829).jpg",0.9999995,5.06447e-07,1
"images/TEST/MSIH/TCGA-CK-6746-01Z-00-DX1.0aae8eec-1e82-494b-8779-d79fea8bec0c_(60216,47549).jpg",0.99999976,2.9505745e-07,1
"images/TEST/MSIH/TCGA-AD-A5EJ-01Z-00-DX1.FA56CEAF-8B70-45EF-A2C9-8AA7BEB3D88A_(12918,16995).jpg",0.9999994,5.899191e-07,1
"images/TEST/MSIH/TCGA-AA-3715-01Z-00-DX1.24d6e746-ad61-4587-a2b9-8903331b279c_(20882,39459).jpg",0.99999976,1.8181238e-07,1
"images/TEST/MSIH/TCGA-CK-6747-01Z-00-DX1.7824596c-84db-4bee-b149-cd8f617c285f_(35768,24278).jpg",0.99999905,9.224624e-07,1
"images/TEST/MSIH/TCGA-AD-6889-01Z-00-DX1.5269A81E-5391-4875-8F2A-6505BC5BBFD9_(21995,31630).jpg",0.9999994,5.729029e-07,1
"images/TEST/MSIH/TCGA-F4-6703-01Z-00-DX1.28225f5d-d880-4605-831f-f22ec0272cde_(79104,45653).jpg",0.9999999,1.2903574e-07,1
"images/TEST/MSIH/TCGA-AD-A5EJ-01Z-00-DX1.FA56CEAF-8B70-45EF-A2C9-8AA7BEB3D88A_(24094,19027).jpg",0.99999905,8.998595e-07,1
"images/TEST/MSIH/TCGA-CK-6747-01Z-00-DX1.7824596c-84db-4bee-b149-cd8f617c285f_(86568,20214).jpg",0.9999993,6.636023e-07,1
"images/TEST/MSIH/TCGA-F4-6703-01Z-00-DX1.28225f5d-d880-4605-831f-f22ec0272cde_(63864,48701).jpg",0.99999976,2.484249e-07,1
"images/TEST/MSIH/TCGA-A6-6653-01Z-00-DX1.e130666d-2681-4382-9e7a-4a4d27cb77a4_(94412,3346).jpg",0.9999999,1.3027568e-07,1
"images/TEST/MSIH/TCGA-AA-A01P-01Z-00-DX1.D7AAA4F0-C956-4346-8948-DADACDFB3B69_(59026,70267).jpg",0.9999995,4.3797658e-07,1
"images/TEST/MSIH/TCGA-CK-6747-01Z-00-DX1.7824596c-84db-4bee-b149-cd8f617c285f_(64216,39518).jpg",0.9999994,5.5215986e-07,1
"images/TEST/MSIH/TCGA-CM-4743-01Z-00-DX1.f54a6355-5623-498c-96b9-2ff1de6576c6_(40387,32809).jpg",0.9999976,2.325343e-06,1
"images/TEST/MSIH/TCGA-AD-A5EJ-01Z-00-DX1.FA56CEAF-8B70-45EF-A2C9-8AA7BEB3D88A_(12918,27155).jpg",0.99999905,9.3284575e-07,1
"images/TEST/MSIH/TCGA-CM-6674-01Z-00-DX1.4a08b16a-788e-43dc-85d2-baff6e911de2_(85516,58441).jpg",0.9999999,1.131953e-07,1
"images/TEST/MSIH/TCGA-D5-6530-01Z-00-DX1.5c4bbcd1-51ba-467d-93f9-f2a9e7c5e010_(61763,65636).jpg",0.9999994,5.4983724e-07,1
"images/TEST/MSIH/TCGA-CK-6747-01Z-00-DX1.7824596c-84db-4bee-b149-cd8f617c285f_(59136,31390).jpg",0.9999994,5.7752726e-07,1
"images/TEST/MSIH/TCGA-D5-6530-01Z-00-DX1.5c4bbcd1-51ba-467d-93f9-f2a9e7c5e010_(43475,72748).jpg",0.9999995,5.074487e-07,1
"images/TEST/MSIH/TCGA-AD-6895-01Z-00-DX1.7FB1FBC6-683B-4285-89D1-A7A20F07A9D4_(10859,13053).jpg",0.99999964,4.018762e-07,1
"images/TEST/MSIH/TCGA-AA-3950-01Z-00-DX1.2a81cf11-4c16-4e9e-8809-6f63152060da_(44241,70101).jpg",0.9999999,1.370825e-07,1
"images/TEST/MSIH/TCGA-CM-4743-01Z-00-DX1.f54a6355-5623-498c-96b9-2ff1de6576c6_(68835,34841).jpg",1.0,5.428431e-08,1
"images/TEST/MSIH/TCGA-AD-A5EJ-01Z-00-DX1.FA56CEAF-8B70-45EF-A2C9-8AA7BEB3D88A_(9870,24107).jpg",0.9999999,6.069161e-08,1
"images/TEST/MSIH/TCGA-AA-A01P-01Z-00-DX1.D7AAA4F0-C956-4346-8948-DADACDFB3B69_(35905,75772).jpg",0.99999964,3.633458e-07,1
"images/TEST/MSIH/TCGA-AA-A01P-01Z-00-DX1.D7AAA4F0-C956-4346-8948-DADACDFB3B69_(32602,80176).jpg",0.99999976,2.0955513e-07,1
"images/TEST/MSIH/TCGA-AA-3877-01Z-00-DX1.36902310-bc0b-4437-9f86-6df85703e0ad_(52415,94153).jpg",0.99999976,2.9048383e-07,1
"images/TEST/MSIH/TCGA-AA-3715-01Z-00-DX1.24d6e746-ad61-4587-a2b9-8903331b279c_(35195,44964).jpg",0.99999905,9.759689e-07,1
"images/TEST/MSIH/TCGA-AD-6889-01Z-00-DX1.5269A81E-5391-4875-8F2A-6505BC5BBFD9_(41299,33662).jpg",0.99999964,3.3948106e-07,1
"images/TEST/MSIH/TCGA-F4-6703-01Z-00-DX1.28225f5d-d880-4605-831f-f22ec0272cde_(85200,59877).jpg",0.9999999,9.9552594e-08,1
"images/TEST/MSIH/TCGA-AD-A5EJ-01Z-00-DX1.FA56CEAF-8B70-45EF-A2C9-8AA7BEB3D88A_(19014,26139).jpg",0.99999666,3.3912556e-06,1
"images/TEST/MSIH/TCGA-AA-3877-01Z-00-DX1.36902310-bc0b-4437-9f86-6df85703e0ad_(45809,80941).jpg",0.99999964,3.41766e-07,1
"images/TEST/MSIH/TCGA-AZ-6598-01Z-00-DX1.1fc4cd61-4524-413b-b36d-ad438785bc06_(60942,43984).jpg",0.9999914,8.605223e-06,1
"images/TEST/MSIH/TCGA-CK-6747-01Z-00-DX1.7824596c-84db-4bee-b149-cd8f617c285f_(37800,29358).jpg",0.9999994,5.993318e-07,1
"images/TEST/MSIH/TCGA-F4-6703-01Z-00-DX1.28225f5d-d880-4605-831f-f22ec0272cde_(88248,38541).jpg",0.99999976,2.622136e-07,1
"images/TEST/MSIH/TCGA-AA-A01P-01Z-00-DX1.D7AAA4F0-C956-4346-8948-DADACDFB3B69_(33703,82378).jpg",0.9999995,4.7415986e-07,1
"images/TEST/MSIH/TCGA-AD-A5EJ-01Z-00-DX1.FA56CEAF-8B70-45EF-A2C9-8AA7BEB3D88A_(5806,16995).jpg",0.99999964,3.7236512e-07,1
"images/TEST/MSIH/TCGA-AD-6895-01Z-00-DX1.7FB1FBC6-683B-4285-89D1-A7A20F07A9D4_(6795,5941).jpg",0.99999964,3.0701162e-07,1
"images/TEST/MSIH/TCGA-AA-3950-01Z-00-DX1.2a81cf11-4c16-4e9e-8809-6f63152060da_(48645,85515).jpg",0.9999999,1.2175637e-07,1
"images/TEST/MSIH/TCGA-AA-3877-01Z-00-DX1.36902310-bc0b-4437-9f86-6df85703e0ad_(51314,97456).jpg",0.99999976,2.7555015e-07,1
"images/TEST/MSIH/TCGA-A6-6653-01Z-00-DX1.e130666d-2681-4382-9e7a-4a4d27cb77a4_(92380,10458).jpg",0.9999995,4.5675804e-07,1
"images/TEST/MSIH/TCGA-AD-A5EJ-01Z-00-DX1.FA56CEAF-8B70-45EF-A2C9-8AA7BEB3D88A_(14950,30203).jpg",0.99999917,7.940945e-07,1
"images/TEST/MSIH/TCGA-D5-6927-01Z-00-DX1.ff21d627-dbb8-4200-937b-f8be8b86b6d4_(91790,17507).jpg",0.99999964,3.5642037e-07,1
"images/TEST/MSIH/TCGA-AA-3950-01Z-00-DX1.2a81cf11-4c16-4e9e-8809-6f63152060da_(36534,80010).jpg",0.9999968,3.1606849e-06,1
"images/TEST/MSIH/TCGA-G4-6309-01Z-00-DX1.3eb20fdc-eb86-4bd5-8194-76b02d4fa472_(62902,53342).jpg",0.9999999,1.2347493e-07,1
"images/TEST/MSIH/TCGA-AZ-6598-01Z-00-DX1.1fc4cd61-4524-413b-b36d-ad438785bc06_(51798,52112).jpg",0.99999976,2.0543595e-07,1
"images/TEST/MSIH/TCGA-A6-6653-01Z-00-DX1.e130666d-2681-4382-9e7a-4a4d27cb77a4_(85268,12490).jpg",0.99999964,3.4354042e-07,1
"images/TEST/MSIH/TCGA-D5-6927-01Z-00-DX1.ff21d627-dbb8-4200-937b-f8be8b86b6d4_(64358,10395).jpg",0.9999993,6.627321e-07,1
"images/TEST/MSIH/TCGA-CM-6674-01Z-00-DX1.4a08b16a-788e-43dc-85d2-baff6e911de2_(83484,70633).jpg",0.99999917,7.886064e-07,1
"images/TEST/MSIH/TCGA-AZ-6598-01Z-00-DX1.1fc4cd61-4524-413b-b36d-ad438785bc06_(82278,58208).jpg",0.9999999,1.1237537e-07,1
"images/TEST/MSIH/TCGA-QG-A5Z2-01Z-00-DX2.F2352352-8F00-4BB3-8A62-8D1C1E374F95_(22471,26825).jpg",0.9999988,1.1593274e-06,1
"images/TEST/MSIH/TCGA-AZ-6598-01Z-00-DX1.1fc4cd61-4524-413b-b36d-ad438785bc06_(54846,37888).jpg",0.9999993,7.014915e-07,1
"images/TEST/MSIH/TCGA-AD-6895-01Z-00-DX1.7FB1FBC6-683B-4285-89D1-A7A20F07A9D4_(9843,10005).jpg",0.9999994,5.4193674e-07,1
"images/TEST/MSIH/TCGA-AA-3950-01Z-00-DX1.2a81cf11-4c16-4e9e-8809-6f63152060da_(48645,66798).jpg",0.9999999,1.02339435e-07,1
"images/TEST/MSIH/TCGA-AD-A5EJ-01Z-00-DX1.FA56CEAF-8B70-45EF-A2C9-8AA7BEB3D88A_(25110,16995).jpg",0.9999994,6.5146753e-07,1
"images/TEST/MSIH/TCGA-AA-3877-01Z-00-DX1.36902310-bc0b-4437-9f86-6df85703e0ad_(53516,99658).jpg",1.0,3.9060836e-08,1
"images/TEST/MSIH/TCGA-AA-3864-01Z-00-DX1.f6992bc7-ba05-4c30-9500-8f7b07b30f9a_(12497,13526).jpg",0.99999976,2.0813526e-07,1
"images/TEST/MSIH/TCGA-AA-3950-01Z-00-DX1.2a81cf11-4c16-4e9e-8809-6f63152060da_(45342,74505).jpg",0.9999999,6.925174e-08,1
"images/TEST/MSIH/TCGA-AZ-6598-01Z-00-DX1.1fc4cd61-4524-413b-b36d-ad438785bc06_(33510,55160).jpg",0.9999999,1.3430781e-07,1
"images/TEST/MSIH/TCGA-G4-6309-01Z-00-DX1.3eb20fdc-eb86-4bd5-8194-76b02d4fa472_(44614,56390).jpg",0.99999774,2.3065631e-06,1
"images/TEST/MSIH/TCGA-G4-6309-01Z-00-DX1.3eb20fdc-eb86-4bd5-8194-76b02d4fa472_(54774,60454).jpg",0.9999988,1.1539578e-06,1
"images/TEST/MSIH/TCGA-CK-6747-01Z-00-DX1.7824596c-84db-4bee-b149-cd8f617c285f_(34752,26310).jpg",0.99999917,8.7590143e-07,1
"images/TEST/MSIH/TCGA-G4-6309-01Z-00-DX1.3eb20fdc-eb86-4bd5-8194-76b02d4fa472_(71030,52326).jpg",0.99999917,8.063667e-07,1
"images/TEST/MSIH/TCGA-D5-6530-01Z-00-DX1.5c4bbcd1-51ba-467d-93f9-f2a9e7c5e010_(53635,71732).jpg",0.9999999,1.2854272e-07,1
"images/TEST/MSIH/TCGA-D5-6530-01Z-00-DX1.5c4bbcd1-51ba-467d-93f9-f2a9e7c5e010_(65827,63604).jpg",0.9999994,5.907631e-07,1
"images/TEST/MSIH/TCGA-CK-6746-01Z-00-DX1.0aae8eec-1e82-494b-8779-d79fea8bec0c_(68344,59741).jpg",1.0,1.7953791e-08,1
"images/TEST/MSIH/TCGA-D5-6530-01Z-00-DX1.5c4bbcd1-51ba-467d-93f9-f2a9e7c5e010_(31283,52428).jpg",0.9999994,5.9392875e-07,1
"images/TEST/MSIH/TCGA-AD-6889-01Z-00-DX1.5269A81E-5391-4875-8F2A-6505BC5BBFD9_(29107,45854).jpg",0.99999917,8.402057e-07,1
"images/TEST/MSIH/TCGA-CK-6746-01Z-00-DX1.0aae8eec-1e82-494b-8779-d79fea8bec0c_(73424,60757).jpg",0.9999987,1.3285455e-06,1
"images/TEST/MSIH/TCGA-D5-6927-01Z-00-DX1.ff21d627-dbb8-4200-937b-f8be8b86b6d4_(74518,15475).jpg",0.9999995,4.3993825e-07,1
"images/TEST/MSIH/TCGA-AA-A01P-01Z-00-DX1.D7AAA4F0-C956-4346-8948-DADACDFB3B69_(45814,88984).jpg",0.9999989,1.0458042e-06,1
"images/TEST/MSIH/TCGA-QG-A5Z2-01Z-00-DX1.51896C31-235E-48EF-90F7-FC05350CA564_(85787,40802).jpg",0.99999785,2.0954024e-06,1
"images/TEST/MSIH/TCGA-AA-3811-01Z-00-DX1.369d7946-911e-4e97-8ae7-32ef12b6b106_(3728,100328).jpg",0.9999993,6.92232e-07,1
"images/TEST/MSIH/TCGA-G4-6309-01Z-00-DX1.3eb20fdc-eb86-4bd5-8194-76b02d4fa472_(29374,64518).jpg",0.9999994,6.3589766e-07,1
"images/TEST/MSIH/TCGA-A6-6653-01Z-00-DX1.e130666d-2681-4382-9e7a-4a4d27cb77a4_(89332,13506).jpg",0.9999999,1.397033e-07,1
"images/TEST/MSIH/TCGA-CM-4743-01Z-00-DX1.f54a6355-5623-498c-96b9-2ff1de6576c6_(27179,49065).jpg",0.9999999,1.493467e-07,1
"images/TEST/MSIH/TCGA-CK-6747-01Z-00-DX1.7824596c-84db-4bee-b149-cd8f617c285f_(47960,11070).jpg",0.9999981,1.9158156e-06,1
"images/TEST/MSIH/TCGA-A6-6653-01Z-00-DX1.e130666d-2681-4382-9e7a-4a4d27cb77a4_(92380,7410).jpg",0.99999905,1.0022912e-06,1
"images/TEST/MSIH/TCGA-F4-6703-01Z-00-DX1.28225f5d-d880-4605-831f-f22ec0272cde_(68944,55813).jpg",1.0,5.0634362e-08,1
"images/TEST/MSIH/TCGA-AD-6895-01Z-00-DX1.7FB1FBC6-683B-4285-89D1-A7A20F07A9D4_(14923,12037).jpg",0.9999995,4.2273882e-07,1
"images/TEST/MSIH/TCGA-AD-6889-01Z-00-DX1.5269A81E-5391-4875-8F2A-6505BC5BBFD9_(23011,47886).jpg",0.9999989,1.067373e-06,1
"images/TEST/MSIH/TCGA-F4-6703-01Z-00-DX1.28225f5d-d880-4605-831f-f22ec0272cde_(61832,59877).jpg",0.99999964,3.3860223e-07,1
"images/TEST/MSIH/TCGA-QG-A5Z2-01Z-00-DX2.F2352352-8F00-4BB3-8A62-8D1C1E374F95_(37666,75449).jpg",0.9999999,1.4165047e-07,1
"images/TEST/MSIH/TCGA-CM-4743-01Z-00-DX1.f54a6355-5623-498c-96b9-2ff1de6576c6_(23115,47033).jpg",0.99999976,2.2920591e-07,1
"images/TEST/MSIH/TCGA-AA-3864-01Z-00-DX1.f6992bc7-ba05-4c30-9500-8f7b07b30f9a_(15800,24536).jpg",0.99999964,3.223047e-07,1
"images/TEST/MSIH/TCGA-D5-6927-01Z-00-DX1.ff21d627-dbb8-4200-937b-f8be8b86b6d4_(85694,7347).jpg",0.99999976,1.9029258e-07,1
"images/TEST/MSIH/TCGA-AD-A5EJ-01Z-00-DX1.FA56CEAF-8B70-45EF-A2C9-8AA7BEB3D88A_(22062,13947).jpg",0.9999995,4.410986e-07,1
"images/TEST/MSIH/TCGA-AA-3950-01Z-00-DX1.2a81cf11-4c16-4e9e-8809-6f63152060da_(50847,77808).jpg",0.9999999,1.768287e-07,1
"images/TEST/MSIH/TCGA-F4-6703-01Z-00-DX1.28225f5d-d880-4605-831f-f22ec0272cde_(65896,45653).jpg",0.99999905,9.4928885e-07,1
"images/TEST/MSIH/TCGA-CM-6674-01Z-00-DX1.4a08b16a-788e-43dc-85d2-baff6e911de2_(31668,60473).jpg",0.99999964,3.819262e-07,1
"images/TEST/MSIH/TCGA-AD-6889-01Z-00-DX1.5269A81E-5391-4875-8F2A-6505BC5BBFD9_(3707,34678).jpg",0.9999994,6.3589823e-07,1
"images/TEST/MSIH/TCGA-CK-6746-01Z-00-DX1.0aae8eec-1e82-494b-8779-d79fea8bec0c_(78504,47549).jpg",0.99999976,2.7164316e-07,1
"images/TEST/MSIH/TCGA-CM-4746-01Z-00-DX1.c83b9795-bf45-4100-9052-a7e485e0f770_(58541,34315).jpg",0.99999845,1.5320846e-06,1
"images/TEST/MSIH/TCGA-G4-6309-01Z-00-DX1.3eb20fdc-eb86-4bd5-8194-76b02d4fa472_(87286,38102).jpg",0.9999989,1.0161563e-06,1
"images/TEST/MSIH/TCGA-AA-3877-01Z-00-DX1.36902310-bc0b-4437-9f86-6df85703e0ad_(61223,91951).jpg",0.9999993,7.41151e-07,1
"images/TEST/MSIH/TCGA-CM-4746-01Z-00-DX1.c83b9795-bf45-4100-9052-a7e485e0f770_(20949,29235).jpg",0.9999988,1.1869469e-06,1
"images/TEST/MSIH/TCGA-QG-A5Z2-01Z-00-DX1.51896C31-235E-48EF-90F7-FC05350CA564_(66540,10412).jpg",0.99999785,2.1754272e-06,1
"images/TEST/MSIH/TCGA-A6-6653-01Z-00-DX1.e130666d-2681-4382-9e7a-4a4d27cb77a4_(92380,18586).jpg",0.9999988,1.1698307e-06,1
"images/TEST/MSIH/TCGA-QG-A5Z2-01Z-00-DX2.F2352352-8F00-4BB3-8A62-8D1C1E374F95_(51848,71397).jpg",0.9999994,6.116844e-07,1
"images/TEST/MSIH/TCGA-D5-6530-01Z-00-DX1.5c4bbcd1-51ba-467d-93f9-f2a9e7c5e010_(53635,64620).jpg",0.9999987,1.2647942e-06,1
"images/TEST/MSIH/TCGA-CM-4746-01Z-00-DX1.c83b9795-bf45-4100-9052-a7e485e0f770_(96133,46507).jpg",0.99999964,3.0821354e-07,1
"images/TEST/MSIH/TCGA-D5-6927-01Z-00-DX1.ff21d627-dbb8-4200-937b-f8be8b86b6d4_(89758,12427).jpg",0.99999905,9.81268e-07,1
"images/TEST/MSIH/TCGA-AA-3715-01Z-00-DX1.24d6e746-ad61-4587-a2b9-8903331b279c_(34094,54873).jpg",0.9999995,4.6543153e-07,1
"images/TEST/MSIH/TCGA-CK-6746-01Z-00-DX1.0aae8eec-1e82-494b-8779-d79fea8bec0c_(27704,46533).jpg",0.99999964,3.5320247e-07,1
"images/TEST/MSIH/TCGA-CM-4746-01Z-00-DX1.c83b9795-bf45-4100-9052-a7e485e0f770_(41269,7899).jpg",0.99999976,2.9117334e-07,1
"images/TEST/MSIH/TCGA-CK-6747-01Z-00-DX1.7824596c-84db-4bee-b149-cd8f617c285f_(73360,34438).jpg",0.9999989,1.0171005e-06,1
"images/TEST/MSIH/TCGA-AA-3864-01Z-00-DX1.f6992bc7-ba05-4c30-9500-8f7b07b30f9a_(18002,15728).jpg",0.9999989,1.0756676e-06,1
"images/TEST/MSIH/TCGA-CM-6674-01Z-00-DX1.4a08b16a-788e-43dc-85d2-baff6e911de2_(102788,61489).jpg",0.99999917,7.901693e-07,1
"images/TEST/MSIH/TCGA-AD-6895-01Z-00-DX1.7FB1FBC6-683B-4285-89D1-A7A20F07A9D4_(14923,1877).jpg",0.99999976,2.3244799e-07,1
"images/TEST/MSIH/TCGA-AA-3811-01Z-00-DX1.369d7946-911e-4e97-8ae7-32ef12b6b106_(14738,87116).jpg",0.99999976,2.8170209e-07,1
"images/TEST/MSIH/TCGA-G4-6309-01Z-00-DX1.3eb20fdc-eb86-4bd5-8194-76b02d4fa472_(97446,36070).jpg",0.9999995,4.3884162e-07,1
"images/TEST/MSIH/TCGA-AA-3715-01Z-00-DX1.24d6e746-ad61-4587-a2b9-8903331b279c_(51710,46065).jpg",0.99999964,3.61445e-07,1
"images/TEST/MSIH/TCGA-D5-6927-01Z-00-DX1.ff21d627-dbb8-4200-937b-f8be8b86b6d4_(86710,9379).jpg",0.99999857,1.4745962e-06,1
"images/TEST/MSIH/TCGA-CM-4746-01Z-00-DX1.c83b9795-bf45-4100-9052-a7e485e0f770_(50413,31267).jpg",0.9999989,1.0375984e-06,1
"images/TEST/MSIH/TCGA-AD-6895-01Z-00-DX1.7FB1FBC6-683B-4285-89D1-A7A20F07A9D4_(14923,3909).jpg",0.99999964,4.1408268e-07,1
"images/TEST/MSIH/TCGA-CK-6746-01Z-00-DX1.0aae8eec-1e82-494b-8779-d79fea8bec0c_(45992,47549).jpg",0.99999976,2.6292125e-07,1
"images/TEST/MSIH/TCGA-AA-3715-01Z-00-DX1.24d6e746-ad61-4587-a2b9-8903331b279c_(17579,42762).jpg",0.99999905,9.619573e-07,1
"images/TEST/MSIH/TCGA-CM-4746-01Z-00-DX1.c83b9795-bf45-4100-9052-a7e485e0f770_(30093,19075).jpg",0.99999917,8.018552e-07,1
"images/TEST/MSIH/TCGA-AA-3950-01Z-00-DX1.2a81cf11-4c16-4e9e-8809-6f63152060da_(40938,75606).jpg",0.99999976,1.7912649e-07,1
"images/TEST/MSIH/TCGA-AA-A01P-01Z-00-DX1.D7AAA4F0-C956-4346-8948-DADACDFB3B69_(33703,59257).jpg",0.99999976,2.1205766e-07,1
"images/TEST/MSIH/TCGA-CM-4746-01Z-00-DX1.c83b9795-bf45-4100-9052-a7e485e0f770_(37205,9931).jpg",0.9999993,7.210778e-07,1
"images/TEST/MSIH/TCGA-QG-A5Z2-01Z-00-DX1.51896C31-235E-48EF-90F7-FC05350CA564_(77683,33711).jpg",0.9999995,4.8258636e-07,1
"images/TEST/MSIH/TCGA-D5-6530-01Z-00-DX1.5c4bbcd1-51ba-467d-93f9-f2a9e7c5e010_(60747,68684).jpg",0.99999976,2.5037068e-07,1
"images/TEST/MSIH/TCGA-QG-A5Z2-01Z-00-DX2.F2352352-8F00-4BB3-8A62-8D1C1E374F95_(13354,55189).jpg",0.9999999,5.9689505e-08,1
"images/TEST/MSIH/TCGA-F4-6703-01Z-00-DX1.28225f5d-d880-4605-831f-f22ec0272cde_(52688,55813).jpg",0.9999988,1.1912472e-06,1
"images/TEST/MSIH/TCGA-G4-6309-01Z-00-DX1.3eb20fdc-eb86-4bd5-8194-76b02d4fa472_(88302,38102).jpg",0.99999976,2.890044e-07,1
"images/TEST/MSIH/TCGA-D5-6530-01Z-00-DX1.5c4bbcd1-51ba-467d-93f9-f2a9e7c5e010_(58715,63604).jpg",0.9999989,1.0287288e-06,1
"images/TEST/MSIH/TCGA-D5-6530-01Z-00-DX1.5c4bbcd1-51ba-467d-93f9-f2a9e7c5e010_(58715,69700).jpg",0.9999994,6.319493e-07,1
"images/TEST/MSIH/TCGA-AA-3811-01Z-00-DX1.369d7946-911e-4e97-8ae7-32ef12b6b106_(5930,95924).jpg",0.99999964,3.456845e-07,1
"images/TEST/MSIH/TCGA-AZ-6598-01Z-00-DX1.1fc4cd61-4524-413b-b36d-ad438785bc06_(68054,64304).jpg",0.99999964,3.1150452e-07,1
"images/TEST/MSIH/TCGA-AZ-6598-01Z-00-DX1.1fc4cd61-4524-413b-b36d-ad438785bc06_(79230,69384).jpg",0.99999976,1.8047751e-07,1
"images/TEST/MSIH/TCGA-AA-3877-01Z-00-DX1.36902310-bc0b-4437-9f86-6df85703e0ad_(52415,76537).jpg",0.99999976,2.1373103e-07,1
"images/TEST/MSIH/TCGA-CK-6747-01Z-00-DX1.7824596c-84db-4bee-b149-cd8f617c285f_(69296,10054).jpg",0.99999857,1.4201557e-06,1
"images/TEST/MSIH/TCGA-AA-3877-01Z-00-DX1.36902310-bc0b-4437-9f86-6df85703e0ad_(61223,96355).jpg",0.99999976,1.9425407e-07,1
"images/TEST/MSIH/TCGA-QG-A5Z2-01Z-00-DX1.51896C31-235E-48EF-90F7-FC05350CA564_(70592,53971).jpg",0.99999964,4.1385368e-07,1
"images/TEST/MSIH/TCGA-F4-6703-01Z-00-DX1.28225f5d-d880-4605-831f-f22ec0272cde_(81136,37525).jpg",1.0,5.854439e-08,1
"images/TEST/MSIH/TCGA-AA-3864-01Z-00-DX1.f6992bc7-ba05-4c30-9500-8f7b07b30f9a_(19103,13526).jpg",0.9999995,4.3979185e-07,1
"images/TEST/MSIH/TCGA-CM-4746-01Z-00-DX1.c83b9795-bf45-4100-9052-a7e485e0f770_(7741,10947).jpg",0.99999976,1.9317463e-07,1
"images/TEST/MSIH/TCGA-A6-6653-01Z-00-DX1.e130666d-2681-4382-9e7a-4a4d27cb77a4_(89332,16554).jpg",0.9999988,1.1995029e-06,1
"images/TEST/MSIH/TCGA-AZ-6598-01Z-00-DX1.1fc4cd61-4524-413b-b36d-ad438785bc06_(45702,55160).jpg",0.99999976,1.9700627e-07,1
"images/TEST/MSIH/TCGA-QG-A5Z2-01Z-00-DX1.51896C31-235E-48EF-90F7-FC05350CA564_(46280,13451).jpg",0.9999999,1.2649097e-07,1
"images/TEST/MSIH/TCGA-AZ-6598-01Z-00-DX1.1fc4cd61-4524-413b-b36d-ad438785bc06_(25382,59224).jpg",0.99999976,2.0550746e-07,1
"images/TEST/MSIH/TCGA-AA-3877-01Z-00-DX1.36902310-bc0b-4437-9f86-6df85703e0ad_(43607,89749).jpg",0.9999995,5.328404e-07,1
"images/TEST/MSIH/TCGA-CM-6674-01Z-00-DX1.4a08b16a-788e-43dc-85d2-baff6e911de2_(46908,64537).jpg",0.99999964,4.170626e-07,1
"images/TEST/MSIH/TCGA-CM-4746-01Z-00-DX1.c83b9795-bf45-4100-9052-a7e485e0f770_(53461,24155).jpg",0.9999999,1.1675487e-07,1
"images/TEST/MSIH/TCGA-D5-6530-01Z-00-DX1.5c4bbcd1-51ba-467d-93f9-f2a9e7c5e010_(9947,58524).jpg",0.99999976,2.1542398e-07,1
"images/TEST/MSIH/TCGA-AA-3877-01Z-00-DX1.36902310-bc0b-4437-9f86-6df85703e0ad_(72233,87547).jpg",0.9999993,7.146071e-07,1
"images/TEST/MSIH/TCGA-D5-6530-01Z-00-DX1.5c4bbcd1-51ba-467d-93f9-f2a9e7c5e010_(18075,64620).jpg",0.9999995,4.6092205e-07,1
"images/TEST/MSIH/TCGA-CM-6674-01Z-00-DX1.4a08b16a-788e-43dc-85d2-baff6e911de2_(54020,76729).jpg",0.9999975,2.5303152e-06,1
"images/TEST/MSIH/TCGA-D5-6530-01Z-00-DX1.5c4bbcd1-51ba-467d-93f9-f2a9e7c5e010_(39411,78844).jpg",0.9999995,4.5261478e-07,1
"images/TEST/MSIH/TCGA-QG-A5Z2-01Z-00-DX1.51896C31-235E-48EF-90F7-FC05350CA564_(81735,16490).jpg",0.9999987,1.334319e-06,1
"images/TEST/MSIH/TCGA-CM-4746-01Z-00-DX1.c83b9795-bf45-4100-9052-a7e485e0f770_(64637,32283).jpg",0.9999963,3.7297752e-06,1
"images/TEST/MSIH/TCGA-AA-A01P-01Z-00-DX1.D7AAA4F0-C956-4346-8948-DADACDFB3B69_(75541,98893).jpg",0.9999995,4.9814327e-07,1
"images/TEST/MSIH/TCGA-CM-4743-01Z-00-DX1.f54a6355-5623-498c-96b9-2ff1de6576c6_(78995,36873).jpg",0.9999999,1.616111e-07,1
"images/TEST/MSIH/TCGA-AD-A5EJ-01Z-00-DX1.FA56CEAF-8B70-45EF-A2C9-8AA7BEB3D88A_(24094,23091).jpg",0.9999993,7.1057724e-07,1
"images/TEST/MSIH/TCGA-AD-6889-01Z-00-DX1.5269A81E-5391-4875-8F2A-6505BC5BBFD9_(30123,46870).jpg",0.99999905,9.440129e-07,1
"images/TEST/MSIH/TCGA-AA-A01P-01Z-00-DX1.D7AAA4F0-C956-4346-8948-DADACDFB3B69_(43612,88984).jpg",0.9999999,1.6016453e-07,1
"images/TEST/MSIH/TCGA-AA-3950-01Z-00-DX1.2a81cf11-4c16-4e9e-8809-6f63152060da_(37635,80010).jpg",0.9999995,4.5984288e-07,1
"images/TEST/MSIH/TCGA-AA-3877-01Z-00-DX1.36902310-bc0b-4437-9f86-6df85703e0ad_(67829,80941).jpg",0.9999999,1.5564028e-07,1
"images/TEST/MSIH/TCGA-AA-A01P-01Z-00-DX1.D7AAA4F0-C956-4346-8948-DADACDFB3B69_(41410,82378).jpg",0.99999964,4.1319277e-07,1
"images/TEST/MSIH/TCGA-G4-6309-01Z-00-DX1.3eb20fdc-eb86-4bd5-8194-76b02d4fa472_(50710,60454).jpg",0.9999989,1.0804473e-06,1
"images/TEST/MSIH/TCGA-AZ-6598-01Z-00-DX1.1fc4cd61-4524-413b-b36d-ad438785bc06_(35542,43984).jpg",0.9999993,7.7199326e-07,1
"images/TEST/MSIH/TCGA-AA-3877-01Z-00-DX1.36902310-bc0b-4437-9f86-6df85703e0ad_(49112,96355).jpg",0.99999964,3.4906554e-07,1
"images/TEST/MSIH/TCGA-AA-3950-01Z-00-DX1.2a81cf11-4c16-4e9e-8809-6f63152060da_(53049,72303).jpg",0.9999999,7.23197e-08,1
"images/TEST/MSIH/TCGA-AA-A01P-01Z-00-DX1.D7AAA4F0-C956-4346-8948-DADACDFB3B69_(49117,90085).jpg",0.99999976,2.8049146e-07,1
"images/TEST/MSIH/TCGA-D5-6530-01Z-00-DX1.5c4bbcd1-51ba-467d-93f9-f2a9e7c5e010_(27219,60556).jpg",0.99999976,2.5205776e-07,1
"images/TEST/MSIH/TCGA-AD-6895-01Z-00-DX1.7FB1FBC6-683B-4285-89D1-A7A20F07A9D4_(14923,7973).jpg",0.9999995,4.5716158e-07,1
"images/TEST/MSIH/TCGA-AD-6895-01Z-00-DX1.7FB1FBC6-683B-4285-89D1-A7A20F07A9D4_(16955,12037).jpg",0.9999995,4.2798226e-07,1
"images/TEST/MSIH/TCGA-CK-6746-01Z-00-DX1.0aae8eec-1e82-494b-8779-d79fea8bec0c_(43960,39421).jpg",0.9999987,1.3242395e-06,1
"images/TEST/MSIH/TCGA-AA-3811-01Z-00-DX1.369d7946-911e-4e97-8ae7-32ef12b6b106_(15839,92621).jpg",0.9999999,1.1906356e-07,1
"images/TEST/MSIH/TCGA-AA-A01P-01Z-00-DX1.D7AAA4F0-C956-4346-8948-DADACDFB3B69_(57925,70267).jpg",0.9999993,6.720217e-07,1
"images/TEST/MSIH/TCGA-AD-6895-01Z-00-DX1.7FB1FBC6-683B-4285-89D1-A7A20F07A9D4_(7811,2893).jpg",0.9999994,6.3548845e-07,1
"images/TEST/MSIH/TCGA-AD-6895-01Z-00-DX1.7FB1FBC6-683B-4285-89D1-A7A20F07A9D4_(8827,8989).jpg",0.9999999,1.1781915e-07,1
"images/TEST/MSIH/TCGA-AA-3715-01Z-00-DX1.24d6e746-ad61-4587-a2b9-8903331b279c_(14276,40560).jpg",0.99999964,3.691803e-07,1
"images/TEST/MSIH/TCGA-QG-A5Z2-01Z-00-DX1.51896C31-235E-48EF-90F7-FC05350CA564_(78696,18516).jpg",0.99999905,1.0085131e-06,1
"images/TEST/MSIH/TCGA-F4-6703-01Z-00-DX1.28225f5d-d880-4605-831f-f22ec0272cde_(59800,53781).jpg",0.99999964,3.138136e-07,1
"images/TEST/MSIH/TCGA-AA-A01P-01Z-00-DX1.D7AAA4F0-C956-4346-8948-DADACDFB3B69_(65632,86782).jpg",0.9999993,7.6113145e-07,1
"images/TEST/MSIH/TCGA-QG-A5Z2-01Z-00-DX2.F2352352-8F00-4BB3-8A62-8D1C1E374F95_(29562,17708).jpg",0.99999917,8.255545e-07,1
"images/TEST/MSIH/TCGA-F4-6703-01Z-00-DX1.28225f5d-d880-4605-831f-f22ec0272cde_(64880,54797).jpg",0.99999547,4.524712e-06,1
"images/TEST/MSIH/TCGA-CK-6747-01Z-00-DX1.7824596c-84db-4bee-b149-cd8f617c285f_(63200,19198).jpg",0.99999976,2.8867302e-07,1
"images/TEST/MSIH/TCGA-CM-4743-01Z-00-DX1.f54a6355-5623-498c-96b9-2ff1de6576c6_(32259,56177).jpg",0.99999976,2.553397e-07,1
"images/TEST/MSIH/TCGA-CM-6674-01Z-00-DX1.4a08b16a-788e-43dc-85d2-baff6e911de2_(57068,72665).jpg",0.99999976,2.4341625e-07,1
"images/TEST/MSIH/TCGA-AD-A5EJ-01Z-00-DX1.FA56CEAF-8B70-45EF-A2C9-8AA7BEB3D88A_(24094,24107).jpg",0.99999917,7.968969e-07,1
"images/TEST/MSIH/TCGA-G4-6309-01Z-00-DX1.3eb20fdc-eb86-4bd5-8194-76b02d4fa472_(87286,43182).jpg",0.9999994,6.2222364e-07,1
"images/TEST/MSIH/TCGA-CK-6747-01Z-00-DX1.7824596c-84db-4bee-b149-cd8f617c285f_(88600,32406).jpg",0.9999994,6.1416694e-07,1
"images/TEST/MSIH/TCGA-QG-A5Z2-01Z-00-DX2.F2352352-8F00-4BB3-8A62-8D1C1E374F95_(38679,71397).jpg",0.9999995,4.65634e-07,1
"images/TEST/MSIH/TCGA-AA-3950-01Z-00-DX1.2a81cf11-4c16-4e9e-8809-6f63152060da_(46443,85515).jpg",0.99999845,1.4995169e-06,1
"images/TEST/MSIH/TCGA-AA-A01P-01Z-00-DX1.D7AAA4F0-C956-4346-8948-DADACDFB3B69_(35905,82378).jpg",0.99999976,2.6663207e-07,1
"images/TEST/MSIH/TCGA-AA-3950-01Z-00-DX1.2a81cf11-4c16-4e9e-8809-6f63152060da_(49746,73404).jpg",1.0,2.7625314e-08,1
"images/TEST/MSIH/TCGA-AA-3715-01Z-00-DX1.24d6e746-ad61-4587-a2b9-8903331b279c_(24185,40560).jpg",0.9999995,5.159976e-07,1
"images/TEST/MSIH/TCGA-AA-3950-01Z-00-DX1.2a81cf11-4c16-4e9e-8809-6f63152060da_(46443,66798).jpg",0.99999976,2.49548e-07,1
"images/TEST/MSIH/TCGA-AA-3811-01Z-00-DX1.369d7946-911e-4e97-8ae7-32ef12b6b106_(14738,105833).jpg",0.9999999,1.1981362e-07,1
"images/TEST/MSIH/TCGA-AA-A01P-01Z-00-DX1.D7AAA4F0-C956-4346-8948-DADACDFB3B69_(34804,80176).jpg",0.9999999,1.2999631e-07,1
"images/TEST/MSIH/TCGA-AA-A01P-01Z-00-DX1.D7AAA4F0-C956-4346-8948-DADACDFB3B69_(33703,75772).jpg",0.99999964,3.5448411e-07,1
"images/TEST/MSIH/TCGA-AA-3864-01Z-00-DX1.f6992bc7-ba05-4c30-9500-8f7b07b30f9a_(16901,12425).jpg",0.99999964,3.2920772e-07,1
"images/TEST/MSIH/TCGA-AA-3811-01Z-00-DX1.369d7946-911e-4e97-8ae7-32ef12b6b106_(11435,114641).jpg",0.99999964,3.474236e-07,1
"images/TEST/MSIH/TCGA-AA-3864-01Z-00-DX1.f6992bc7-ba05-4c30-9500-8f7b07b30f9a_(10295,12425).jpg",0.99999964,4.0786085e-07,1
"images/TEST/MSIH/TCGA-QG-A5Z2-01Z-00-DX2.F2352352-8F00-4BB3-8A62-8D1C1E374F95_(31588,19734).jpg",0.9999988,1.1360727e-06,1
"images/TEST/MSIH/TCGA-AD-6895-01Z-00-DX1.7FB1FBC6-683B-4285-89D1-A7A20F07A9D4_(7811,10005).jpg",0.99999964,3.1340386e-07,1
"images/TEST/MSIH/TCGA-CK-6747-01Z-00-DX1.7824596c-84db-4bee-b149-cd8f617c285f_(73360,30374).jpg",0.999998,2.075817e-06,1
"images/TEST/MSIH/TCGA-CK-6746-01Z-00-DX1.0aae8eec-1e82-494b-8779-d79fea8bec0c_(56152,55677).jpg",0.99999976,1.947484e-07,1
"images/TEST/MSIH/TCGA-D5-6927-01Z-00-DX1.ff21d627-dbb8-4200-937b-f8be8b86b6d4_(88742,14459).jpg",0.99999976,1.9008509e-07,1
"images/TEST/MSIH/TCGA-A6-6653-01Z-00-DX1.e130666d-2681-4382-9e7a-4a4d27cb77a4_(95428,4362).jpg",1.0,3.1945106e-08,1
"images/TEST/MSIH/TCGA-AA-3811-01Z-00-DX1.369d7946-911e-4e97-8ae7-32ef12b6b106_(5930,109136).jpg",0.99999976,2.695683e-07,1
"images/TEST/MSIH/TCGA-CM-6674-01Z-00-DX1.4a08b16a-788e-43dc-85d2-baff6e911de2_(27604,76729).jpg",0.99998295,1.6992826e-05,1
"images/TEST/MSIH/TCGA-CM-4743-01Z-00-DX1.f54a6355-5623-498c-96b9-2ff1de6576c6_(34291,52113).jpg",0.99999976,2.3706833e-07,1
"images/TEST/MSIH/TCGA-CK-6747-01Z-00-DX1.7824596c-84db-4bee-b149-cd8f617c285f_(69296,16150).jpg",0.99999666,3.2977787e-06,1
"images/TEST/MSIH/TCGA-AD-A5EJ-01Z-00-DX1.FA56CEAF-8B70-45EF-A2C9-8AA7BEB3D88A_(8854,20043).jpg",0.9999999,1.085316e-07,1
"images/TEST/MSIH/TCGA-AZ-6598-01Z-00-DX1.1fc4cd61-4524-413b-b36d-ad438785bc06_(84310,60240).jpg",0.9999994,5.4879473e-07,1
"images/TEST/MSIH/TCGA-CM-4743-01Z-00-DX1.f54a6355-5623-498c-96b9-2ff1de6576c6_(77979,61257).jpg",0.9999999,1.7660473e-07,1
"images/TEST/MSIH/TCGA-CM-4746-01Z-00-DX1.c83b9795-bf45-4100-9052-a7e485e0f770_(96133,45491).jpg",0.99999917,8.7121117e-07,1
"images/TEST/MSIH/TCGA-AD-A5EJ-01Z-00-DX1.FA56CEAF-8B70-45EF-A2C9-8AA7BEB3D88A_(17998,33251).jpg",0.99999964,3.5358397e-07,1
"images/TEST/MSIH/TCGA-QG-A5Z2-01Z-00-DX2.F2352352-8F00-4BB3-8A62-8D1C1E374F95_(20445,27838).jpg",0.9999975,2.5566214e-06,1
"images/TEST/MSIH/TCGA-QG-A5Z2-01Z-00-DX2.F2352352-8F00-4BB3-8A62-8D1C1E374F95_(17406,24799).jpg",0.99999905,9.646205e-07,1
"images/TEST/MSIH/TCGA-AD-A5EJ-01Z-00-DX1.FA56CEAF-8B70-45EF-A2C9-8AA7BEB3D88A_(13934,37315).jpg",0.99999845,1.5778294e-06,1
"images/TEST/MSIH/TCGA-AA-3950-01Z-00-DX1.2a81cf11-4c16-4e9e-8809-6f63152060da_(61857,71202).jpg",0.9999987,1.3094397e-06,1
"images/TEST/MSIH/TCGA-CK-6747-01Z-00-DX1.7824596c-84db-4bee-b149-cd8f617c285f_(20528,30374).jpg",0.99999976,2.3149407e-07,1
"images/TEST/MSIH/TCGA-AA-A01P-01Z-00-DX1.D7AAA4F0-C956-4346-8948-DADACDFB3B69_(41410,69166).jpg",0.9999993,6.7165587e-07,1
"images/TEST/MSIH/TCGA-QG-A5Z2-01Z-00-DX1.51896C31-235E-48EF-90F7-FC05350CA564_(74644,53971).jpg",0.9999974,2.6750824e-06,1
"images/TEST/MSIH/TCGA-AD-A5EJ-01Z-00-DX1.FA56CEAF-8B70-45EF-A2C9-8AA7BEB3D88A_(9870,19027).jpg",0.9999995,5.04924e-07,1
"images/TEST/MSIH/TCGA-CM-4746-01Z-00-DX1.c83b9795-bf45-4100-9052-a7e485e0f770_(35173,16027).jpg",0.9999999,1.204126e-07,1
"images/TEST/MSIH/TCGA-AD-A5EJ-01Z-00-DX1.FA56CEAF-8B70-45EF-A2C9-8AA7BEB3D88A_(19014,35283).jpg",0.9999995,4.5725142e-07,1
"images/TEST/MSIH/TCGA-CK-6746-01Z-00-DX1.0aae8eec-1e82-494b-8779-d79fea8bec0c_(62248,59741).jpg",0.99999976,2.120334e-07,1
"images/TEST/MSIH/TCGA-QG-A5Z2-01Z-00-DX1.51896C31-235E-48EF-90F7-FC05350CA564_(79709,43841).jpg",0.9999999,1.7711614e-07,1
"images/TEST/MSIH/TCGA-AA-3864-01Z-00-DX1.f6992bc7-ba05-4c30-9500-8f7b07b30f9a_(15800,27839).jpg",0.99999976,2.3159033e-07,1
"images/TEST/MSIH/TCGA-CM-6674-01Z-00-DX1.4a08b16a-788e-43dc-85d2-baff6e911de2_(34716,81809).jpg",0.99999976,2.811334e-07,1
"images/TEST/MSIH/TCGA-AD-6889-01Z-00-DX1.5269A81E-5391-4875-8F2A-6505BC5BBFD9_(36219,29598).jpg",0.99999845,1.5810015e-06,1
"images/TEST/MSIH/TCGA-D5-6530-01Z-00-DX1.5c4bbcd1-51ba-467d-93f9-f2a9e7c5e010_(49571,77828).jpg",0.99999976,2.3549796e-07,1
"images/TEST/MSIH/TCGA-CM-4743-01Z-00-DX1.f54a6355-5623-498c-96b9-2ff1de6576c6_(39371,76497).jpg",0.9999999,6.48324e-08,1
"images/TEST/MSIH/TCGA-AZ-6598-01Z-00-DX1.1fc4cd61-4524-413b-b36d-ad438785bc06_(28430,60240).jpg",0.9999999,6.742583e-08,1
"images/TEST/MSIH/TCGA-AZ-6598-01Z-00-DX1.1fc4cd61-4524-413b-b36d-ad438785bc06_(49766,41952).jpg",0.99999976,2.404902e-07,1
"images/TEST/MSIH/TCGA-CM-4743-01Z-00-DX1.f54a6355-5623-498c-96b9-2ff1de6576c6_(50547,58209).jpg",0.9999995,4.58099e-07,1
"images/TEST/MSIH/TCGA-AZ-6598-01Z-00-DX1.1fc4cd61-4524-413b-b36d-ad438785bc06_(62974,54144).jpg",0.9999994,5.866483e-07,1
"images/TEST/MSIH/TCGA-AD-A5EJ-01Z-00-DX1.FA56CEAF-8B70-45EF-A2C9-8AA7BEB3D88A_(24094,28171).jpg",0.99999964,3.1005817e-07,1
"images/TEST/MSIH/TCGA-AD-6889-01Z-00-DX1.5269A81E-5391-4875-8F2A-6505BC5BBFD9_(29107,36710).jpg",0.9999994,5.860002e-07,1
"images/TEST/MSIH/TCGA-CK-6746-01Z-00-DX1.0aae8eec-1e82-494b-8779-d79fea8bec0c_(12464,59741).jpg",1.0,4.6072866e-08,1
"images/TEST/MSIH/TCGA-CM-4743-01Z-00-DX1.f54a6355-5623-498c-96b9-2ff1de6576c6_(60707,30777).jpg",0.9999999,1.3508367e-07,1
"images/TEST/MSIH/TCGA-AA-3877-01Z-00-DX1.36902310-bc0b-4437-9f86-6df85703e0ad_(45809,78739).jpg",0.9999987,1.3432501e-06,1
"images/TEST/MSIH/TCGA-AZ-6598-01Z-00-DX1.1fc4cd61-4524-413b-b36d-ad438785bc06_(75166,42968).jpg",0.99999976,2.1505163e-07,1
"images/TEST/MSIH/TCGA-AA-3877-01Z-00-DX1.36902310-bc0b-4437-9f86-6df85703e0ad_(48011,98557).jpg",0.99999964,3.4159658e-07,1
"images/TEST/MSIH/TCGA-G4-6309-01Z-00-DX1.3eb20fdc-eb86-4bd5-8194-76b02d4fa472_(97446,38102).jpg",0.99999964,3.6015913e-07,1
"images/TEST/MSIH/TCGA-G4-6309-01Z-00-DX1.3eb20fdc-eb86-4bd5-8194-76b02d4fa472_(97446,32006).jpg",0.99999976,1.9973325e-07,1
"images/TEST/MSIH/TCGA-AA-3715-01Z-00-DX1.24d6e746-ad61-4587-a2b9-8903331b279c_(32993,52671).jpg",0.999998,2.048388e-06,1
"images/TEST/MSIH/TCGA-AA-3715-01Z-00-DX1.24d6e746-ad61-4587-a2b9-8903331b279c_(61619,41661).jpg",0.9999993,7.265178e-07,1
"images/TEST/MSIH/TCGA-AA-3950-01Z-00-DX1.2a81cf11-4c16-4e9e-8809-6f63152060da_(51948,86616).jpg",1.0,4.1506272e-08,1
"images/TEST/MSIH/TCGA-D5-6530-01Z-00-DX1.5c4bbcd1-51ba-467d-93f9-f2a9e7c5e010_(70907,58524).jpg",0.99999964,2.991981e-07,1
"images/TEST/MSIH/TCGA-CM-4743-01Z-00-DX1.f54a6355-5623-498c-96b9-2ff1de6576c6_(68835,60241).jpg",0.9999999,1.1361156e-07,1
"images/TEST/MSIH/TCGA-AD-A5EJ-01Z-00-DX1.FA56CEAF-8B70-45EF-A2C9-8AA7BEB3D88A_(20030,32235).jpg",0.9999999,8.3755616e-08,1
"images/TEST/MSIH/TCGA-CK-6747-01Z-00-DX1.7824596c-84db-4bee-b149-cd8f617c285f_(86568,21230).jpg",0.99999964,3.1894945e-07,1
"images/TEST/MSIH/TCGA-CK-6746-01Z-00-DX1.0aae8eec-1e82-494b-8779-d79fea8bec0c_(73424,61773).jpg",0.99999917,8.367648e-07,1
"images/TEST/MSIH/TCGA-CM-4743-01Z-00-DX1.f54a6355-5623-498c-96b9-2ff1de6576c6_(51563,54145).jpg",0.9999994,6.2617926e-07,1
"images/TEST/MSIH/TCGA-QG-A5Z2-01Z-00-DX2.F2352352-8F00-4BB3-8A62-8D1C1E374F95_(42731,70384).jpg",0.99999964,3.1536828e-07,1
"images/TEST/MSIH/TCGA-AA-3877-01Z-00-DX1.36902310-bc0b-4437-9f86-6df85703e0ad_(51314,73234).jpg",0.99999976,2.3637708e-07,1
"images/TEST/MSIH/TCGA-AA-3950-01Z-00-DX1.2a81cf11-4c16-4e9e-8809-6f63152060da_(40938,74505).jpg",0.9999999,7.223175e-08,1
"images/TEST/MSIH/TCGA-D5-6530-01Z-00-DX1.5c4bbcd1-51ba-467d-93f9-f2a9e7c5e010_(53635,70716).jpg",0.9999994,6.238118e-07,1
"images/TEST/MSIH/TCGA-AD-6889-01Z-00-DX1.5269A81E-5391-4875-8F2A-6505BC5BBFD9_(34187,39758).jpg",0.99999785,2.1620765e-06,1
"images/TEST/MSIH/TCGA-CM-4743-01Z-00-DX1.f54a6355-5623-498c-96b9-2ff1de6576c6_(62739,57193).jpg",0.99999964,4.1003042e-07,1
"images/TEST/MSIH/TCGA-A6-6653-01Z-00-DX1.e130666d-2681-4382-9e7a-4a4d27cb77a4_(95428,21634).jpg",0.9999995,4.6433692e-07,1
"images/TEST/MSIH/TCGA-A6-6653-01Z-00-DX1.e130666d-2681-4382-9e7a-4a4d27cb77a4_(97460,3346).jpg",0.99999964,3.099816e-07,1
"images/TEST/MSIH/TCGA-D5-6927-01Z-00-DX1.ff21d627-dbb8-4200-937b-f8be8b86b6d4_(89758,8363).jpg",0.99999976,2.4175284e-07,1
"images/TEST/MSIH/TCGA-CM-4746-01Z-00-DX1.c83b9795-bf45-4100-9052-a7e485e0f770_(71749,32283).jpg",0.9999999,1.1153041e-07,1
"images/TEST/MSIH/TCGA-QG-A5Z2-01Z-00-DX2.F2352352-8F00-4BB3-8A62-8D1C1E374F95_(70082,77475).jpg",0.9999995,4.606606e-07,1
"images/TEST/MSIH/TCGA-AA-3811-01Z-00-DX1.369d7946-911e-4e97-8ae7-32ef12b6b106_(18041,92621).jpg",0.9999995,5.3642776e-07,1
"images/TEST/MSIH/TCGA-F4-6703-01Z-00-DX1.28225f5d-d880-4605-831f-f22ec0272cde_(81136,62925).jpg",0.9999999,7.590744e-08,1
"images/TEST/MSIH/TCGA-QG-A5Z2-01Z-00-DX2.F2352352-8F00-4BB3-8A62-8D1C1E374F95_(31588,78488).jpg",0.9999993,6.9762206e-07,1
"images/TEST/MSIH/TCGA-CM-4746-01Z-00-DX1.c83b9795-bf45-4100-9052-a7e485e0f770_(10789,8915).jpg",0.9999999,9.072445e-08,1
"images/TEST/MSIH/TCGA-AA-3811-01Z-00-DX1.369d7946-911e-4e97-8ae7-32ef12b6b106_(16940,89318).jpg",0.9999993,6.6112364e-07,1
"images/TEST/MSIH/TCGA-AZ-6598-01Z-00-DX1.1fc4cd61-4524-413b-b36d-ad438785bc06_(29446,63288).jpg",0.9999999,6.484773e-08,1
"images/TEST/MSIH/TCGA-CM-4743-01Z-00-DX1.f54a6355-5623-498c-96b9-2ff1de6576c6_(32259,51097).jpg",0.99999905,9.5235373e-07,1
"images/TEST/MSIH/TCGA-CM-4743-01Z-00-DX1.f54a6355-5623-498c-96b9-2ff1de6576c6_(75947,51097).jpg",1.0,5.006937e-08,1
"images/TEST/MSIH/TCGA-CM-4743-01Z-00-DX1.f54a6355-5623-498c-96b9-2ff1de6576c6_(23115,34841).jpg",0.9999988,1.1805033e-06,1
"images/TEST/MSIH/TCGA-AA-3864-01Z-00-DX1.f6992bc7-ba05-4c30-9500-8f7b07b30f9a_(10295,20132).jpg",0.99999964,3.2555204e-07,1
"images/TEST/MSIH/TCGA-AA-3950-01Z-00-DX1.2a81cf11-4c16-4e9e-8809-6f63152060da_(39837,75606).jpg",0.9999995,5.340277e-07,1
"images/TEST/MSIH/TCGA-AD-A5EJ-01Z-00-DX1.FA56CEAF-8B70-45EF-A2C9-8AA7BEB3D88A_(13934,23091).jpg",0.99999976,2.7824123e-07,1
"images/TEST/MSIH/TCGA-AA-3715-01Z-00-DX1.24d6e746-ad61-4587-a2b9-8903331b279c_(56114,31752).jpg",0.9999994,6.1345804e-07,1
"images/TEST/MSIH/TCGA-CK-6747-01Z-00-DX1.7824596c-84db-4bee-b149-cd8f617c285f_(86568,14118).jpg",0.9999999,1.754409e-07,1
"images/TEST/MSIH/TCGA-CM-4743-01Z-00-DX1.f54a6355-5623-498c-96b9-2ff1de6576c6_(44451,36873).jpg",0.9999999,1.4474793e-07,1
"images/TEST/MSIH/TCGA-CK-6747-01Z-00-DX1.7824596c-84db-4bee-b149-cd8f617c285f_(20528,8022).jpg",0.99999905,9.13483e-07,1
"images/TEST/MSIH/TCGA-D5-6927-01Z-00-DX1.ff21d627-dbb8-4200-937b-f8be8b86b6d4_(87726,16491).jpg",0.99999917,8.827788e-07,1
"images/TEST/MSIH/TCGA-AD-6895-01Z-00-DX1.7FB1FBC6-683B-4285-89D1-A7A20F07A9D4_(9843,11021).jpg",0.99999976,2.452297e-07,1
"images/TEST/MSIH/TCGA-AD-6889-01Z-00-DX1.5269A81E-5391-4875-8F2A-6505BC5BBFD9_(28091,12326).jpg",0.999997,2.9680173e-06,1
"images/TEST/MSIH/TCGA-AA-3950-01Z-00-DX1.2a81cf11-4c16-4e9e-8809-6f63152060da_(44241,67899).jpg",0.99999964,3.369208e-07,1
"images/TEST/MSIH/TCGA-CM-4746-01Z-00-DX1.c83b9795-bf45-4100-9052-a7e485e0f770_(34157,30251).jpg",0.9999994,5.9048705e-07,1
"images/TEST/MSIH/TCGA-AA-3811-01Z-00-DX1.369d7946-911e-4e97-8ae7-32ef12b6b106_(7031,99227).jpg",0.99999976,2.639483e-07,1
"images/TEST/MSIH/TCGA-CK-6747-01Z-00-DX1.7824596c-84db-4bee-b149-cd8f617c285f_(28656,24278).jpg",0.99999976,2.7834474e-07,1
"images/TEST/MSIH/TCGA-AA-3877-01Z-00-DX1.36902310-bc0b-4437-9f86-6df85703e0ad_(49112,94153).jpg",0.99999964,3.5523644e-07,1
"images/TEST/MSIH/TCGA-AA-3877-01Z-00-DX1.36902310-bc0b-4437-9f86-6df85703e0ad_(44708,88648).jpg",0.9999994,5.7750526e-07,1
"images/TEST/MSIH/TCGA-D5-6530-01Z-00-DX1.5c4bbcd1-51ba-467d-93f9-f2a9e7c5e010_(56683,72748).jpg",0.99999845,1.5291579e-06,1
"images/TEST/MSIH/TCGA-AA-A01P-01Z-00-DX1.D7AAA4F0-C956-4346-8948-DADACDFB3B69_(43612,85681).jpg",0.9999994,5.615691e-07,1
"images/TEST/MSIH/TCGA-CM-6674-01Z-00-DX1.4a08b16a-788e-43dc-85d2-baff6e911de2_(64180,62505).jpg",0.9999993,7.004887e-07,1
"images/TEST/MSIH/TCGA-AA-3950-01Z-00-DX1.2a81cf11-4c16-4e9e-8809-6f63152060da_(61857,70101).jpg",0.9999988,1.2323641e-06,1
"images/TEST/MSIH/TCGA-QG-A5Z2-01Z-00-DX2.F2352352-8F00-4BB3-8A62-8D1C1E374F95_(36653,72410).jpg",0.99999976,2.3286823e-07,1
"images/TEST/MSIH/TCGA-AZ-6598-01Z-00-DX1.1fc4cd61-4524-413b-b36d-ad438785bc06_(91422,58208).jpg",0.9999999,1.3525047e-07,1
"images/TEST/MSIH/TCGA-QG-A5Z2-01Z-00-DX2.F2352352-8F00-4BB3-8A62-8D1C1E374F95_(37666,6565).jpg",0.9999993,7.2937524e-07,1
"images/TEST/MSIH/TCGA-F4-6703-01Z-00-DX1.28225f5d-d880-4605-831f-f22ec0272cde_(76056,39557).jpg",0.99999917,8.9090395e-07,1
"images/TEST/MSIH/TCGA-D5-6927-01Z-00-DX1.ff21d627-dbb8-4200-937b-f8be8b86b6d4_(71470,6331).jpg",0.9999995,5.0581656e-07,1
"images/TEST/MSIH/TCGA-AD-A5EJ-01Z-00-DX1.FA56CEAF-8B70-45EF-A2C9-8AA7BEB3D88A_(19014,34267).jpg",0.99999976,1.8741474e-07,1
"images/TEST/MSIH/TCGA-D5-6530-01Z-00-DX1.5c4bbcd1-51ba-467d-93f9-f2a9e7c5e010_(69891,69700).jpg",0.99999976,2.978362e-07,1
"images/TEST/MSIH/TCGA-G4-6309-01Z-00-DX1.3eb20fdc-eb86-4bd5-8194-76b02d4fa472_(70014,46230).jpg",0.9999994,5.889472e-07,1
"images/TEST/MSIH/TCGA-CK-6747-01Z-00-DX1.7824596c-84db-4bee-b149-cd8f617c285f_(41864,13102).jpg",0.9999999,6.6413925e-08,1
"images/TEST/MSIH/TCGA-QG-A5Z2-01Z-00-DX2.F2352352-8F00-4BB3-8A62-8D1C1E374F95_(13354,58228).jpg",0.9999974,2.6235068e-06,1
"images/TEST/MSIH/TCGA-G4-6309-01Z-00-DX1.3eb20fdc-eb86-4bd5-8194-76b02d4fa472_(71030,50294).jpg",0.99999845,1.5479683e-06,1
"images/TEST/MSIH/TCGA-A6-6653-01Z-00-DX1.e130666d-2681-4382-9e7a-4a4d27cb77a4_(92380,22650).jpg",0.9999993,6.9494e-07,1
"images/TEST/MSIH/TCGA-D5-6530-01Z-00-DX1.5c4bbcd1-51ba-467d-93f9-f2a9e7c5e010_(12995,48364).jpg",0.9999999,1.6971218e-07,1
"images/TEST/MSIH/TCGA-AD-6889-01Z-00-DX1.5269A81E-5391-4875-8F2A-6505BC5BBFD9_(26059,28582).jpg",0.99999857,1.422285e-06,1
"images/TEST/MSIH/TCGA-AA-A01P-01Z-00-DX1.D7AAA4F0-C956-4346-8948-DADACDFB3B69_(77743,94489).jpg",0.9999995,4.932707e-07,1
"images/TEST/MSIH/TCGA-AA-3864-01Z-00-DX1.f6992bc7-ba05-4c30-9500-8f7b07b30f9a_(16901,17930).jpg",0.99999964,3.2728374e-07,1
"images/TEST/MSIH/TCGA-AA-3864-01Z-00-DX1.f6992bc7-ba05-4c30-9500-8f7b07b30f9a_(10295,17930).jpg",0.99999857,1.4234913e-06,1
"images/TEST/MSIH/TCGA-AA-3950-01Z-00-DX1.2a81cf11-4c16-4e9e-8809-6f63152060da_(48645,72303).jpg",0.9999999,1.3473628e-07,1
"images/TEST/MSIH/TCGA-D5-6530-01Z-00-DX1.5c4bbcd1-51ba-467d-93f9-f2a9e7c5e010_(52619,76812).jpg",0.99999964,4.1169022e-07,1
"images/TEST/MSIH/TCGA-CM-6674-01Z-00-DX1.4a08b16a-788e-43dc-85d2-baff6e911de2_(74340,76729).jpg",0.9999989,1.0988946e-06,1
"images/TEST/MSIH/TCGA-CM-6674-01Z-00-DX1.4a08b16a-788e-43dc-85d2-baff6e911de2_(30652,67585).jpg",0.9999988,1.1619841e-06,1
"images/TEST/MSIH/TCGA-AD-A5EJ-01Z-00-DX1.FA56CEAF-8B70-45EF-A2C9-8AA7BEB3D88A_(15966,26139).jpg",0.9999995,5.3162114e-07,1
"images/TEST/MSIH/TCGA-QG-A5Z2-01Z-00-DX1.51896C31-235E-48EF-90F7-FC05350CA564_(69579,59036).jpg",0.9999989,1.100537e-06,1
"images/TEST/MSIH/TCGA-QG-A5Z2-01Z-00-DX1.51896C31-235E-48EF-90F7-FC05350CA564_(64514,73218).jpg",0.99999976,2.1069113e-07,1
"images/TEST/MSIH/TCGA-AZ-6598-01Z-00-DX1.1fc4cd61-4524-413b-b36d-ad438785bc06_(25382,56176).jpg",0.9999981,1.8639105e-06,1
"images/TEST/MSIH/TCGA-AA-3877-01Z-00-DX1.36902310-bc0b-4437-9f86-6df85703e0ad_(54617,79840).jpg",0.9999999,1.1886842e-07,1
"images/TEST/MSIH/TCGA-QG-A5Z2-01Z-00-DX2.F2352352-8F00-4BB3-8A62-8D1C1E374F95_(15380,33916).jpg",0.99999976,2.2265922e-07,1
"images/TEST/MSIH/TCGA-F4-6703-01Z-00-DX1.28225f5d-d880-4605-831f-f22ec0272cde_(51672,58861).jpg",0.99999964,3.2740397e-07,1
"images/TEST/MSIH/TCGA-AA-3877-01Z-00-DX1.36902310-bc0b-4437-9f86-6df85703e0ad_(49112,82042).jpg",0.99999976,2.236469e-07,1
"images/TEST/MSIH/TCGA-AA-3864-01Z-00-DX1.f6992bc7-ba05-4c30-9500-8f7b07b30f9a_(12497,14627).jpg",0.99999976,2.7671834e-07,1
"images/TEST/MSIH/TCGA-CM-6674-01Z-00-DX1.4a08b16a-788e-43dc-85d2-baff6e911de2_(59100,73681).jpg",0.9999987,1.291425e-06,1
"images/TEST/MSIH/TCGA-QG-A5Z2-01Z-00-DX2.F2352352-8F00-4BB3-8A62-8D1C1E374F95_(17406,58228).jpg",0.99999976,2.1634037e-07,1
"images/TEST/MSIH/TCGA-CK-6747-01Z-00-DX1.7824596c-84db-4bee-b149-cd8f617c285f_(77424,18182).jpg",0.9999993,7.4835856e-07,1
"images/TEST/MSIH/TCGA-QG-A5Z2-01Z-00-DX2.F2352352-8F00-4BB3-8A62-8D1C1E374F95_(75147,75449).jpg",0.9999995,4.934777e-07,1
"images/TEST/MSIH/TCGA-CM-4743-01Z-00-DX1.f54a6355-5623-498c-96b9-2ff1de6576c6_(59691,54145).jpg",0.99999964,3.4392167e-07,1
"images/TEST/MSIH/TCGA-QG-A5Z2-01Z-00-DX2.F2352352-8F00-4BB3-8A62-8D1C1E374F95_(16393,62280).jpg",0.99999964,3.8462264e-07,1
"images/TEST/MSIH/TCGA-D5-6927-01Z-00-DX1.ff21d627-dbb8-4200-937b-f8be8b86b6d4_(73502,13443).jpg",0.99999964,4.0625332e-07,1
"images/TEST/MSIH/TCGA-QG-A5Z2-01Z-00-DX1.51896C31-235E-48EF-90F7-FC05350CA564_(77683,28646).jpg",0.9999994,5.4477334e-07,1
"images/TEST/MSIH/TCGA-G4-6309-01Z-00-DX1.3eb20fdc-eb86-4bd5-8194-76b02d4fa472_(33438,58422).jpg",0.9999994,5.5670495e-07,1
"images/TEST/MSIH/TCGA-AA-3811-01Z-00-DX1.369d7946-911e-4e97-8ae7-32ef12b6b106_(5930,98126).jpg",0.9999995,4.4984566e-07,1
"images/TEST/MSIH/TCGA-D5-6530-01Z-00-DX1.5c4bbcd1-51ba-467d-93f9-f2a9e7c5e010_(44491,73764).jpg",0.9999995,4.926318e-07,1
"images/TEST/MSIH/TCGA-CM-6674-01Z-00-DX1.4a08b16a-788e-43dc-85d2-baff6e911de2_(31668,52345).jpg",0.9999993,7.370135e-07,1
"images/TEST/MSIH/TCGA-CK-6746-01Z-00-DX1.0aae8eec-1e82-494b-8779-d79fea8bec0c_(56152,61773).jpg",0.9999999,1.3787282e-07,1
"images/TEST/MSIH/TCGA-AD-A5EJ-01Z-00-DX1.FA56CEAF-8B70-45EF-A2C9-8AA7BEB3D88A_(20030,27155).jpg",0.99999976,2.2259066e-07,1
"images/TEST/MSIH/TCGA-QG-A5Z2-01Z-00-DX1.51896C31-235E-48EF-90F7-FC05350CA564_(86800,39789).jpg",0.9999993,7.246281e-07,1
"images/TEST/MSIH/TCGA-D5-6927-01Z-00-DX1.ff21d627-dbb8-4200-937b-f8be8b86b6d4_(79598,11411).jpg",0.9999999,1.6905746e-07,1
"images/TEST/MSIH/TCGA-AZ-6598-01Z-00-DX1.1fc4cd61-4524-413b-b36d-ad438785bc06_(60942,39920).jpg",0.99999964,4.1056143e-07,1
"images/TEST/MSIH/TCGA-AA-3877-01Z-00-DX1.36902310-bc0b-4437-9f86-6df85703e0ad_(48011,86446).jpg",0.99999964,3.596882e-07,1
"images/TEST/MSIH/TCGA-D5-6927-01Z-00-DX1.ff21d627-dbb8-4200-937b-f8be8b86b6d4_(68422,4299).jpg",0.99999976,2.965913e-07,1
"images/TEST/MSIH/TCGA-AA-3715-01Z-00-DX1.24d6e746-ad61-4587-a2b9-8903331b279c_(16478,48267).jpg",0.9999995,5.0738873e-07,1
"images/TEST/MSIH/TCGA-CM-6674-01Z-00-DX1.4a08b16a-788e-43dc-85d2-baff6e911de2_(97708,58441).jpg",0.99999964,2.9946585e-07,1
"images/TEST/MSIH/TCGA-D5-6927-01Z-00-DX1.ff21d627-dbb8-4200-937b-f8be8b86b6d4_(75534,12427).jpg",0.99999976,1.8418038e-07,1
"images/TEST/MSIH/TCGA-AZ-6598-01Z-00-DX1.1fc4cd61-4524-413b-b36d-ad438785bc06_(52814,50080).jpg",0.99999964,3.1340952e-07,1
"images/TEST/MSIH/TCGA-QG-A5Z2-01Z-00-DX1.51896C31-235E-48EF-90F7-FC05350CA564_(67553,48906).jpg",0.9999993,7.533431e-07,1
"images/TEST/MSIH/TCGA-AZ-6598-01Z-00-DX1.1fc4cd61-4524-413b-b36d-ad438785bc06_(71102,45000).jpg",0.99999964,3.679413e-07,1
"images/TEST/MSIH/TCGA-A6-6653-01Z-00-DX1.e130666d-2681-4382-9e7a-4a4d27cb77a4_(92380,4362).jpg",0.9999995,4.6374478e-07,1
"images/TEST/MSIH/TCGA-G4-6309-01Z-00-DX1.3eb20fdc-eb86-4bd5-8194-76b02d4fa472_(38518,61470).jpg",0.9999999,6.035557e-08,1
"images/TEST/MSIH/TCGA-AA-3811-01Z-00-DX1.369d7946-911e-4e97-8ae7-32ef12b6b106_(7031,108035).jpg",0.99999917,8.796198e-07,1
"images/TEST/MSIH/TCGA-AA-3950-01Z-00-DX1.2a81cf11-4c16-4e9e-8809-6f63152060da_(49746,76707).jpg",0.9999999,6.8858974e-08,1
"images/TEST/MSIH/TCGA-G4-6309-01Z-00-DX1.3eb20fdc-eb86-4bd5-8194-76b02d4fa472_(64934,50294).jpg",0.9999989,1.1264872e-06,1
"images/TEST/MSIH/TCGA-A6-6653-01Z-00-DX1.e130666d-2681-4382-9e7a-4a4d27cb77a4_(85268,14522).jpg",0.9999989,1.0246497e-06,1
"images/TEST/MSIH/TCGA-QG-A5Z2-01Z-00-DX1.51896C31-235E-48EF-90F7-FC05350CA564_(83761,36750).jpg",0.99999964,3.5500713e-07,1
"images/TEST/MSIH/TCGA-AA-3715-01Z-00-DX1.24d6e746-ad61-4587-a2b9-8903331b279c_(23084,39459).jpg",0.99999976,2.2246098e-07,1
"images/TEST/MSIH/TCGA-CK-6746-01Z-00-DX1.0aae8eec-1e82-494b-8779-d79fea8bec0c_(62248,36373).jpg",0.9999994,6.0657476e-07,1
"images/TEST/MSIH/TCGA-AA-3877-01Z-00-DX1.36902310-bc0b-4437-9f86-6df85703e0ad_(46910,78739).jpg",0.99999964,2.9943217e-07,1
"images/TEST/MSIH/TCGA-CM-4746-01Z-00-DX1.c83b9795-bf45-4100-9052-a7e485e0f770_(40253,8915).jpg",0.99999845,1.585253e-06,1
"images/TEST/MSIH/TCGA-CM-4743-01Z-00-DX1.f54a6355-5623-498c-96b9-2ff1de6576c6_(62739,59225).jpg",0.9999993,6.969072e-07,1
"images/TEST/MSIH/TCGA-AA-A01P-01Z-00-DX1.D7AAA4F0-C956-4346-8948-DADACDFB3B69_(30400,82378).jpg",0.99999964,3.2557406e-07,1
"images/TEST/MSIH/TCGA-D5-6927-01Z-00-DX1.ff21d627-dbb8-4200-937b-f8be8b86b6d4_(60294,10395).jpg",0.9999999,1.6324017e-07,1
"images/TEST/MSIH/TCGA-CM-4743-01Z-00-DX1.f54a6355-5623-498c-96b9-2ff1de6576c6_(46483,51097).jpg",0.9999995,5.0120013e-07,1
"images/TEST/MSIH/TCGA-CM-4746-01Z-00-DX1.c83b9795-bf45-4100-9052-a7e485e0f770_(33141,12979).jpg",0.99999964,3.7543887e-07,1
"images/TEST/MSIH/TCGA-AZ-6598-01Z-00-DX1.1fc4cd61-4524-413b-b36d-ad438785bc06_(58910,45000).jpg",0.99999976,2.1480218e-07,1
"images/TEST/MSIH/TCGA-D5-6530-01Z-00-DX1.5c4bbcd1-51ba-467d-93f9-f2a9e7c5e010_(27219,69700).jpg",0.9999995,5.112707e-07,1
"images/TEST/MSIH/TCGA-G4-6309-01Z-00-DX1.3eb20fdc-eb86-4bd5-8194-76b02d4fa472_(89318,47246).jpg",0.99999964,3.9263975e-07,1
"images/TEST/MSIH/TCGA-QG-A5Z2-01Z-00-DX2.F2352352-8F00-4BB3-8A62-8D1C1E374F95_(41718,79501).jpg",0.99999964,4.1641002e-07,1
"images/TEST/MSIH/TCGA-AA-3877-01Z-00-DX1.36902310-bc0b-4437-9f86-6df85703e0ad_(67829,93052).jpg",0.99999964,3.1717377e-07,1
"images/TEST/MSIH/TCGA-AA-3811-01Z-00-DX1.369d7946-911e-4e97-8ae7-32ef12b6b106_(7031,104732).jpg",0.9999999,1.3110625e-07,1
"images/TEST/MSIH/TCGA-AD-A5EJ-01Z-00-DX1.FA56CEAF-8B70-45EF-A2C9-8AA7BEB3D88A_(7838,31219).jpg",0.9999995,4.837429e-07,1
"images/TEST/MSIH/TCGA-QG-A5Z2-01Z-00-DX2.F2352352-8F00-4BB3-8A62-8D1C1E374F95_(27536,65319).jpg",0.9999993,6.8638343e-07,1
"images/TEST/MSIH/TCGA-A6-6653-01Z-00-DX1.e130666d-2681-4382-9e7a-4a4d27cb77a4_(95428,27730).jpg",0.99999964,3.6753664e-07,1
"images/TEST/MSIH/TCGA-CM-4743-01Z-00-DX1.f54a6355-5623-498c-96b9-2ff1de6576c6_(62739,51097).jpg",0.99999976,1.9275946e-07,1
"images/TEST/MSIH/TCGA-AA-3811-01Z-00-DX1.369d7946-911e-4e97-8ae7-32ef12b6b106_(8132,90419).jpg",0.9999999,1.4328494e-07,1
"images/TEST/MSIH/TCGA-D5-6530-01Z-00-DX1.5c4bbcd1-51ba-467d-93f9-f2a9e7c5e010_(62779,67668).jpg",0.99999857,1.4196573e-06,1
"images/TEST/MSIH/TCGA-D5-6530-01Z-00-DX1.5c4bbcd1-51ba-467d-93f9-f2a9e7c5e010_(34331,64620).jpg",0.99999976,1.832698e-07,1
"images/TEST/MSIH/TCGA-A6-6653-01Z-00-DX1.e130666d-2681-4382-9e7a-4a4d27cb77a4_(90348,18586).jpg",0.9999999,1.7738812e-07,1
"images/TEST/MSIH/TCGA-AA-A01P-01Z-00-DX1.D7AAA4F0-C956-4346-8948-DADACDFB3B69_(25996,75772).jpg",0.99999833,1.6925958e-06,1
"images/TEST/MSIH/TCGA-AZ-6598-01Z-00-DX1.1fc4cd61-4524-413b-b36d-ad438785bc06_(35542,64304).jpg",0.9999989,1.0545776e-06,1
"images/TEST/MSIH/TCGA-AA-3950-01Z-00-DX1.2a81cf11-4c16-4e9e-8809-6f63152060da_(38736,71202).jpg",0.9999994,5.400886e-07,1
"images/TEST/MSIH/TCGA-D5-6530-01Z-00-DX1.5c4bbcd1-51ba-467d-93f9-f2a9e7c5e010_(28235,55476).jpg",0.99999774,2.2085662e-06,1
"images/TEST/MSIH/TCGA-D5-6927-01Z-00-DX1.ff21d627-dbb8-4200-937b-f8be8b86b6d4_(84678,10395).jpg",0.99999976,2.979163e-07,1
"images/TEST/MSIH/TCGA-AZ-6598-01Z-00-DX1.1fc4cd61-4524-413b-b36d-ad438785bc06_(56878,42968).jpg",0.9999995,4.33772e-07,1
"images/TEST/MSIH/TCGA-CK-6747-01Z-00-DX1.7824596c-84db-4bee-b149-cd8f617c285f_(62184,41550).jpg",0.99999964,3.4059855e-07,1
"images/TEST/MSIH/TCGA-CK-6746-01Z-00-DX1.0aae8eec-1e82-494b-8779-d79fea8bec0c_(43960,38405).jpg",0.9999995,4.817458e-07,1
"images/TEST/MSIH/TCGA-D5-6530-01Z-00-DX1.5c4bbcd1-51ba-467d-93f9-f2a9e7c5e010_(36363,73764).jpg",0.9999995,4.678047e-07,1
"images/TEST/MSIH/TCGA-F4-6703-01Z-00-DX1.28225f5d-d880-4605-831f-f22ec0272cde_(55736,51749).jpg",0.99999976,1.8135208e-07,1
"images/TEST/MSIH/TCGA-CM-4746-01Z-00-DX1.c83b9795-bf45-4100-9052-a7e485e0f770_(86989,10947).jpg",0.9999993,7.0845056e-07,1
"images/TEST/MSIH/TCGA-QG-A5Z2-01Z-00-DX1.51896C31-235E-48EF-90F7-FC05350CA564_(72618,47893).jpg",0.9999999,1.1082661e-07,1
"images/TEST/MSIH/TCGA-CM-4746-01Z-00-DX1.c83b9795-bf45-4100-9052-a7e485e0f770_(41269,25171).jpg",0.99999976,2.0609903e-07,1
"images/TEST/MSIH/TCGA-AD-6889-01Z-00-DX1.5269A81E-5391-4875-8F2A-6505BC5BBFD9_(32155,34678).jpg",0.9999993,6.911686e-07,1
"images/TEST/MSIH/TCGA-CM-6674-01Z-00-DX1.4a08b16a-788e-43dc-85d2-baff6e911de2_(95676,61489).jpg",0.99999917,7.748661e-07,1
"images/TEST/MSIH/TCGA-CK-6746-01Z-00-DX1.0aae8eec-1e82-494b-8779-d79fea8bec0c_(50056,61773).jpg",0.9999999,1.7302958e-07,1
"images/TEST/MSIH/TCGA-AD-A5EJ-01Z-00-DX1.FA56CEAF-8B70-45EF-A2C9-8AA7BEB3D88A_(26126,26139).jpg",0.99999964,4.0266113e-07,1
"images/TEST/MSIH/TCGA-G4-6309-01Z-00-DX1.3eb20fdc-eb86-4bd5-8194-76b02d4fa472_(85254,41150).jpg",0.9999989,1.047545e-06,1
"images/TEST/MSIH/TCGA-F4-6703-01Z-00-DX1.28225f5d-d880-4605-831f-f22ec0272cde_(92312,48701).jpg",0.99999976,2.943837e-07,1
"images/TEST/MSIH/TCGA-A6-6653-01Z-00-DX1.e130666d-2681-4382-9e7a-4a4d27cb77a4_(90348,10458).jpg",0.9999999,1.3169637e-07,1
"images/TEST/MSIH/TCGA-G4-6309-01Z-00-DX1.3eb20fdc-eb86-4bd5-8194-76b02d4fa472_(78142,49278).jpg",0.9999999,9.387827e-08,1
"images/TEST/MSIH/TCGA-AA-3715-01Z-00-DX1.24d6e746-ad61-4587-a2b9-8903331b279c_(57215,31752).jpg",0.99999964,2.9966756e-07,1
"images/TEST/MSIH/TCGA-CM-4743-01Z-00-DX1.f54a6355-5623-498c-96b9-2ff1de6576c6_(58675,52113).jpg",0.9999994,6.322495e-07,1
"images/TEST/MSIH/TCGA-CK-6747-01Z-00-DX1.7824596c-84db-4bee-b149-cd8f617c285f_(39832,34438).jpg",0.9999988,1.1453511e-06,1
"images/TEST/MSIH/TCGA-G4-6309-01Z-00-DX1.3eb20fdc-eb86-4bd5-8194-76b02d4fa472_(67982,50294).jpg",0.9999995,4.2265094e-07,1
"images/TEST/MSIH/TCGA-CK-6747-01Z-00-DX1.7824596c-84db-4bee-b149-cd8f617c285f_(24592,21230).jpg",0.9999999,1.4910364e-07,1
"images/TEST/MSIH/TCGA-AD-6889-01Z-00-DX1.5269A81E-5391-4875-8F2A-6505BC5BBFD9_(34187,36710).jpg",0.9999995,4.5934934e-07,1
"images/TEST/MSIH/TCGA-D5-6530-01Z-00-DX1.5c4bbcd1-51ba-467d-93f9-f2a9e7c5e010_(31283,71732).jpg",0.99999964,3.1384172e-07,1
"images/TEST/MSIH/TCGA-AD-6895-01Z-00-DX1.7FB1FBC6-683B-4285-89D1-A7A20F07A9D4_(14923,6957).jpg",0.99999964,3.1885455e-07,1
"images/TEST/MSIH/TCGA-G4-6309-01Z-00-DX1.3eb20fdc-eb86-4bd5-8194-76b02d4fa472_(68998,47246).jpg",0.9999994,6.0218736e-07,1
"images/TEST/MSIH/TCGA-AA-3864-01Z-00-DX1.f6992bc7-ba05-4c30-9500-8f7b07b30f9a_(19103,14627).jpg",0.99999917,8.677302e-07,1
"images/TEST/MSIH/TCGA-D5-6530-01Z-00-DX1.5c4bbcd1-51ba-467d-93f9-f2a9e7c5e010_(46523,68684).jpg",0.9999988,1.190225e-06,1
"images/TEST/MSIH/TCGA-D5-6927-01Z-00-DX1.ff21d627-dbb8-4200-937b-f8be8b86b6d4_(85694,10395).jpg",0.99999845,1.5502582e-06,1
"images/TEST/MSIH/TCGA-AA-3811-01Z-00-DX1.369d7946-911e-4e97-8ae7-32ef12b6b106_(8132,114641).jpg",0.9999989,1.0428879e-06,1
"images/TEST/MSIH/TCGA-AZ-6598-01Z-00-DX1.1fc4cd61-4524-413b-b36d-ad438785bc06_(57894,42968).jpg",0.9999994,5.6756477e-07,1
"images/TEST/MSIH/TCGA-CK-6747-01Z-00-DX1.7824596c-84db-4bee-b149-cd8f617c285f_(55072,21230).jpg",0.9999999,1.4723561e-07,1
"images/TEST/MSIH/TCGA-AZ-6598-01Z-00-DX1.1fc4cd61-4524-413b-b36d-ad438785bc06_(37574,54144).jpg",0.99999976,2.1825622e-07,1
"images/TEST/MSIH/TCGA-AD-6889-01Z-00-DX1.5269A81E-5391-4875-8F2A-6505BC5BBFD9_(43331,13342).jpg",0.9999999,1.714813e-07,1
"images/TEST/MSIH/TCGA-AA-3811-01Z-00-DX1.369d7946-911e-4e97-8ae7-32ef12b6b106_(14738,109136).jpg",0.99999976,2.7609835e-07,1
"images/TEST/MSIH/TCGA-CK-6746-01Z-00-DX1.0aae8eec-1e82-494b-8779-d79fea8bec0c_(28720,48565).jpg",0.99999976,2.6719692e-07,1
"images/TEST/MSIH/TCGA-AD-6895-01Z-00-DX1.7FB1FBC6-683B-4285-89D1-A7A20F07A9D4_(12891,13053).jpg",0.99999964,3.7528778e-07,1
"images/TEST/MSIH/TCGA-AD-6889-01Z-00-DX1.5269A81E-5391-4875-8F2A-6505BC5BBFD9_(14883,32646).jpg",0.9999989,1.0969608e-06,1
"images/TEST/MSIH/TCGA-A6-6653-01Z-00-DX1.e130666d-2681-4382-9e7a-4a4d27cb77a4_(89332,11474).jpg",0.99999917,7.804848e-07,1
"images/TEST/MSIH/TCGA-CM-4743-01Z-00-DX1.f54a6355-5623-498c-96b9-2ff1de6576c6_(46483,41953).jpg",0.9999989,1.0849357e-06,1
"images/TEST/MSIH/TCGA-CK-6746-01Z-00-DX1.0aae8eec-1e82-494b-8779-d79fea8bec0c_(21608,64821).jpg",0.99999964,3.130006e-07,1
"images/TEST/MSIH/TCGA-AA-3715-01Z-00-DX1.24d6e746-ad61-4587-a2b9-8903331b279c_(46205,40560).jpg",0.99999964,3.301692e-07,1
"images/TEST/MSIH/TCGA-AD-6889-01Z-00-DX1.5269A81E-5391-4875-8F2A-6505BC5BBFD9_(7771,12326).jpg",0.9999994,6.468479e-07,1
"images/TEST/MSIH/TCGA-AD-6889-01Z-00-DX1.5269A81E-5391-4875-8F2A-6505BC5BBFD9_(34187,41790).jpg",0.99999964,3.735004e-07,1
"images/TEST/MSIH/TCGA-CK-6746-01Z-00-DX1.0aae8eec-1e82-494b-8779-d79fea8bec0c_(67328,61773).jpg",0.9999999,9.4525454e-08,1
"images/TEST/MSIH/TCGA-D5-6927-01Z-00-DX1.ff21d627-dbb8-4200-937b-f8be8b86b6d4_(74518,17507).jpg",0.9999995,4.6659017e-07,1
"images/TEST/MSIH/TCGA-F4-6703-01Z-00-DX1.28225f5d-d880-4605-831f-f22ec0272cde_(74024,38541).jpg",0.99999976,2.0967387e-07,1
"images/TEST/MSIH/TCGA-QG-A5Z2-01Z-00-DX1.51896C31-235E-48EF-90F7-FC05350CA564_(72618,53971).jpg",0.9999995,4.9960903e-07,1
"images/TEST/MSIH/TCGA-CM-4743-01Z-00-DX1.f54a6355-5623-498c-96b9-2ff1de6576c6_(62739,39921).jpg",0.99999905,9.095868e-07,1
"images/TEST/MSIH/TCGA-QG-A5Z2-01Z-00-DX2.F2352352-8F00-4BB3-8A62-8D1C1E374F95_(34627,75449).jpg",0.9999993,7.4338004e-07,1
"images/TEST/MSIH/TCGA-AZ-6598-01Z-00-DX1.1fc4cd61-4524-413b-b36d-ad438785bc06_(82278,45000).jpg",0.99999976,2.026653e-07,1
"images/TEST/MSIH/TCGA-AA-3950-01Z-00-DX1.2a81cf11-4c16-4e9e-8809-6f63152060da_(43140,77808).jpg",0.99999976,1.8330792e-07,1
"images/TEST/MSIH/TCGA-CM-4743-01Z-00-DX1.f54a6355-5623-498c-96b9-2ff1de6576c6_(62739,41953).jpg",0.99999964,3.6783888e-07,1
"images/TEST/MSIH/TCGA-CM-6674-01Z-00-DX1.4a08b16a-788e-43dc-85d2-baff6e911de2_(81452,64537).jpg",0.9999994,6.2811415e-07,1
"images/TEST/MSIH/TCGA-QG-A5Z2-01Z-00-DX1.51896C31-235E-48EF-90F7-FC05350CA564_(81735,26620).jpg",0.99999964,3.1153425e-07,1
"images/TEST/MSIH/TCGA-A6-6653-01Z-00-DX1.e130666d-2681-4382-9e7a-4a4d27cb77a4_(94412,25698).jpg",0.9999987,1.2559944e-06,1
"images/TEST/MSIH/TCGA-AD-6895-01Z-00-DX1.7FB1FBC6-683B-4285-89D1-A7A20F07A9D4_(4763,2893).jpg",0.99999964,3.0658387e-07,1
"images/TEST/MSIH/TCGA-CM-4746-01Z-00-DX1.c83b9795-bf45-4100-9052-a7e485e0f770_(94101,37363).jpg",0.9999999,1.2215972e-07,1
"images/TEST/MSIH/TCGA-A6-6653-01Z-00-DX1.e130666d-2681-4382-9e7a-4a4d27cb77a4_(96444,9442).jpg",0.99999964,3.81285e-07,1
"images/TEST/MSIH/TCGA-D5-6927-01Z-00-DX1.ff21d627-dbb8-4200-937b-f8be8b86b6d4_(68422,19539).jpg",0.9999995,5.060627e-07,1
"images/TEST/MSIH/TCGA-AZ-6598-01Z-00-DX1.1fc4cd61-4524-413b-b36d-ad438785bc06_(40622,55160).jpg",0.99999964,3.6378822e-07,1
"images/TEST/MSIH/TCGA-AD-6889-01Z-00-DX1.5269A81E-5391-4875-8F2A-6505BC5BBFD9_(19963,9278).jpg",0.99999905,9.305853e-07,1
"images/TEST/MSIH/TCGA-A6-6653-01Z-00-DX1.e130666d-2681-4382-9e7a-4a4d27cb77a4_(90348,6394).jpg",0.9999999,1.7018105e-07,1
"images/TEST/MSIH/TCGA-AA-3715-01Z-00-DX1.24d6e746-ad61-4587-a2b9-8903331b279c_(60518,41661).jpg",0.9999995,4.5895172e-07,1
"images/TEST/MSIH/TCGA-AD-6889-01Z-00-DX1.5269A81E-5391-4875-8F2A-6505BC5BBFD9_(23011,8262).jpg",0.9999969,3.0775552e-06,1
"images/TEST/MSIH/TCGA-AD-A5EJ-01Z-00-DX1.FA56CEAF-8B70-45EF-A2C9-8AA7BEB3D88A_(24094,25123).jpg",0.9999994,5.385487e-07,1
"images/TEST/MSIH/TCGA-CM-4746-01Z-00-DX1.c83b9795-bf45-4100-9052-a7e485e0f770_(33141,15011).jpg",0.9999987,1.2629224e-06,1
"images/TEST/MSIH/TCGA-D5-6927-01Z-00-DX1.ff21d627-dbb8-4200-937b-f8be8b86b6d4_(72486,2267).jpg",0.99999845,1.5808599e-06,1
"images/TEST/MSIH/TCGA-AD-6895-01Z-00-DX1.7FB1FBC6-683B-4285-89D1-A7A20F07A9D4_(7811,11021).jpg",0.9999999,6.617065e-08,1
"images/TEST/MSIH/TCGA-F4-6703-01Z-00-DX1.28225f5d-d880-4605-831f-f22ec0272cde_(65896,47685).jpg",0.9999999,1.3911433e-07,1
"images/TEST/MSIH/TCGA-AD-A5EJ-01Z-00-DX1.FA56CEAF-8B70-45EF-A2C9-8AA7BEB3D88A_(23078,9883).jpg",0.99999976,2.3581462e-07,1
"images/TEST/MSIH/TCGA-AD-A5EJ-01Z-00-DX1.FA56CEAF-8B70-45EF-A2C9-8AA7BEB3D88A_(6822,27155).jpg",0.9999982,1.7909146e-06,1
"images/TEST/MSIH/TCGA-CK-6747-01Z-00-DX1.7824596c-84db-4bee-b149-cd8f617c285f_(78440,22246).jpg",0.9999993,7.377709e-07,1
"images/TEST/MSIH/TCGA-AA-3715-01Z-00-DX1.24d6e746-ad61-4587-a2b9-8903331b279c_(37397,54873).jpg",0.99999774,2.323231e-06,1
"images/TEST/MSIH/TCGA-QG-A5Z2-01Z-00-DX1.51896C31-235E-48EF-90F7-FC05350CA564_(58436,14464).jpg",0.99999964,3.8353147e-07,1
"images/TEST/MSIH/TCGA-CK-6747-01Z-00-DX1.7824596c-84db-4bee-b149-cd8f617c285f_(38816,29358).jpg",0.9999994,5.446762e-07,1
"images/TEST/MSIH/TCGA-AA-3811-01Z-00-DX1.369d7946-911e-4e97-8ae7-32ef12b6b106_(5930,105833).jpg",0.9999999,1.3566127e-07,1
"images/TEST/MSIH/TCGA-AA-3715-01Z-00-DX1.24d6e746-ad61-4587-a2b9-8903331b279c_(35195,41661).jpg",0.9999995,4.879104e-07,1
"images/TEST/MSIH/TCGA-CK-6746-01Z-00-DX1.0aae8eec-1e82-494b-8779-d79fea8bec0c_(41928,65837).jpg",0.99999976,2.594483e-07,1
"images/TEST/MSIH/TCGA-D5-6927-01Z-00-DX1.ff21d627-dbb8-4200-937b-f8be8b86b6d4_(72486,8363).jpg",1.0,5.6910526e-08,1
"images/TEST/MSIH/TCGA-QG-A5Z2-01Z-00-DX2.F2352352-8F00-4BB3-8A62-8D1C1E374F95_(14367,37968).jpg",0.9999995,4.212775e-07,1
"images/TEST/MSIH/TCGA-AD-6895-01Z-00-DX1.7FB1FBC6-683B-4285-89D1-A7A20F07A9D4_(16955,8989).jpg",0.9999994,6.397114e-07,1
"images/TEST/MSIH/TCGA-AZ-6598-01Z-00-DX1.1fc4cd61-4524-413b-b36d-ad438785bc06_(79230,67352).jpg",0.99999917,8.664733e-07,1
"images/TEST/MSIH/TCGA-AA-A01P-01Z-00-DX1.D7AAA4F0-C956-4346-8948-DADACDFB3B69_(42511,90085).jpg",0.9999995,4.3628114e-07,1
"images/TEST/MSIH/TCGA-QG-A5Z2-01Z-00-DX2.F2352352-8F00-4BB3-8A62-8D1C1E374F95_(39692,71397).jpg",0.99999976,2.7946294e-07,1
"images/TEST/MSIH/TCGA-CK-6747-01Z-00-DX1.7824596c-84db-4bee-b149-cd8f617c285f_(54056,31390).jpg",0.99999976,2.832041e-07,1
"images/TEST/MSIH/TCGA-AA-3811-01Z-00-DX1.369d7946-911e-4e97-8ae7-32ef12b6b106_(11435,90419).jpg",0.99999976,2.2555452e-07,1
"images/TEST/MSIH/TCGA-CM-4743-01Z-00-DX1.f54a6355-5623-498c-96b9-2ff1de6576c6_(81027,65321).jpg",1.0,4.2768892e-08,1
"images/TEST/MSIH/TCGA-D5-6530-01Z-00-DX1.5c4bbcd1-51ba-467d-93f9-f2a9e7c5e010_(33315,68684).jpg",0.9999994,5.3763836e-07,1
"images/TEST/MSIH/TCGA-QG-A5Z2-01Z-00-DX1.51896C31-235E-48EF-90F7-FC05350CA564_(37163,14464).jpg",0.9999995,4.5581507e-07,1
"images/TEST/MSIH/TCGA-CM-6674-01Z-00-DX1.4a08b16a-788e-43dc-85d2-baff6e911de2_(63164,68601).jpg",0.99999964,3.7728302e-07,1
"images/TEST/MSIH/TCGA-AA-A01P-01Z-00-DX1.D7AAA4F0-C956-4346-8948-DADACDFB3B69_(30400,75772).jpg",0.99999976,2.3600991e-07,1
"images/TEST/MSIH/TCGA-CM-4746-01Z-00-DX1.c83b9795-bf45-4100-9052-a7e485e0f770_(66669,33299).jpg",0.9999995,4.7532026e-07,1
"images/TEST/MSIH/TCGA-CM-4743-01Z-00-DX1.f54a6355-5623-498c-96b9-2ff1de6576c6_(7875,40937).jpg",1.0,2.5977036e-08,1
"images/TEST/MSIH/TCGA-F4-6703-01Z-00-DX1.28225f5d-d880-4605-831f-f22ec0272cde_(79104,60893).jpg",0.99999976,2.0050734e-07,1
"images/TEST/MSIH/TCGA-AA-3811-01Z-00-DX1.369d7946-911e-4e97-8ae7-32ef12b6b106_(14738,88217).jpg",0.9999999,1.3484144e-07,1
"images/TEST/MSIH/TCGA-QG-A5Z2-01Z-00-DX1.51896C31-235E-48EF-90F7-FC05350CA564_(76670,17503).jpg",0.99999917,8.366651e-07,1
"images/TEST/MSIH/TCGA-AA-3877-01Z-00-DX1.36902310-bc0b-4437-9f86-6df85703e0ad_(41405,87547).jpg",0.9999988,1.2342649e-06,1
"images/TEST/MSIH/TCGA-CM-4743-01Z-00-DX1.f54a6355-5623-498c-96b9-2ff1de6576c6_(77979,69385).jpg",1.0,3.3165804e-08,1
"images/TEST/MSIH/TCGA-AA-3864-01Z-00-DX1.f6992bc7-ba05-4c30-9500-8f7b07b30f9a_(18002,17930).jpg",0.99999976,2.6558678e-07,1
"images/TEST/MSIH/TCGA-AD-6889-01Z-00-DX1.5269A81E-5391-4875-8F2A-6505BC5BBFD9_(38251,12326).jpg",0.9999995,4.9147326e-07,1
"images/TEST/MSIH/TCGA-CM-4743-01Z-00-DX1.f54a6355-5623-498c-96b9-2ff1de6576c6_(46483,64305).jpg",0.99999964,3.8237667e-07,1
"images/TEST/MSIH/TCGA-AA-3811-01Z-00-DX1.369d7946-911e-4e97-8ae7-32ef12b6b106_(15839,91520).jpg",0.9999999,1.2096379e-07,1
"images/TEST/MSIH/TCGA-AA-3864-01Z-00-DX1.f6992bc7-ba05-4c30-9500-8f7b07b30f9a_(18002,9122).jpg",0.9999995,4.849161e-07,1
"images/TEST/MSIH/TCGA-CK-6747-01Z-00-DX1.7824596c-84db-4bee-b149-cd8f617c285f_(81488,5990).jpg",0.99999964,3.103398e-07,1
"images/TEST/MSIH/TCGA-AA-3877-01Z-00-DX1.36902310-bc0b-4437-9f86-6df85703e0ad_(49112,77638).jpg",0.99999976,2.0112094e-07,1
"images/TEST/MSIH/TCGA-CM-6674-01Z-00-DX1.4a08b16a-788e-43dc-85d2-baff6e911de2_(32684,64537).jpg",0.99999917,8.8759737e-07,1
"images/TEST/MSIH/TCGA-AA-3811-01Z-00-DX1.369d7946-911e-4e97-8ae7-32ef12b6b106_(9233,90419).jpg",0.9999999,6.578632e-08,1
"images/TEST/MSIH/TCGA-AZ-6598-01Z-00-DX1.1fc4cd61-4524-413b-b36d-ad438785bc06_(49766,51096).jpg",0.99999976,2.5927542e-07,1
"images/TEST/MSIH/TCGA-CM-4743-01Z-00-DX1.f54a6355-5623-498c-96b9-2ff1de6576c6_(81027,43985).jpg",0.9999999,1.3290874e-07,1
"images/TEST/MSIH/TCGA-CM-4746-01Z-00-DX1.c83b9795-bf45-4100-9052-a7e485e0f770_(82925,13995).jpg",0.99999976,2.0697553e-07,1
"images/TEST/MSIH/TCGA-AA-3811-01Z-00-DX1.369d7946-911e-4e97-8ae7-32ef12b6b106_(11435,113540).jpg",0.9999999,7.933045e-08,1
"images/TEST/MSIH/TCGA-AA-3811-01Z-00-DX1.369d7946-911e-4e97-8ae7-32ef12b6b106_(5930,102530).jpg",0.99999976,2.6747406e-07,1
"images/TEST/MSIH/TCGA-QG-A5Z2-01Z-00-DX2.F2352352-8F00-4BB3-8A62-8D1C1E374F95_(18419,56202).jpg",0.99999964,3.6357562e-07,1
"images/TEST/MSIH/TCGA-CM-6674-01Z-00-DX1.4a08b16a-788e-43dc-85d2-baff6e911de2_(42844,61489).jpg",0.99999964,3.5480204e-07,1
"images/TEST/MSIH/TCGA-D5-6530-01Z-00-DX1.5c4bbcd1-51ba-467d-93f9-f2a9e7c5e010_(17059,67668).jpg",0.9999993,7.092198e-07,1
"images/TEST/MSIH/TCGA-CM-4746-01Z-00-DX1.c83b9795-bf45-4100-9052-a7e485e0f770_(58541,35331).jpg",0.9999989,1.0462381e-06,1
"images/TEST/MSIH/TCGA-QG-A5Z2-01Z-00-DX1.51896C31-235E-48EF-90F7-FC05350CA564_(78696,43841).jpg",0.9999994,5.369825e-07,1
"images/TEST/MSIH/TCGA-CM-4743-01Z-00-DX1.f54a6355-5623-498c-96b9-2ff1de6576c6_(49531,45001).jpg",0.9999993,7.679853e-07,1
"images/TEST/MSIH/TCGA-AA-A01P-01Z-00-DX1.D7AAA4F0-C956-4346-8948-DADACDFB3B69_(27097,72469).jpg",0.9999999,1.6284616e-07,1
"images/TEST/MSIH/TCGA-AD-A5EJ-01Z-00-DX1.FA56CEAF-8B70-45EF-A2C9-8AA7BEB3D88A_(7838,15979).jpg",0.99999964,3.9462373e-07,1
"images/TEST/MSIH/TCGA-AZ-6598-01Z-00-DX1.1fc4cd61-4524-413b-b36d-ad438785bc06_(38590,45000).jpg",0.9999999,1.736793e-07,1
"images/TEST/MSIH/TCGA-A6-6653-01Z-00-DX1.e130666d-2681-4382-9e7a-4a4d27cb77a4_(95428,7410).jpg",0.99999964,3.381411e-07,1
"images/TEST/MSIH/TCGA-AD-6889-01Z-00-DX1.5269A81E-5391-4875-8F2A-6505BC5BBFD9_(20979,39758).jpg",0.9999982,1.8275543e-06,1
"images/TEST/MSIH/TCGA-D5-6927-01Z-00-DX1.ff21d627-dbb8-4200-937b-f8be8b86b6d4_(77566,13443).jpg",0.9999995,4.3433704e-07,1
"images/TEST/MSIH/TCGA-AZ-6598-01Z-00-DX1.1fc4cd61-4524-413b-b36d-ad438785bc06_(45702,54144).jpg",0.99999976,1.830815e-07,1
"images/TEST/MSIH/TCGA-AD-A5EJ-01Z-00-DX1.FA56CEAF-8B70-45EF-A2C9-8AA7BEB3D88A_(21046,20043).jpg",0.9999982,1.8331348e-06,1
"images/TEST/MSIH/TCGA-AZ-6598-01Z-00-DX1.1fc4cd61-4524-413b-b36d-ad438785bc06_(60942,57192).jpg",1.0,5.190843e-08,1
"images/TEST/MSIH/TCGA-AA-3950-01Z-00-DX1.2a81cf11-4c16-4e9e-8809-6f63152060da_(55251,65697).jpg",0.99999964,3.9315947e-07,1
"images/TEST/MSIH/TCGA-QG-A5Z2-01Z-00-DX1.51896C31-235E-48EF-90F7-FC05350CA564_(68566,65114).jpg",0.9999987,1.265226e-06,1
"images/TEST/MSIH/TCGA-F4-6703-01Z-00-DX1.28225f5d-d880-4605-831f-f22ec0272cde_(90280,57845).jpg",0.9999995,4.750701e-07,1
"images/TEST/MSIH/TCGA-AA-3950-01Z-00-DX1.2a81cf11-4c16-4e9e-8809-6f63152060da_(33231,86616).jpg",0.9999993,7.671377e-07,1
"images/TEST/MSIH/TCGA-A6-6653-01Z-00-DX1.e130666d-2681-4382-9e7a-4a4d27cb77a4_(99492,8426).jpg",0.999998,2.0327964e-06,1
"images/TEST/MSIH/TCGA-CK-6746-01Z-00-DX1.0aae8eec-1e82-494b-8779-d79fea8bec0c_(43960,43485).jpg",0.99999964,3.228498e-07,1
"images/TEST/MSIH/TCGA-AD-A5EJ-01Z-00-DX1.FA56CEAF-8B70-45EF-A2C9-8AA7BEB3D88A_(11902,26139).jpg",0.99999976,2.7198845e-07,1
"images/TEST/MSIH/TCGA-CK-6747-01Z-00-DX1.7824596c-84db-4bee-b149-cd8f617c285f_(25608,16150).jpg",0.99999976,1.9391109e-07,1
"images/TEST/MSIH/TCGA-AD-A5EJ-01Z-00-DX1.FA56CEAF-8B70-45EF-A2C9-8AA7BEB3D88A_(17998,13947).jpg",0.99999976,2.9391805e-07,1
"images/TEST/MSIH/TCGA-AA-3715-01Z-00-DX1.24d6e746-ad61-4587-a2b9-8903331b279c_(46205,43863).jpg",0.9999989,1.0443689e-06,1
"images/TEST/MSIH/TCGA-F4-6703-01Z-00-DX1.28225f5d-d880-4605-831f-f22ec0272cde_(85200,61909).jpg",0.9999994,5.96903e-07,1
"images/TEST/MSIH/TCGA-AA-3950-01Z-00-DX1.2a81cf11-4c16-4e9e-8809-6f63152060da_(53049,66798).jpg",0.99999976,2.9134526e-07,1
"images/TEST/MSIH/TCGA-D5-6927-01Z-00-DX1.ff21d627-dbb8-4200-937b-f8be8b86b6d4_(89758,16491).jpg",0.99999917,7.7745904e-07,1
"images/TEST/MSIH/TCGA-CK-6747-01Z-00-DX1.7824596c-84db-4bee-b149-cd8f617c285f_(73360,9038).jpg",0.99999976,2.8248655e-07,1
"images/TEST/MSIH/TCGA-AA-A01P-01Z-00-DX1.D7AAA4F0-C956-4346-8948-DADACDFB3B69_(68935,86782).jpg",0.9999993,6.8329484e-07,1
"images/TEST/MSIH/TCGA-F4-6703-01Z-00-DX1.28225f5d-d880-4605-831f-f22ec0272cde_(79104,36509).jpg",0.9999995,4.4422168e-07,1
"images/TEST/MSIH/TCGA-A6-6653-01Z-00-DX1.e130666d-2681-4382-9e7a-4a4d27cb77a4_(89332,17570).jpg",0.9999994,6.457022e-07,1
"images/TEST/MSIH/TCGA-CM-4743-01Z-00-DX1.f54a6355-5623-498c-96b9-2ff1de6576c6_(53595,37889).jpg",0.99999976,2.2006559e-07,1
"images/TEST/MSIH/TCGA-QG-A5Z2-01Z-00-DX1.51896C31-235E-48EF-90F7-FC05350CA564_(75657,51945).jpg",0.99999976,2.2225167e-07,1
"images/TEST/MSIH/TCGA-A6-6653-01Z-00-DX1.e130666d-2681-4382-9e7a-4a4d27cb77a4_(90348,19602).jpg",0.9999995,4.387374e-07,1
"images/TEST/MSIH/TCGA-A6-6653-01Z-00-DX1.e130666d-2681-4382-9e7a-4a4d27cb77a4_(90348,17570).jpg",0.99999976,2.0963968e-07,1
"images/TEST/MSIH/TCGA-G4-6309-01Z-00-DX1.3eb20fdc-eb86-4bd5-8194-76b02d4fa472_(77126,53342).jpg",0.9999995,4.88917e-07,1
"images/TEST/MSIH/TCGA-AD-6889-01Z-00-DX1.5269A81E-5391-4875-8F2A-6505BC5BBFD9_(43331,26550).jpg",0.9999995,4.6265635e-07,1
"images/TEST/MSIH/TCGA-CM-6674-01Z-00-DX1.4a08b16a-788e-43dc-85d2-baff6e911de2_(40812,66569).jpg",0.99999833,1.7252717e-06,1
"images/TEST/MSIH/TCGA-F4-6703-01Z-00-DX1.28225f5d-d880-4605-831f-f22ec0272cde_(83168,52765).jpg",0.99999964,3.5994623e-07,1
"images/TEST/MSIH/TCGA-QG-A5Z2-01Z-00-DX1.51896C31-235E-48EF-90F7-FC05350CA564_(38176,9399).jpg",0.9999993,6.798803e-07,1
"images/TEST/MSIH/TCGA-AA-3715-01Z-00-DX1.24d6e746-ad61-4587-a2b9-8903331b279c_(49508,44964).jpg",0.9999994,5.592261e-07,1
"images/TEST/MSIH/TCGA-A6-6653-01Z-00-DX1.e130666d-2681-4382-9e7a-4a4d27cb77a4_(89332,19602).jpg",0.99999964,3.1040787e-07,1
"images/TEST/MSIH/TCGA-AA-3715-01Z-00-DX1.24d6e746-ad61-4587-a2b9-8903331b279c_(17579,43863).jpg",0.9999999,1.7654664e-07,1
"images/TEST/MSIH/TCGA-AD-A5EJ-01Z-00-DX1.FA56CEAF-8B70-45EF-A2C9-8AA7BEB3D88A_(23078,30203).jpg",0.99999976,1.9114196e-07,1
"images/TEST/MSIH/TCGA-CM-4746-01Z-00-DX1.c83b9795-bf45-4100-9052-a7e485e0f770_(83941,16027).jpg",0.99999976,2.2696265e-07,1
"images/TEST/MSIH/TCGA-AA-3877-01Z-00-DX1.36902310-bc0b-4437-9f86-6df85703e0ad_(44708,86446).jpg",0.9999993,7.4930125e-07,1
"images/TEST/MSIH/TCGA-AD-6889-01Z-00-DX1.5269A81E-5391-4875-8F2A-6505BC5BBFD9_(30123,35694).jpg",0.9999994,6.0319434e-07,1
"images/TEST/MSIH/TCGA-CM-4743-01Z-00-DX1.f54a6355-5623-498c-96b9-2ff1de6576c6_(78995,22649).jpg",0.9999995,4.5317282e-07,1
"images/TEST/MSIH/TCGA-CK-6747-01Z-00-DX1.7824596c-84db-4bee-b149-cd8f617c285f_(37800,15134).jpg",0.99999905,9.3941014e-07,1
"images/TEST/MSIH/TCGA-G4-6309-01Z-00-DX1.3eb20fdc-eb86-4bd5-8194-76b02d4fa472_(85254,36070).jpg",0.99999976,2.8904878e-07,1
"images/TEST/MSIH/TCGA-AA-3950-01Z-00-DX1.2a81cf11-4c16-4e9e-8809-6f63152060da_(53049,70101).jpg",0.9999999,1.1775961e-07,1
"images/TEST/MSIH/TCGA-AA-3811-01Z-00-DX1.369d7946-911e-4e97-8ae7-32ef12b6b106_(11435,106934).jpg",0.99999964,3.5583926e-07,1
"images/TEST/MSIH/TCGA-CM-4746-01Z-00-DX1.c83b9795-bf45-4100-9052-a7e485e0f770_(63621,8915).jpg",0.99999917,7.7720404e-07,1
"images/TEST/MSIH/TCGA-G4-6309-01Z-00-DX1.3eb20fdc-eb86-4bd5-8194-76b02d4fa472_(75094,54358).jpg",0.99999714,2.8850343e-06,1
"images/TEST/MSIH/TCGA-QG-A5Z2-01Z-00-DX2.F2352352-8F00-4BB3-8A62-8D1C1E374F95_(20445,28851).jpg",0.99999964,3.8226656e-07,1
"images/TEST/MSIH/TCGA-CM-4743-01Z-00-DX1.f54a6355-5623-498c-96b9-2ff1de6576c6_(49531,43985).jpg",0.9999995,4.984412e-07,1
"images/TEST/MSIH/TCGA-QG-A5Z2-01Z-00-DX1.51896C31-235E-48EF-90F7-FC05350CA564_(64514,55997).jpg",0.9999994,6.190612e-07,1
"images/TEST/MSIH/TCGA-G4-6309-01Z-00-DX1.3eb20fdc-eb86-4bd5-8194-76b02d4fa472_(37502,57406).jpg",0.9999981,1.8519487e-06,1
"images/TEST/MSIH/TCGA-G4-6309-01Z-00-DX1.3eb20fdc-eb86-4bd5-8194-76b02d4fa472_(94398,30990).jpg",0.9999993,7.7133166e-07,1
"images/TEST/MSIH/TCGA-CM-6674-01Z-00-DX1.4a08b16a-788e-43dc-85d2-baff6e911de2_(85516,73681).jpg",0.99999845,1.5275458e-06,1
"images/TEST/MSIH/TCGA-CK-6747-01Z-00-DX1.7824596c-84db-4bee-b149-cd8f617c285f_(32720,10054).jpg",0.9999995,5.185831e-07,1
"images/TEST/MSIH/TCGA-AA-3811-01Z-00-DX1.369d7946-911e-4e97-8ae7-32ef12b6b106_(5930,101429).jpg",0.9999999,6.376691e-08,1
"images/TEST/MSIH/TCGA-D5-6530-01Z-00-DX1.5c4bbcd1-51ba-467d-93f9-f2a9e7c5e010_(7915,56492).jpg",0.99999905,1.0059513e-06,1
"images/TEST/MSIH/TCGA-AA-3950-01Z-00-DX1.2a81cf11-4c16-4e9e-8809-6f63152060da_(49746,75606).jpg",0.9999999,1.3992518e-07,1
"images/TEST/MSIH/TCGA-CK-6746-01Z-00-DX1.0aae8eec-1e82-494b-8779-d79fea8bec0c_(38880,49581).jpg",0.9999999,1.3303506e-07,1
"images/TEST/MSIH/TCGA-AA-3864-01Z-00-DX1.f6992bc7-ba05-4c30-9500-8f7b07b30f9a_(12497,17930).jpg",0.99999976,1.988749e-07,1
"images/TEST/MSIH/TCGA-G4-6309-01Z-00-DX1.3eb20fdc-eb86-4bd5-8194-76b02d4fa472_(74078,54358).jpg",0.99999976,2.653865e-07,1
"images/TEST/MSIH/TCGA-AA-3715-01Z-00-DX1.24d6e746-ad61-4587-a2b9-8903331b279c_(37397,50469).jpg",0.99999917,8.8556135e-07,1
"images/TEST/MSIH/TCGA-D5-6530-01Z-00-DX1.5c4bbcd1-51ba-467d-93f9-f2a9e7c5e010_(4867,54460).jpg",0.9999989,1.0147423e-06,1
"images/TEST/MSIH/TCGA-QG-A5Z2-01Z-00-DX1.51896C31-235E-48EF-90F7-FC05350CA564_(74644,14464).jpg",0.9999988,1.1548011e-06,1
"images/TEST/MSIH/TCGA-D5-6927-01Z-00-DX1.ff21d627-dbb8-4200-937b-f8be8b86b6d4_(67406,16491).jpg",0.99999833,1.6406797e-06,1
"images/TEST/MSIH/TCGA-AA-A01P-01Z-00-DX1.D7AAA4F0-C956-4346-8948-DADACDFB3B69_(33703,73570).jpg",0.99999964,3.542097e-07,1
"images/TEST/MSIH/TCGA-QG-A5Z2-01Z-00-DX1.51896C31-235E-48EF-90F7-FC05350CA564_(69579,11425).jpg",1.0,4.5150124e-08,1
"images/TEST/MSIH/TCGA-CK-6746-01Z-00-DX1.0aae8eec-1e82-494b-8779-d79fea8bec0c_(76472,53645).jpg",0.9999993,6.5739846e-07,1
"images/TEST/MSIH/TCGA-F4-6703-01Z-00-DX1.28225f5d-d880-4605-831f-f22ec0272cde_(84184,45653).jpg",0.9999999,1.1726494e-07,1
"images/TEST/MSIH/TCGA-AA-3864-01Z-00-DX1.f6992bc7-ba05-4c30-9500-8f7b07b30f9a_(10295,14627).jpg",0.9999995,4.3832338e-07,1
"images/TEST/MSIH/TCGA-QG-A5Z2-01Z-00-DX1.51896C31-235E-48EF-90F7-FC05350CA564_(69579,48906).jpg",0.99999964,3.268527e-07,1
"images/TEST/MSIH/TCGA-QG-A5Z2-01Z-00-DX2.F2352352-8F00-4BB3-8A62-8D1C1E374F95_(66030,73423).jpg",0.99999964,3.9695945e-07,1
"images/TEST/MSIH/TCGA-AA-3864-01Z-00-DX1.f6992bc7-ba05-4c30-9500-8f7b07b30f9a_(16901,14627).jpg",0.99999964,2.993528e-07,1
"images/TEST/MSIH/TCGA-AD-6895-01Z-00-DX1.7FB1FBC6-683B-4285-89D1-A7A20F07A9D4_(1715,4925).jpg",0.99999976,1.8019668e-07,1
"images/TEST/MSIH/TCGA-AA-3877-01Z-00-DX1.36902310-bc0b-4437-9f86-6df85703e0ad_(67829,82042).jpg",0.99999976,2.8738776e-07,1
"images/TEST/MSIH/TCGA-F4-6703-01Z-00-DX1.28225f5d-d880-4605-831f-f22ec0272cde_(67928,58861).jpg",0.99999976,2.3067777e-07,1
"images/TEST/MSIH/TCGA-AD-A5EJ-01Z-00-DX1.FA56CEAF-8B70-45EF-A2C9-8AA7BEB3D88A_(7838,24107).jpg",0.99999917,8.480077e-07,1
"images/TEST/MSIH/TCGA-D5-6530-01Z-00-DX1.5c4bbcd1-51ba-467d-93f9-f2a9e7c5e010_(9947,52428).jpg",0.99999964,3.5485314e-07,1
"images/TEST/MSIH/TCGA-AD-6895-01Z-00-DX1.7FB1FBC6-683B-4285-89D1-A7A20F07A9D4_(12891,4925).jpg",0.9999999,6.113368e-08,1
"images/TEST/MSIH/TCGA-AD-6889-01Z-00-DX1.5269A81E-5391-4875-8F2A-6505BC5BBFD9_(26059,46870).jpg",0.9999993,6.867206e-07,1
"images/TEST/MSIH/TCGA-AA-3715-01Z-00-DX1.24d6e746-ad61-4587-a2b9-8903331b279c_(51710,40560).jpg",0.99999833,1.710243e-06,1
"images/TEST/MSIH/TCGA-AD-6895-01Z-00-DX1.7FB1FBC6-683B-4285-89D1-A7A20F07A9D4_(8827,3909).jpg",0.9999993,7.038906e-07,1
"images/TEST/MSIH/TCGA-CK-6746-01Z-00-DX1.0aae8eec-1e82-494b-8779-d79fea8bec0c_(34816,60757).jpg",0.9999999,1.5709033e-07,1
"images/TEST/MSIH/TCGA-AA-3950-01Z-00-DX1.2a81cf11-4c16-4e9e-8809-6f63152060da_(48645,71202).jpg",0.9999999,1.03889796e-07,1
"images/TEST/MSIH/TCGA-CM-4746-01Z-00-DX1.c83b9795-bf45-4100-9052-a7e485e0f770_(42285,23139).jpg",0.99999964,3.8945532e-07,1
"images/TEST/MSIH/TCGA-AA-3715-01Z-00-DX1.24d6e746-ad61-4587-a2b9-8903331b279c_(36296,55974).jpg",0.9999932,6.7432647e-06,1
"images/TEST/MSIH/TCGA-AD-6889-01Z-00-DX1.5269A81E-5391-4875-8F2A-6505BC5BBFD9_(21995,50934).jpg",0.9999993,6.787149e-07,1
"images/TEST/MSIH/TCGA-A6-6653-01Z-00-DX1.e130666d-2681-4382-9e7a-4a4d27cb77a4_(91364,12490).jpg",0.9999999,1.527875e-07,1
"images/TEST/MSIH/TCGA-QG-A5Z2-01Z-00-DX2.F2352352-8F00-4BB3-8A62-8D1C1E374F95_(14367,51137).jpg",0.9999995,4.5007224e-07,1
"images/TEST/MSIH/TCGA-AA-A01P-01Z-00-DX1.D7AAA4F0-C956-4346-8948-DADACDFB3B69_(62329,92287).jpg",0.9999993,6.591669e-07,1
"images/TEST/MSIH/TCGA-CK-6746-01Z-00-DX1.0aae8eec-1e82-494b-8779-d79fea8bec0c_(38880,62789).jpg",0.9999994,6.1651195e-07,1
"images/TEST/MSIH/TCGA-CK-6746-01Z-00-DX1.0aae8eec-1e82-494b-8779-d79fea8bec0c_(51072,53645).jpg",0.9999994,6.072195e-07,1
"images/TEST/MSIH/TCGA-AA-3877-01Z-00-DX1.36902310-bc0b-4437-9f86-6df85703e0ad_(48011,97456).jpg",0.9999993,7.020048e-07,1
"images/TEST/MSIH/TCGA-AA-3877-01Z-00-DX1.36902310-bc0b-4437-9f86-6df85703e0ad_(45809,77638).jpg",0.99999917,7.8412035e-07,1
"images/TEST/MSIH/TCGA-QG-A5Z2-01Z-00-DX2.F2352352-8F00-4BB3-8A62-8D1C1E374F95_(38679,72410).jpg",0.99999976,2.0523483e-07,1
"images/TEST/MSIH/TCGA-CM-6674-01Z-00-DX1.4a08b16a-788e-43dc-85d2-baff6e911de2_(37764,71649).jpg",0.99999964,3.5680537e-07,1
"images/TEST/MSIH/TCGA-AA-3950-01Z-00-DX1.2a81cf11-4c16-4e9e-8809-6f63152060da_(42039,82212).jpg",0.9999999,9.294804e-08,1
"images/TEST/MSIH/TCGA-AA-A01P-01Z-00-DX1.D7AAA4F0-C956-4346-8948-DADACDFB3B69_(43612,59257).jpg",0.9999989,1.0173742e-06,1
"images/TEST/MSIH/TCGA-AA-3715-01Z-00-DX1.24d6e746-ad61-4587-a2b9-8903331b279c_(32993,47166).jpg",0.99999917,8.0637585e-07,1
"images/TEST/MSIH/TCGA-QG-A5Z2-01Z-00-DX1.51896C31-235E-48EF-90F7-FC05350CA564_(70592,64101).jpg",0.9999999,1.12681434e-07,1
"images/TEST/MSIH/TCGA-AA-3877-01Z-00-DX1.36902310-bc0b-4437-9f86-6df85703e0ad_(46910,76537).jpg",0.99999964,3.479777e-07,1
"images/TEST/MSIH/TCGA-AD-6895-01Z-00-DX1.7FB1FBC6-683B-4285-89D1-A7A20F07A9D4_(11875,10005).jpg",0.99999964,3.7443553e-07,1
"images/TEST/MSIH/TCGA-AA-3877-01Z-00-DX1.36902310-bc0b-4437-9f86-6df85703e0ad_(67829,94153).jpg",0.9999999,1.7859568e-07,1
"images/TEST/MSIH/TCGA-AZ-6598-01Z-00-DX1.1fc4cd61-4524-413b-b36d-ad438785bc06_(75166,56176).jpg",0.9999994,6.209402e-07,1
"images/TEST/MSIH/TCGA-AA-3864-01Z-00-DX1.f6992bc7-ba05-4c30-9500-8f7b07b30f9a_(14699,19031).jpg",0.9999994,5.9342597e-07,1
"images/TEST/MSIH/TCGA-CK-6746-01Z-00-DX1.0aae8eec-1e82-494b-8779-d79fea8bec0c_(30752,45517).jpg",0.99999976,2.5616728e-07,1
"images/TEST/MSIH/TCGA-F4-6703-01Z-00-DX1.28225f5d-d880-4605-831f-f22ec0272cde_(95360,49717).jpg",0.99999774,2.283991e-06,1
"images/TEST/MSIH/TCGA-CK-6746-01Z-00-DX1.0aae8eec-1e82-494b-8779-d79fea8bec0c_(52088,64821).jpg",0.99999976,1.9470048e-07,1
"images/TEST/MSIH/TCGA-CK-6746-01Z-00-DX1.0aae8eec-1e82-494b-8779-d79fea8bec0c_(71392,44501).jpg",0.99999964,3.9764143e-07,1
"images/TEST/MSIH/TCGA-AA-3715-01Z-00-DX1.24d6e746-ad61-4587-a2b9-8903331b279c_(52811,33954).jpg",0.9999993,7.6107193e-07,1
"images/TEST/MSIH/TCGA-CM-4743-01Z-00-DX1.f54a6355-5623-498c-96b9-2ff1de6576c6_(80011,68369).jpg",0.9999999,1.5199761e-07,1
"images/TEST/MSIH/TCGA-AD-6895-01Z-00-DX1.7FB1FBC6-683B-4285-89D1-A7A20F07A9D4_(16955,6957).jpg",0.9999995,5.306942e-07,1
"images/TEST/MSIH/TCGA-AZ-6598-01Z-00-DX1.1fc4cd61-4524-413b-b36d-ad438785bc06_(82278,56176).jpg",0.9999999,9.364471e-08,1
"images/TEST/MSIH/TCGA-D5-6530-01Z-00-DX1.5c4bbcd1-51ba-467d-93f9-f2a9e7c5e010_(37379,78844).jpg",0.9999995,4.7256492e-07,1
"images/TEST/MSIH/TCGA-AA-A01P-01Z-00-DX1.D7AAA4F0-C956-4346-8948-DADACDFB3B69_(65632,87883).jpg",0.99999857,1.3757771e-06,1
"images/TEST/MSIH/TCGA-D5-6530-01Z-00-DX1.5c4bbcd1-51ba-467d-93f9-f2a9e7c5e010_(74971,65636).jpg",0.9999994,6.4972033e-07,1
"images/TEST/MSIH/TCGA-AD-6889-01Z-00-DX1.5269A81E-5391-4875-8F2A-6505BC5BBFD9_(32155,57030).jpg",0.99999976,2.1670502e-07,1
"images/TEST/MSIH/TCGA-AZ-6598-01Z-00-DX1.1fc4cd61-4524-413b-b36d-ad438785bc06_(87358,53128).jpg",0.99999976,2.665355e-07,1
"images/TEST/MSIH/TCGA-CM-6674-01Z-00-DX1.4a08b16a-788e-43dc-85d2-baff6e911de2_(77388,65553).jpg",0.99999964,3.5651897e-07,1
"images/TEST/MSIH/TCGA-D5-6530-01Z-00-DX1.5c4bbcd1-51ba-467d-93f9-f2a9e7c5e010_(36363,72748).jpg",0.9999999,1.0949575e-07,1
"images/TEST/MSIH/TCGA-AD-A5EJ-01Z-00-DX1.FA56CEAF-8B70-45EF-A2C9-8AA7BEB3D88A_(25110,29187).jpg",0.9999993,7.322341e-07,1
"images/TEST/MSIH/TCGA-CK-6746-01Z-00-DX1.0aae8eec-1e82-494b-8779-d79fea8bec0c_(69360,57709).jpg",0.99999976,2.277656e-07,1
"images/TEST/MSIH/TCGA-AA-3950-01Z-00-DX1.2a81cf11-4c16-4e9e-8809-6f63152060da_(33231,89919).jpg",0.99999964,3.2510928e-07,1
"images/TEST/MSIH/TCGA-AZ-6598-01Z-00-DX1.1fc4cd61-4524-413b-b36d-ad438785bc06_(43670,43984).jpg",0.99999964,3.22767e-07,1
"images/TEST/MSIH/TCGA-QG-A5Z2-01Z-00-DX2.F2352352-8F00-4BB3-8A62-8D1C1E374F95_(15380,37968).jpg",0.99999976,1.8714451e-07,1
"images/TEST/MSIH/TCGA-CM-6674-01Z-00-DX1.4a08b16a-788e-43dc-85d2-baff6e911de2_(39796,63521).jpg",0.9999999,1.5169641e-07,1
"images/TEST/MSIH/TCGA-AA-3877-01Z-00-DX1.36902310-bc0b-4437-9f86-6df85703e0ad_(46910,77638).jpg",0.9999999,1.7153249e-07,1
"images/TEST/MSIH/TCGA-D5-6927-01Z-00-DX1.ff21d627-dbb8-4200-937b-f8be8b86b6d4_(66390,6331).jpg",0.99999845,1.5887067e-06,1
"images/TEST/MSIH/TCGA-CK-6747-01Z-00-DX1.7824596c-84db-4bee-b149-cd8f617c285f_(36784,22246).jpg",0.9999943,5.7583898e-06,1
"images/TEST/MSIH/TCGA-QG-A5Z2-01Z-00-DX1.51896C31-235E-48EF-90F7-FC05350CA564_(77683,37763).jpg",0.9999995,4.352111e-07,1
"images/TEST/MSIH/TCGA-AA-3715-01Z-00-DX1.24d6e746-ad61-4587-a2b9-8903331b279c_(71528,48267).jpg",0.9999993,7.5694095e-07,1
"images/TEST/MSIH/TCGA-AA-3950-01Z-00-DX1.2a81cf11-4c16-4e9e-8809-6f63152060da_(37635,78909).jpg",0.9999999,1.2554754e-07,1
"images/TEST/MSIH/TCGA-D5-6530-01Z-00-DX1.5c4bbcd1-51ba-467d-93f9-f2a9e7c5e010_(16043,55476).jpg",0.9999995,4.7490428e-07,1
"images/TEST/MSIH/TCGA-F4-6703-01Z-00-DX1.28225f5d-d880-4605-831f-f22ec0272cde_(79104,46669).jpg",0.9999999,6.86929e-08,1
"images/TEST/MSIH/TCGA-AA-3811-01Z-00-DX1.369d7946-911e-4e97-8ae7-32ef12b6b106_(8132,115742).jpg",0.9999999,1.0122298e-07,1
"images/TEST/MSIH/TCGA-F4-6703-01Z-00-DX1.28225f5d-d880-4605-831f-f22ec0272cde_(85200,48701).jpg",0.9999999,1.691881e-07,1
"images/TEST/MSIH/TCGA-D5-6927-01Z-00-DX1.ff21d627-dbb8-4200-937b-f8be8b86b6d4_(76550,8363).jpg",1.0,3.2275587e-08,1
"images/TEST/MSIH/TCGA-AA-A01P-01Z-00-DX1.D7AAA4F0-C956-4346-8948-DADACDFB3B69_(53521,70267).jpg",0.9999988,1.2290109e-06,1
"images/TEST/MSIH/TCGA-A6-6653-01Z-00-DX1.e130666d-2681-4382-9e7a-4a4d27cb77a4_(89332,9442).jpg",0.99999917,8.1059113e-07,1
"images/TEST/MSIH/TCGA-AA-3877-01Z-00-DX1.36902310-bc0b-4437-9f86-6df85703e0ad_(45809,76537).jpg",0.99999976,2.7782468e-07,1
"images/TEST/MSIH/TCGA-CK-6747-01Z-00-DX1.7824596c-84db-4bee-b149-cd8f617c285f_(20528,11070).jpg",0.9999995,4.4437843e-07,1
"images/TEST/MSIH/TCGA-AA-A01P-01Z-00-DX1.D7AAA4F0-C956-4346-8948-DADACDFB3B69_(59026,71368).jpg",0.999998,2.0565267e-06,1
"images/TEST/MSIH/TCGA-CK-6747-01Z-00-DX1.7824596c-84db-4bee-b149-cd8f617c285f_(67264,37486).jpg",0.9999993,7.402129e-07,1
"images/TEST/MSIH/TCGA-AA-3715-01Z-00-DX1.24d6e746-ad61-4587-a2b9-8903331b279c_(17579,40560).jpg",0.9999994,5.8277783e-07,1
"images/TEST/MSIH/TCGA-A6-6653-01Z-00-DX1.e130666d-2681-4382-9e7a-4a4d27cb77a4_(90348,11474).jpg",0.99999976,2.4508358e-07,1
"images/TEST/MSIH/TCGA-G4-6309-01Z-00-DX1.3eb20fdc-eb86-4bd5-8194-76b02d4fa472_(82206,40134).jpg",0.9999993,6.847646e-07,1
"images/TEST/MSIH/TCGA-CK-6747-01Z-00-DX1.7824596c-84db-4bee-b149-cd8f617c285f_(11384,22246).jpg",0.99999917,7.9789925e-07,1
"images/TEST/MSIH/TCGA-G4-6309-01Z-00-DX1.3eb20fdc-eb86-4bd5-8194-76b02d4fa472_(46646,60454).jpg",0.99999976,2.2961899e-07,1
"images/TEST/MSIH/TCGA-AD-6889-01Z-00-DX1.5269A81E-5391-4875-8F2A-6505BC5BBFD9_(23011,31630).jpg",0.99999964,3.630483e-07,1
"images/TEST/MSIH/TCGA-D5-6530-01Z-00-DX1.5c4bbcd1-51ba-467d-93f9-f2a9e7c5e010_(70907,71732).jpg",0.9999994,5.571527e-07,1
"images/TEST/MSIH/TCGA-AD-6895-01Z-00-DX1.7FB1FBC6-683B-4285-89D1-A7A20F07A9D4_(14923,8989).jpg",0.9999999,1.6547263e-07,1
"images/TEST/MSIH/TCGA-AA-3715-01Z-00-DX1.24d6e746-ad61-4587-a2b9-8903331b279c_(14276,46065).jpg",0.9999981,1.8567164e-06,1
"images/TEST/MSIH/TCGA-F4-6703-01Z-00-DX1.28225f5d-d880-4605-831f-f22ec0272cde_(65896,55813).jpg",0.99999964,3.6121168e-07,1
"images/TEST/MSIH/TCGA-AA-3715-01Z-00-DX1.24d6e746-ad61-4587-a2b9-8903331b279c_(37397,44964).jpg",0.99999976,2.0275364e-07,1
"images/TEST/MSIH/TCGA-CK-6746-01Z-00-DX1.0aae8eec-1e82-494b-8779-d79fea8bec0c_(72408,51613).jpg",0.99999976,2.9729304e-07,1
"images/TEST/MSIH/TCGA-AA-3811-01Z-00-DX1.369d7946-911e-4e97-8ae7-32ef12b6b106_(14738,108035).jpg",0.99999976,1.9897354e-07,1
"images/TEST/MSIH/TCGA-CK-6747-01Z-00-DX1.7824596c-84db-4bee-b149-cd8f617c285f_(11384,28342).jpg",0.99999964,4.0788342e-07,1
"images/TEST/MSIH/TCGA-AD-A5EJ-01Z-00-DX1.FA56CEAF-8B70-45EF-A2C9-8AA7BEB3D88A_(12918,29187).jpg",0.9999988,1.1953963e-06,1
"images/TEST/MSIH/TCGA-AA-3811-01Z-00-DX1.369d7946-911e-4e97-8ae7-32ef12b6b106_(16940,87116).jpg",0.9999995,4.5788548e-07,1
"images/TEST/MSIH/TCGA-CK-6746-01Z-00-DX1.0aae8eec-1e82-494b-8779-d79fea8bec0c_(71392,56693).jpg",0.9999999,6.782129e-08,1
"images/TEST/MSIH/TCGA-D5-6530-01Z-00-DX1.5c4bbcd1-51ba-467d-93f9-f2a9e7c5e010_(41443,62588).jpg",0.99999976,2.6538675e-07,1
"images/TEST/MSIH/TCGA-AA-A01P-01Z-00-DX1.D7AAA4F0-C956-4346-8948-DADACDFB3B69_(33703,88984).jpg",0.99999964,3.4138196e-07,1
"images/TEST/MSIH/TCGA-CM-6674-01Z-00-DX1.4a08b16a-788e-43dc-85d2-baff6e911de2_(41828,62505).jpg",0.99999964,3.602828e-07,1
"images/TEST/MSIH/TCGA-A6-6653-01Z-00-DX1.e130666d-2681-4382-9e7a-4a4d27cb77a4_(89332,10458).jpg",1.0,3.353251e-08,1
"images/TEST/MSIH/TCGA-AD-6889-01Z-00-DX1.5269A81E-5391-4875-8F2A-6505BC5BBFD9_(33171,38742).jpg",0.9999957,4.3027712e-06,1
"images/TEST/MSIH/TCGA-AA-3877-01Z-00-DX1.36902310-bc0b-4437-9f86-6df85703e0ad_(51314,74335).jpg",0.9999993,6.810699e-07,1
"images/TEST/MSIH/TCGA-AA-A01P-01Z-00-DX1.D7AAA4F0-C956-4346-8948-DADACDFB3B69_(48016,61459).jpg",0.99999917,8.063889e-07,1
"images/TEST/MSIH/TCGA-AA-3950-01Z-00-DX1.2a81cf11-4c16-4e9e-8809-6f63152060da_(40938,73404).jpg",0.99999976,2.976471e-07,1
"images/TEST/MSIH/TCGA-AA-A01P-01Z-00-DX1.D7AAA4F0-C956-4346-8948-DADACDFB3B69_(63430,88984).jpg",0.9999988,1.2100365e-06,1
"images/TEST/MSIH/TCGA-CM-6674-01Z-00-DX1.4a08b16a-788e-43dc-85d2-baff6e911de2_(95676,65553).jpg",0.9999995,4.5008724e-07,1
"images/TEST/MSIH/TCGA-AD-6889-01Z-00-DX1.5269A81E-5391-4875-8F2A-6505BC5BBFD9_(25043,5214).jpg",0.9999995,4.484886e-07,1
"images/TEST/MSIH/TCGA-AA-3715-01Z-00-DX1.24d6e746-ad61-4587-a2b9-8903331b279c_(17579,48267).jpg",0.999998,2.0395578e-06,1
"images/TEST/MSIH/TCGA-AD-6889-01Z-00-DX1.5269A81E-5391-4875-8F2A-6505BC5BBFD9_(4723,36710).jpg",0.99999964,3.2664423e-07,1
"images/TEST/MSIH/TCGA-CM-4743-01Z-00-DX1.f54a6355-5623-498c-96b9-2ff1de6576c6_(44451,51097).jpg",0.99999976,2.3024832e-07,1
"images/TEST/MSIH/TCGA-QG-A5Z2-01Z-00-DX1.51896C31-235E-48EF-90F7-FC05350CA564_(73631,38776).jpg",0.99999964,3.5851727e-07,1
"images/TEST/MSIH/TCGA-A6-6653-01Z-00-DX1.e130666d-2681-4382-9e7a-4a4d27cb77a4_(99492,7410).jpg",0.9999999,1.0855354e-07,1
"images/TEST/MSIH/TCGA-AD-A5EJ-01Z-00-DX1.FA56CEAF-8B70-45EF-A2C9-8AA7BEB3D88A_(13934,12931).jpg",0.9999989,1.1004321e-06,1
"images/TEST/MSIH/TCGA-AA-3715-01Z-00-DX1.24d6e746-ad61-4587-a2b9-8903331b279c_(49508,50469).jpg",0.99999666,3.3715303e-06,1
"images/TEST/MSIH/TCGA-A6-6653-01Z-00-DX1.e130666d-2681-4382-9e7a-4a4d27cb77a4_(93396,28746).jpg",0.9999987,1.3593884e-06,1
"images/TEST/MSIH/TCGA-QG-A5Z2-01Z-00-DX2.F2352352-8F00-4BB3-8A62-8D1C1E374F95_(55900,72410).jpg",0.99999964,3.1335213e-07,1
"images/TEST/MSIH/TCGA-D5-6927-01Z-00-DX1.ff21d627-dbb8-4200-937b-f8be8b86b6d4_(73502,19539).jpg",0.9999995,5.2859696e-07,1
"images/TEST/MSIH/TCGA-CM-4746-01Z-00-DX1.c83b9795-bf45-4100-9052-a7e485e0f770_(75813,23139).jpg",0.99999976,2.385752e-07,1
"images/TEST/MSIH/TCGA-CK-6747-01Z-00-DX1.7824596c-84db-4bee-b149-cd8f617c285f_(10368,22246).jpg",0.9999993,7.214616e-07,1
"images/TEST/MSIH/TCGA-F4-6703-01Z-00-DX1.28225f5d-d880-4605-831f-f22ec0272cde_(61832,42605).jpg",0.9999999,5.964205e-08,1
"images/TEST/MSIH/TCGA-F4-6703-01Z-00-DX1.28225f5d-d880-4605-831f-f22ec0272cde_(87232,62925).jpg",0.99999964,3.406785e-07,1
"images/TEST/MSIH/TCGA-QG-A5Z2-01Z-00-DX2.F2352352-8F00-4BB3-8A62-8D1C1E374F95_(32601,79501).jpg",0.9999999,1.0592772e-07,1
"images/TEST/MSIH/TCGA-AA-3950-01Z-00-DX1.2a81cf11-4c16-4e9e-8809-6f63152060da_(46443,67899).jpg",0.9999999,9.253342e-08,1
"images/TEST/MSIH/TCGA-A6-6653-01Z-00-DX1.e130666d-2681-4382-9e7a-4a4d27cb77a4_(87300,15538).jpg",0.9999999,1.4112985e-07,1
"images/TEST/MSIH/TCGA-A6-6653-01Z-00-DX1.e130666d-2681-4382-9e7a-4a4d27cb77a4_(95428,8426).jpg",0.9999999,7.3101596e-08,1
"images/TEST/MSIH/TCGA-D5-6927-01Z-00-DX1.ff21d627-dbb8-4200-937b-f8be8b86b6d4_(72486,1251).jpg",0.9999968,3.2500996e-06,1
"images/TEST/MSIH/TCGA-AD-6889-01Z-00-DX1.5269A81E-5391-4875-8F2A-6505BC5BBFD9_(37235,33662).jpg",0.9999987,1.3510985e-06,1
"images/TEST/MSIH/TCGA-CM-4743-01Z-00-DX1.f54a6355-5623-498c-96b9-2ff1de6576c6_(80011,49065).jpg",0.9999999,7.875875e-08,1
"images/TEST/MSIH/TCGA-QG-A5Z2-01Z-00-DX2.F2352352-8F00-4BB3-8A62-8D1C1E374F95_(33614,23786).jpg",0.9999994,5.612992e-07,1
"images/TEST/MSIH/TCGA-AD-A5EJ-01Z-00-DX1.FA56CEAF-8B70-45EF-A2C9-8AA7BEB3D88A_(7838,23091).jpg",0.99999964,3.6355866e-07,1
"images/TEST/MSIH/TCGA-AA-3811-01Z-00-DX1.369d7946-911e-4e97-8ae7-32ef12b6b106_(11435,112439).jpg",0.9999994,6.4835115e-07,1
"images/TEST/MSIH/TCGA-AD-6895-01Z-00-DX1.7FB1FBC6-683B-4285-89D1-A7A20F07A9D4_(8827,7973).jpg",0.99999964,4.066933e-07,1
"images/TEST/MSIH/TCGA-AA-A01P-01Z-00-DX1.D7AAA4F0-C956-4346-8948-DADACDFB3B69_(44713,71368).jpg",0.9999993,7.120486e-07,1
"images/TEST/MSIH/TCGA-AA-3811-01Z-00-DX1.369d7946-911e-4e97-8ae7-32ef12b6b106_(14738,104732).jpg",0.99999964,3.2413564e-07,1
"images/TEST/MSIH/TCGA-AA-3864-01Z-00-DX1.f6992bc7-ba05-4c30-9500-8f7b07b30f9a_(18002,14627).jpg",0.9999988,1.1948948e-06,1
"images/TEST/MSIH/TCGA-CM-6674-01Z-00-DX1.4a08b16a-788e-43dc-85d2-baff6e911de2_(24556,54377).jpg",0.99999976,2.5419706e-07,1
"images/TEST/MSIH/TCGA-D5-6530-01Z-00-DX1.5c4bbcd1-51ba-467d-93f9-f2a9e7c5e010_(33315,60556).jpg",0.99999976,2.3345748e-07,1
"images/TEST/MSIH/TCGA-D5-6927-01Z-00-DX1.ff21d627-dbb8-4200-937b-f8be8b86b6d4_(65374,24619).jpg",0.99999976,2.1257114e-07,1
"images/TEST/MSIH/TCGA-A6-6653-01Z-00-DX1.e130666d-2681-4382-9e7a-4a4d27cb77a4_(89332,18586).jpg",0.99999964,3.6026768e-07,1
"images/TEST/MSIH/TCGA-CM-4746-01Z-00-DX1.c83b9795-bf45-4100-9052-a7e485e0f770_(63621,12979).jpg",0.9999995,4.8949363e-07,1
"images/TEST/MSIH/TCGA-AA-3877-01Z-00-DX1.36902310-bc0b-4437-9f86-6df85703e0ad_(41405,89749).jpg",0.9999994,6.3104835e-07,1
"images/TEST/MSIH/TCGA-D5-6530-01Z-00-DX1.5c4bbcd1-51ba-467d-93f9-f2a9e7c5e010_(10963,58524).jpg",0.9999999,1.4386413e-07,1
"images/TEST/MSIH/TCGA-AZ-6598-01Z-00-DX1.1fc4cd61-4524-413b-b36d-ad438785bc06_(91422,59224).jpg",0.9999999,1.2175893e-07,1
"images/TEST/MSIH/TCGA-AA-3877-01Z-00-DX1.36902310-bc0b-4437-9f86-6df85703e0ad_(70031,87547).jpg",0.99999964,3.3633748e-07,1
"images/TEST/MSIH/TCGA-AD-A5EJ-01Z-00-DX1.FA56CEAF-8B70-45EF-A2C9-8AA7BEB3D88A_(12918,21059).jpg",0.99999857,1.4163036e-06,1
"images/TEST/MSIH/TCGA-AD-A5EJ-01Z-00-DX1.FA56CEAF-8B70-45EF-A2C9-8AA7BEB3D88A_(7838,19027).jpg",0.99999917,8.1556925e-07,1
"images/TEST/MSIH/TCGA-D5-6530-01Z-00-DX1.5c4bbcd1-51ba-467d-93f9-f2a9e7c5e010_(45507,69700).jpg",0.9999994,5.5238104e-07,1
"images/TEST/MSIH/TCGA-AA-3715-01Z-00-DX1.24d6e746-ad61-4587-a2b9-8903331b279c_(62720,31752).jpg",0.9999999,1.3924281e-07,1
"images/TEST/MSIH/TCGA-AA-3715-01Z-00-DX1.24d6e746-ad61-4587-a2b9-8903331b279c_(52811,46065).jpg",0.9999937,6.344763e-06,1
"images/TEST/MSIH/TCGA-D5-6530-01Z-00-DX1.5c4bbcd1-51ba-467d-93f9-f2a9e7c5e010_(45507,63604).jpg",0.9999989,1.0892849e-06,1
"images/TEST/MSIH/TCGA-D5-6530-01Z-00-DX1.5c4bbcd1-51ba-467d-93f9-f2a9e7c5e010_(56683,73764).jpg",0.99999964,3.4449775e-07,1
"images/TEST/MSIH/TCGA-CM-4746-01Z-00-DX1.c83b9795-bf45-4100-9052-a7e485e0f770_(91053,41427).jpg",0.9999999,1.2113742e-07,1
"images/TEST/MSIH/TCGA-CK-6746-01Z-00-DX1.0aae8eec-1e82-494b-8779-d79fea8bec0c_(31768,46533).jpg",0.9999995,4.772525e-07,1
"images/TEST/MSIH/TCGA-CK-6747-01Z-00-DX1.7824596c-84db-4bee-b149-cd8f617c285f_(6304,23262).jpg",0.9999987,1.3013491e-06,1
"images/TEST/MSIH/TCGA-CM-6674-01Z-00-DX1.4a08b16a-788e-43dc-85d2-baff6e911de2_(34716,65553).jpg",0.9999993,7.479369e-07,1
"images/TEST/MSIH/TCGA-AA-3811-01Z-00-DX1.369d7946-911e-4e97-8ae7-32ef12b6b106_(13637,106934).jpg",0.9999993,6.800736e-07,1
"images/TEST/MSIH/TCGA-CM-6674-01Z-00-DX1.4a08b16a-788e-43dc-85d2-baff6e911de2_(20492,66569).jpg",0.9999995,4.7270646e-07,1
"images/TEST/MSIH/TCGA-AA-3877-01Z-00-DX1.36902310-bc0b-4437-9f86-6df85703e0ad_(52415,68830).jpg",0.99999833,1.7186421e-06,1
"images/TEST/MSIH/TCGA-QG-A5Z2-01Z-00-DX2.F2352352-8F00-4BB3-8A62-8D1C1E374F95_(11328,49111).jpg",0.9999987,1.3583957e-06,1
"images/TEST/MSIH/TCGA-D5-6530-01Z-00-DX1.5c4bbcd1-51ba-467d-93f9-f2a9e7c5e010_(9947,56492).jpg",0.99999964,3.6300742e-07,1
"images/TEST/MSIH/TCGA-CK-6746-01Z-00-DX1.0aae8eec-1e82-494b-8779-d79fea8bec0c_(56152,41453).jpg",0.9999995,4.257096e-07,1
"images/TEST/MSIH/TCGA-AA-3950-01Z-00-DX1.2a81cf11-4c16-4e9e-8809-6f63152060da_(44241,72303).jpg",0.9999999,9.965956e-08,1
"images/TEST/MSIH/TCGA-AA-3715-01Z-00-DX1.24d6e746-ad61-4587-a2b9-8903331b279c_(73730,48267).jpg",0.9999995,4.3287235e-07,1
"images/TEST/MSIH/TCGA-AA-3811-01Z-00-DX1.369d7946-911e-4e97-8ae7-32ef12b6b106_(8132,103631).jpg",0.9999999,1.6372864e-07,1
"images/TEST/MSIH/TCGA-AD-6895-01Z-00-DX1.7FB1FBC6-683B-4285-89D1-A7A20F07A9D4_(7811,4925).jpg",0.99999964,3.2603143e-07,1
"images/TEST/MSIH/TCGA-CM-6674-01Z-00-DX1.4a08b16a-788e-43dc-85d2-baff6e911de2_(102788,59457).jpg",0.9999993,7.5378796e-07,1
"images/TEST/MSIH/TCGA-AA-A01P-01Z-00-DX1.D7AAA4F0-C956-4346-8948-DADACDFB3B69_(41410,57055).jpg",0.9999995,5.053498e-07,1
"images/TEST/MSIH/TCGA-AA-3715-01Z-00-DX1.24d6e746-ad61-4587-a2b9-8903331b279c_(40700,44964).jpg",0.99999964,3.8531945e-07,1
"images/TEST/MSIH/TCGA-D5-6927-01Z-00-DX1.ff21d627-dbb8-4200-937b-f8be8b86b6d4_(68422,13443).jpg",0.99999964,2.9851861e-07,1
"images/TEST/MSIH/TCGA-F4-6703-01Z-00-DX1.28225f5d-d880-4605-831f-f22ec0272cde_(68944,45653).jpg",0.9999999,1.4732156e-07,1
"images/TEST/MSIH/TCGA-AD-A5EJ-01Z-00-DX1.FA56CEAF-8B70-45EF-A2C9-8AA7BEB3D88A_(21046,26139).jpg",0.9999976,2.3302514e-06,1
"images/TEST/MSIH/TCGA-G4-6309-01Z-00-DX1.3eb20fdc-eb86-4bd5-8194-76b02d4fa472_(55790,56390).jpg",0.99999905,9.1172325e-07,1
"images/TEST/MSIH/TCGA-AA-3950-01Z-00-DX1.2a81cf11-4c16-4e9e-8809-6f63152060da_(49746,83313).jpg",0.9999995,5.113604e-07,1
"images/TEST/MSIH/TCGA-D5-6927-01Z-00-DX1.ff21d627-dbb8-4200-937b-f8be8b86b6d4_(73502,4299).jpg",0.9999974,2.6662774e-06,1
"images/TEST/MSIH/TCGA-AD-A5EJ-01Z-00-DX1.FA56CEAF-8B70-45EF-A2C9-8AA7BEB3D88A_(11902,20043).jpg",0.99999917,8.0074335e-07,1
"images/TEST/MSIH/TCGA-AA-3811-01Z-00-DX1.369d7946-911e-4e97-8ae7-32ef12b6b106_(4829,90419).jpg",0.9999999,6.477912e-08,1
"images/TEST/MSIH/TCGA-AD-A5EJ-01Z-00-DX1.FA56CEAF-8B70-45EF-A2C9-8AA7BEB3D88A_(23078,14963).jpg",0.99999964,3.1048575e-07,1
"images/TEST/MSIH/TCGA-F4-6703-01Z-00-DX1.28225f5d-d880-4605-831f-f22ec0272cde_(100440,52765).jpg",0.9999994,5.71471e-07,1
"images/TEST/MSIH/TCGA-CK-6747-01Z-00-DX1.7824596c-84db-4bee-b149-cd8f617c285f_(33736,28342).jpg",0.9999995,4.6298206e-07,1
"images/TEST/MSIH/TCGA-D5-6530-01Z-00-DX1.5c4bbcd1-51ba-467d-93f9-f2a9e7c5e010_(30267,59540).jpg",0.99999976,2.1111974e-07,1
"images/TEST/MSIH/TCGA-AA-3950-01Z-00-DX1.2a81cf11-4c16-4e9e-8809-6f63152060da_(36534,82212).jpg",0.99999833,1.6644725e-06,1
"images/TEST/MSIH/TCGA-D5-6927-01Z-00-DX1.ff21d627-dbb8-4200-937b-f8be8b86b6d4_(79598,12427).jpg",0.9999995,4.929989e-07,1
"images/TEST/MSIH/TCGA-AA-3715-01Z-00-DX1.24d6e746-ad61-4587-a2b9-8903331b279c_(36296,54873).jpg",0.9999999,1.4317293e-07,1
"images/TEST/MSIH/TCGA-CM-6674-01Z-00-DX1.4a08b16a-788e-43dc-85d2-baff6e911de2_(38780,81809).jpg",0.99999976,2.8677997e-07,1
"images/TEST/MSIH/TCGA-AD-A5EJ-01Z-00-DX1.FA56CEAF-8B70-45EF-A2C9-8AA7BEB3D88A_(15966,13947).jpg",0.99999976,2.4075754e-07,1
"images/TEST/MSIH/TCGA-A6-6653-01Z-00-DX1.e130666d-2681-4382-9e7a-4a4d27cb77a4_(92380,16554).jpg",0.9999993,7.31585e-07,1
"images/TEST/MSIH/TCGA-AA-3877-01Z-00-DX1.36902310-bc0b-4437-9f86-6df85703e0ad_(52415,95254).jpg",0.99999964,3.554916e-07,1
"images/TEST/MSIH/TCGA-AD-A5EJ-01Z-00-DX1.FA56CEAF-8B70-45EF-A2C9-8AA7BEB3D88A_(25110,21059).jpg",0.99999976,2.695683e-07,1
"images/TEST/MSIH/TCGA-CM-4746-01Z-00-DX1.c83b9795-bf45-4100-9052-a7e485e0f770_(23997,11963).jpg",0.99999917,7.8682604e-07,1
"images/TEST/MSIH/TCGA-AA-3950-01Z-00-DX1.2a81cf11-4c16-4e9e-8809-6f63152060da_(48645,87717).jpg",0.9999994,5.525523e-07,1
"images/TEST/MSIH/TCGA-AA-3811-01Z-00-DX1.369d7946-911e-4e97-8ae7-32ef12b6b106_(7031,109136).jpg",0.99999905,9.0431325e-07,1
"images/TEST/MSIH/TCGA-AA-3950-01Z-00-DX1.2a81cf11-4c16-4e9e-8809-6f63152060da_(46443,71202).jpg",0.9999999,1.1003653e-07,1
"images/TEST/MSIH/TCGA-CM-4746-01Z-00-DX1.c83b9795-bf45-4100-9052-a7e485e0f770_(31109,36347).jpg",0.9999994,5.860008e-07,1
"images/TEST/MSIH/TCGA-G4-6309-01Z-00-DX1.3eb20fdc-eb86-4bd5-8194-76b02d4fa472_(67982,47246).jpg",0.9999999,1.543534e-07,1
"images/TEST/MSIH/TCGA-AD-6889-01Z-00-DX1.5269A81E-5391-4875-8F2A-6505BC5BBFD9_(35203,43822).jpg",0.9999999,1.5460252e-07,1
"images/TEST/MSIH/TCGA-AA-3864-01Z-00-DX1.f6992bc7-ba05-4c30-9500-8f7b07b30f9a_(11396,11324).jpg",0.9999999,1.2054358e-07,1
"images/TEST/MSIH/TCGA-AA-3811-01Z-00-DX1.369d7946-911e-4e97-8ae7-32ef12b6b106_(19142,89318).jpg",0.9999988,1.1852582e-06,1
"images/TEST/MSIH/TCGA-G4-6309-01Z-00-DX1.3eb20fdc-eb86-4bd5-8194-76b02d4fa472_(60870,52326).jpg",0.99999976,2.8900797e-07,1
"images/TEST/MSIH/TCGA-AA-3950-01Z-00-DX1.2a81cf11-4c16-4e9e-8809-6f63152060da_(57453,65697).jpg",0.9999999,1.13441686e-07,1
"images/TEST/MSIH/TCGA-D5-6927-01Z-00-DX1.ff21d627-dbb8-4200-937b-f8be8b86b6d4_(75534,11411).jpg",0.9999993,7.182673e-07,1
"images/TEST/MSIH/TCGA-D5-6530-01Z-00-DX1.5c4bbcd1-51ba-467d-93f9-f2a9e7c5e010_(44491,72748).jpg",0.999998,2.0044226e-06,1
"images/TEST/MSIH/TCGA-AA-3950-01Z-00-DX1.2a81cf11-4c16-4e9e-8809-6f63152060da_(38736,88818).jpg",0.99999964,3.535459e-07,1
"images/TEST/MSIH/TCGA-CM-4746-01Z-00-DX1.c83b9795-bf45-4100-9052-a7e485e0f770_(31109,23139).jpg",0.99999964,4.104514e-07,1
"images/TEST/MSIH/TCGA-AA-3864-01Z-00-DX1.f6992bc7-ba05-4c30-9500-8f7b07b30f9a_(19103,20132).jpg",0.99999964,3.9978295e-07,1
"images/TEST/MSIH/TCGA-CM-4746-01Z-00-DX1.c83b9795-bf45-4100-9052-a7e485e0f770_(53461,9931).jpg",0.99999845,1.5961041e-06,1
"images/TEST/MSIH/TCGA-QG-A5Z2-01Z-00-DX2.F2352352-8F00-4BB3-8A62-8D1C1E374F95_(26523,26825).jpg",0.9999999,1.7259184e-07,1
"images/TEST/MSIH/TCGA-G4-6309-01Z-00-DX1.3eb20fdc-eb86-4bd5-8194-76b02d4fa472_(31406,61470).jpg",0.99999964,3.4975267e-07,1
"images/TEST/MSIH/TCGA-CM-4746-01Z-00-DX1.c83b9795-bf45-4100-9052-a7e485e0f770_(33141,6883).jpg",0.9999999,1.1420033e-07,1
"images/TEST/MSIH/TCGA-AA-3715-01Z-00-DX1.24d6e746-ad61-4587-a2b9-8903331b279c_(15377,47166).jpg",0.9999995,4.7599798e-07,1
"images/TEST/MSIH/TCGA-QG-A5Z2-01Z-00-DX1.51896C31-235E-48EF-90F7-FC05350CA564_(62488,23581).jpg",0.9999958,4.184437e-06,1
"images/TEST/MSIH/TCGA-AA-A01P-01Z-00-DX1.D7AAA4F0-C956-4346-8948-DADACDFB3B69_(35905,57055).jpg",0.99999917,8.1813215e-07,1
"images/TEST/MSIH/TCGA-AZ-6598-01Z-00-DX1.1fc4cd61-4524-413b-b36d-ad438785bc06_(59926,52112).jpg",0.99999976,1.8889006e-07,1
"images/TEST/MSIH/TCGA-D5-6530-01Z-00-DX1.5c4bbcd1-51ba-467d-93f9-f2a9e7c5e010_(29251,60556).jpg",0.99999917,7.9328385e-07,1
"images/TEST/MSIH/TCGA-CK-6746-01Z-00-DX1.0aae8eec-1e82-494b-8779-d79fea8bec0c_(43960,57709).jpg",0.9999999,9.610049e-08,1
"images/TEST/MSIH/TCGA-CM-4743-01Z-00-DX1.f54a6355-5623-498c-96b9-2ff1de6576c6_(71883,50081).jpg",0.9999999,1.4138918e-07,1
"images/TEST/MSIH/TCGA-CK-6747-01Z-00-DX1.7824596c-84db-4bee-b149-cd8f617c285f_(48976,12086).jpg",1.0,5.040935e-08,1
"images/TEST/MSIH/TCGA-CM-4746-01Z-00-DX1.c83b9795-bf45-4100-9052-a7e485e0f770_(80893,8915).jpg",0.99999845,1.5220838e-06,1
"images/TEST/MSIH/TCGA-G4-6309-01Z-00-DX1.3eb20fdc-eb86-4bd5-8194-76b02d4fa472_(88302,41150).jpg",0.99999964,3.1010904e-07,1
"images/TEST/MSIH/TCGA-AD-A5EJ-01Z-00-DX1.FA56CEAF-8B70-45EF-A2C9-8AA7BEB3D88A_(19014,33251).jpg",0.9999989,1.0385863e-06,1
"images/TEST/MSIH/TCGA-QG-A5Z2-01Z-00-DX2.F2352352-8F00-4BB3-8A62-8D1C1E374F95_(15380,28851).jpg",0.9999995,4.6406643e-07,1
"images/TEST/MSIH/TCGA-AA-3877-01Z-00-DX1.36902310-bc0b-4437-9f86-6df85703e0ad_(45809,82042).jpg",0.99999964,2.991693e-07,1
"images/TEST/MSIH/TCGA-D5-6927-01Z-00-DX1.ff21d627-dbb8-4200-937b-f8be8b86b6d4_(78582,14459).jpg",0.9999995,4.9001676e-07,1
"images/TEST/MSIH/TCGA-AA-A01P-01Z-00-DX1.D7AAA4F0-C956-4346-8948-DADACDFB3B69_(31501,79075).jpg",0.99999976,2.8640935e-07,1
"images/TEST/MSIH/TCGA-AA-3877-01Z-00-DX1.36902310-bc0b-4437-9f86-6df85703e0ad_(49112,75436).jpg",0.9999994,6.1786153e-07,1
"images/TEST/MSIH/TCGA-AD-6895-01Z-00-DX1.7FB1FBC6-683B-4285-89D1-A7A20F07A9D4_(8827,11021).jpg",0.99999976,2.2724315e-07,1
"images/TEST/MSIH/TCGA-CM-4746-01Z-00-DX1.c83b9795-bf45-4100-9052-a7e485e0f770_(30093,27203).jpg",0.99999976,2.5814245e-07,1
"images/TEST/MSIH/TCGA-AA-A01P-01Z-00-DX1.D7AAA4F0-C956-4346-8948-DADACDFB3B69_(27097,77974).jpg",0.9999994,5.5794226e-07,1
"images/TEST/MSIH/TCGA-AA-3950-01Z-00-DX1.2a81cf11-4c16-4e9e-8809-6f63152060da_(34332,87717).jpg",0.9999999,9.3478924e-08,1
"images/TEST/MSIH/TCGA-A6-6653-01Z-00-DX1.e130666d-2681-4382-9e7a-4a4d27cb77a4_(98476,6394).jpg",0.99999976,2.3301486e-07,1
"images/TEST/MSIH/TCGA-QG-A5Z2-01Z-00-DX2.F2352352-8F00-4BB3-8A62-8D1C1E374F95_(71095,77475).jpg",0.99999964,4.16927e-07,1
"images/TEST/MSIH/TCGA-CM-4743-01Z-00-DX1.f54a6355-5623-498c-96b9-2ff1de6576c6_(51563,60241).jpg",0.9999993,6.807387e-07,1
"images/TEST/MSIH/TCGA-D5-6530-01Z-00-DX1.5c4bbcd1-51ba-467d-93f9-f2a9e7c5e010_(58715,75796).jpg",0.9999993,6.608437e-07,1
"images/TEST/MSIH/TCGA-AA-3715-01Z-00-DX1.24d6e746-ad61-4587-a2b9-8903331b279c_(52811,32853).jpg",0.9999994,6.148872e-07,1
"images/TEST/MSIH/TCGA-AZ-6598-01Z-00-DX1.1fc4cd61-4524-413b-b36d-ad438785bc06_(29446,67352).jpg",0.9999994,5.644174e-07,1
"images/TEST/MSIH/TCGA-AA-A01P-01Z-00-DX1.D7AAA4F0-C956-4346-8948-DADACDFB3B69_(60127,92287).jpg",0.9999995,4.6601647e-07,1
"images/TEST/MSIH/TCGA-D5-6927-01Z-00-DX1.ff21d627-dbb8-4200-937b-f8be8b86b6d4_(90774,9379).jpg",0.99999976,2.2766136e-07,1
"images/TEST/MSIH/TCGA-F4-6703-01Z-00-DX1.28225f5d-d880-4605-831f-f22ec0272cde_(66912,57845).jpg",0.9999995,5.0296796e-07,1
"images/TEST/MSIH/TCGA-QG-A5Z2-01Z-00-DX2.F2352352-8F00-4BB3-8A62-8D1C1E374F95_(22471,66332).jpg",0.9999995,5.0940855e-07,1
"images/TEST/MSIH/TCGA-AD-6889-01Z-00-DX1.5269A81E-5391-4875-8F2A-6505BC5BBFD9_(13867,19438).jpg",0.99999976,2.2222858e-07,1
"images/TEST/MSIH/TCGA-CK-6747-01Z-00-DX1.7824596c-84db-4bee-b149-cd8f617c285f_(23576,29358).jpg",0.99999964,4.135381e-07,1
"images/TEST/MSIH/TCGA-AD-6895-01Z-00-DX1.7FB1FBC6-683B-4285-89D1-A7A20F07A9D4_(13907,5941).jpg",0.9999999,1.6450275e-07,1
"images/TEST/MSIH/TCGA-CM-6674-01Z-00-DX1.4a08b16a-788e-43dc-85d2-baff6e911de2_(54020,60473).jpg",0.99999917,8.689061e-07,1
"images/TEST/MSIH/TCGA-AA-3715-01Z-00-DX1.24d6e746-ad61-4587-a2b9-8903331b279c_(32993,53772).jpg",0.99999833,1.7019158e-06,1
"images/TEST/MSIH/TCGA-AA-3715-01Z-00-DX1.24d6e746-ad61-4587-a2b9-8903331b279c_(24185,49368).jpg",0.99999666,3.2878363e-06,1
"images/TEST/MSIH/TCGA-QG-A5Z2-01Z-00-DX1.51896C31-235E-48EF-90F7-FC05350CA564_(76670,32698).jpg",0.99999976,2.7825956e-07,1
"images/TEST/MSIH/TCGA-D5-6530-01Z-00-DX1.5c4bbcd1-51ba-467d-93f9-f2a9e7c5e010_(52619,68684).jpg",0.99999976,2.6561182e-07,1
"images/TEST/MSIH/TCGA-AA-3864-01Z-00-DX1.f6992bc7-ba05-4c30-9500-8f7b07b30f9a_(19103,17930).jpg",0.9999999,1.5675958e-07,1
"images/TEST/MSIH/TCGA-CM-6674-01Z-00-DX1.4a08b16a-788e-43dc-85d2-baff6e911de2_(96692,56409).jpg",0.9999999,1.5978921e-07,1
"images/TEST/MSIH/TCGA-AD-6895-01Z-00-DX1.7FB1FBC6-683B-4285-89D1-A7A20F07A9D4_(17971,10005).jpg",0.99999905,9.466923e-07,1
"images/TEST/MSIH/TCGA-CM-4746-01Z-00-DX1.c83b9795-bf45-4100-9052-a7e485e0f770_(99181,46507).jpg",0.99999976,2.8056317e-07,1
"images/TEST/MSIH/TCGA-QG-A5Z2-01Z-00-DX2.F2352352-8F00-4BB3-8A62-8D1C1E374F95_(34627,74436).jpg",0.99999964,3.798405e-07,1
"images/TEST/MSIH/TCGA-D5-6530-01Z-00-DX1.5c4bbcd1-51ba-467d-93f9-f2a9e7c5e010_(61763,73764).jpg",0.99999976,2.2921816e-07,1
"images/TEST/MSIH/TCGA-D5-6530-01Z-00-DX1.5c4bbcd1-51ba-467d-93f9-f2a9e7c5e010_(64811,71732).jpg",0.9999993,7.487133e-07,1
"images/TEST/MSIH/TCGA-AZ-6598-01Z-00-DX1.1fc4cd61-4524-413b-b36d-ad438785bc06_(86342,67352).jpg",0.9999993,7.2086124e-07,1
"images/TEST/MSIH/TCGA-QG-A5Z2-01Z-00-DX1.51896C31-235E-48EF-90F7-FC05350CA564_(80722,48906).jpg",0.9999999,1.3763609e-07,1
"images/TEST/MSIH/TCGA-G4-6309-01Z-00-DX1.3eb20fdc-eb86-4bd5-8194-76b02d4fa472_(92366,32006).jpg",0.99999964,4.055314e-07,1
"images/TEST/MSIH/TCGA-AA-3950-01Z-00-DX1.2a81cf11-4c16-4e9e-8809-6f63152060da_(43140,82212).jpg",0.9999999,1.4110846e-07,1
"images/TEST/MSIH/TCGA-AA-A01P-01Z-00-DX1.D7AAA4F0-C956-4346-8948-DADACDFB3B69_(31501,75772).jpg",0.99999964,3.8540804e-07,1
"images/TEST/MSIH/TCGA-AD-6889-01Z-00-DX1.5269A81E-5391-4875-8F2A-6505BC5BBFD9_(6755,36710).jpg",0.9999999,1.6616336e-07,1
"images/TEST/MSIH/TCGA-AZ-6598-01Z-00-DX1.1fc4cd61-4524-413b-b36d-ad438785bc06_(34526,51096).jpg",0.99999905,9.070366e-07,1
"images/TEST/MSIH/TCGA-CK-6747-01Z-00-DX1.7824596c-84db-4bee-b149-cd8f617c285f_(14432,38502).jpg",0.99999976,2.3378925e-07,1
"images/TEST/MSIH/TCGA-AA-3811-01Z-00-DX1.369d7946-911e-4e97-8ae7-32ef12b6b106_(13637,112439).jpg",0.99999976,2.9654493e-07,1
"images/TEST/MSIH/TCGA-F4-6703-01Z-00-DX1.28225f5d-d880-4605-831f-f22ec0272cde_(76056,40573).jpg",0.99999976,2.9544685e-07,1
"images/TEST/MSIH/TCGA-D5-6530-01Z-00-DX1.5c4bbcd1-51ba-467d-93f9-f2a9e7c5e010_(35347,65636).jpg",0.9999981,1.857554e-06,1
"images/TEST/MSIH/TCGA-A6-6653-01Z-00-DX1.e130666d-2681-4382-9e7a-4a4d27cb77a4_(95428,20618).jpg",0.99999917,8.1828904e-07,1
"images/TEST/MSIH/TCGA-AA-3715-01Z-00-DX1.24d6e746-ad61-4587-a2b9-8903331b279c_(14276,49368).jpg",0.9999995,4.248765e-07,1
"images/TEST/MSIH/TCGA-QG-A5Z2-01Z-00-DX2.F2352352-8F00-4BB3-8A62-8D1C1E374F95_(11328,59241).jpg",0.99999964,3.7591178e-07,1
"images/TEST/MSIH/TCGA-CK-6746-01Z-00-DX1.0aae8eec-1e82-494b-8779-d79fea8bec0c_(62248,33325).jpg",0.99999964,3.4835188e-07,1
"images/TEST/MSIH/TCGA-AD-A5EJ-01Z-00-DX1.FA56CEAF-8B70-45EF-A2C9-8AA7BEB3D88A_(20030,18011).jpg",0.9999993,7.1136304e-07,1
"images/TEST/MSIH/TCGA-QG-A5Z2-01Z-00-DX2.F2352352-8F00-4BB3-8A62-8D1C1E374F95_(27536,22773).jpg",0.9999995,5.127296e-07,1
"images/TEST/MSIH/TCGA-AA-3715-01Z-00-DX1.24d6e746-ad61-4587-a2b9-8903331b279c_(40700,50469).jpg",0.99999917,7.9619804e-07,1
"images/TEST/MSIH/TCGA-CM-4743-01Z-00-DX1.f54a6355-5623-498c-96b9-2ff1de6576c6_(69851,27729).jpg",0.9999994,6.221981e-07,1
"images/TEST/MSIH/TCGA-CM-6674-01Z-00-DX1.4a08b16a-788e-43dc-85d2-baff6e911de2_(63164,63521).jpg",0.99999964,3.476848e-07,1
"images/TEST/MSIH/TCGA-CK-6747-01Z-00-DX1.7824596c-84db-4bee-b149-cd8f617c285f_(69296,31390).jpg",0.99999917,7.8926854e-07,1
"images/TEST/MSIH/TCGA-QG-A5Z2-01Z-00-DX1.51896C31-235E-48EF-90F7-FC05350CA564_(87813,23581).jpg",0.9999999,8.4094815e-08,1
"images/TEST/MSIH/TCGA-AA-3950-01Z-00-DX1.2a81cf11-4c16-4e9e-8809-6f63152060da_(54150,86616).jpg",0.9999994,6.1760704e-07,1
"images/TEST/MSIH/TCGA-CM-6674-01Z-00-DX1.4a08b16a-788e-43dc-85d2-baff6e911de2_(71292,64537).jpg",0.99999976,2.618872e-07,1
"images/TEST/MSIH/TCGA-AD-6895-01Z-00-DX1.7FB1FBC6-683B-4285-89D1-A7A20F07A9D4_(4763,10005).jpg",0.9999994,5.400557e-07,1
"images/TEST/MSIH/TCGA-CM-4743-01Z-00-DX1.f54a6355-5623-498c-96b9-2ff1de6576c6_(84075,70401).jpg",0.9999999,1.3017856e-07,1
"images/TEST/MSIH/TCGA-CK-6746-01Z-00-DX1.0aae8eec-1e82-494b-8779-d79fea8bec0c_(45992,51613).jpg",0.99999964,3.7095555e-07,1
"images/TEST/MSIH/TCGA-QG-A5Z2-01Z-00-DX1.51896C31-235E-48EF-90F7-FC05350CA564_(64514,72205).jpg",0.9999989,1.1269922e-06,1
"images/TEST/MSIH/TCGA-F4-6703-01Z-00-DX1.28225f5d-d880-4605-831f-f22ec0272cde_(94344,45653).jpg",0.9999987,1.3654379e-06,1
"images/TEST/MSIH/TCGA-CM-4746-01Z-00-DX1.c83b9795-bf45-4100-9052-a7e485e0f770_(51429,11963).jpg",0.9999994,6.508385e-07,1
"images/TEST/MSIH/TCGA-AZ-6598-01Z-00-DX1.1fc4cd61-4524-413b-b36d-ad438785bc06_(58910,38904).jpg",0.9999999,9.280031e-08,1
"images/TEST/MSIH/TCGA-AA-3715-01Z-00-DX1.24d6e746-ad61-4587-a2b9-8903331b279c_(46205,51570).jpg",0.9999995,5.2144856e-07,1
"images/TEST/MSIH/TCGA-G4-6309-01Z-00-DX1.3eb20fdc-eb86-4bd5-8194-76b02d4fa472_(59854,60454).jpg",0.9999987,1.3476227e-06,1
"images/TEST/MSIH/TCGA-D5-6927-01Z-00-DX1.ff21d627-dbb8-4200-937b-f8be8b86b6d4_(71470,16491).jpg",0.9999994,5.534504e-07,1
"images/TEST/MSIH/TCGA-AA-3877-01Z-00-DX1.36902310-bc0b-4437-9f86-6df85703e0ad_(49112,78739).jpg",0.99999964,3.03008e-07,1
"images/TEST/MSIH/TCGA-CM-4746-01Z-00-DX1.c83b9795-bf45-4100-9052-a7e485e0f770_(13837,10947).jpg",0.9999918,8.222127e-06,1
"images/TEST/MSIH/TCGA-AA-3715-01Z-00-DX1.24d6e746-ad61-4587-a2b9-8903331b279c_(26387,48267).jpg",0.9999989,1.0855888e-06,1
"images/TEST/MSIH/TCGA-D5-6927-01Z-00-DX1.ff21d627-dbb8-4200-937b-f8be8b86b6d4_(73502,5315).jpg",0.99999976,1.8635055e-07,1
"images/TEST/MSIH/TCGA-QG-A5Z2-01Z-00-DX2.F2352352-8F00-4BB3-8A62-8D1C1E374F95_(22471,23786).jpg",0.9999999,1.2324941e-07,1
"images/TEST/MSIH/TCGA-AA-3950-01Z-00-DX1.2a81cf11-4c16-4e9e-8809-6f63152060da_(48645,67899).jpg",0.9999999,1.1363833e-07,1
"images/TEST/MSIH/TCGA-AA-3950-01Z-00-DX1.2a81cf11-4c16-4e9e-8809-6f63152060da_(38736,72303).jpg",0.9999994,6.284988e-07,1
"images/TEST/MSIH/TCGA-AA-3715-01Z-00-DX1.24d6e746-ad61-4587-a2b9-8903331b279c_(52811,42762).jpg",0.9999918,8.18203e-06,1
"images/TEST/MSIH/TCGA-CM-4743-01Z-00-DX1.f54a6355-5623-498c-96b9-2ff1de6576c6_(34291,63289).jpg",0.99999964,3.8396698e-07,1
"images/TEST/MSIH/TCGA-CK-6746-01Z-00-DX1.0aae8eec-1e82-494b-8779-d79fea8bec0c_(44976,45517).jpg",1.0,2.962972e-08,1
"images/TEST/MSIH/TCGA-AD-A5EJ-01Z-00-DX1.FA56CEAF-8B70-45EF-A2C9-8AA7BEB3D88A_(26126,20043).jpg",0.99999976,2.0338382e-07,1
"images/TEST/MSIH/TCGA-G4-6309-01Z-00-DX1.3eb20fdc-eb86-4bd5-8194-76b02d4fa472_(31406,57406).jpg",0.99999917,8.451529e-07,1
"images/TEST/MSIH/TCGA-D5-6927-01Z-00-DX1.ff21d627-dbb8-4200-937b-f8be8b86b6d4_(73502,10395).jpg",0.9999994,6.317758e-07,1
"images/TEST/MSIH/TCGA-CM-4746-01Z-00-DX1.c83b9795-bf45-4100-9052-a7e485e0f770_(56509,24155).jpg",0.99999964,3.126432e-07,1
"images/TEST/MSIH/TCGA-AA-3715-01Z-00-DX1.24d6e746-ad61-4587-a2b9-8903331b279c_(29690,51570).jpg",0.99999917,8.0819126e-07,1
"images/TEST/MSIH/TCGA-AA-3811-01Z-00-DX1.369d7946-911e-4e97-8ae7-32ef12b6b106_(9233,111338).jpg",0.99999976,2.317534e-07,1
"images/TEST/MSIH/TCGA-F4-6703-01Z-00-DX1.28225f5d-d880-4605-831f-f22ec0272cde_(62848,59877).jpg",0.9999999,1.2401709e-07,1
"images/TEST/MSIH/TCGA-AA-3715-01Z-00-DX1.24d6e746-ad61-4587-a2b9-8903331b279c_(57215,33954).jpg",0.99999905,9.409317e-07,1
"images/TEST/MSIH/TCGA-G4-6309-01Z-00-DX1.3eb20fdc-eb86-4bd5-8194-76b02d4fa472_(39534,62486).jpg",0.9999995,4.3573644e-07,1
"images/TEST/MSIH/TCGA-QG-A5Z2-01Z-00-DX1.51896C31-235E-48EF-90F7-FC05350CA564_(39189,17503).jpg",0.9999994,5.6201054e-07,1
"images/TEST/MSIH/TCGA-QG-A5Z2-01Z-00-DX2.F2352352-8F00-4BB3-8A62-8D1C1E374F95_(36653,69371).jpg",0.9999999,1.7290883e-07,1
"images/TEST/MSIH/TCGA-QG-A5Z2-01Z-00-DX2.F2352352-8F00-4BB3-8A62-8D1C1E374F95_(21458,23786).jpg",0.9999995,4.942388e-07,1
"images/TEST/MSIH/TCGA-CK-6747-01Z-00-DX1.7824596c-84db-4bee-b149-cd8f617c285f_(83520,15134).jpg",0.99999917,8.5530525e-07,1
"images/TEST/MSIH/TCGA-AA-3715-01Z-00-DX1.24d6e746-ad61-4587-a2b9-8903331b279c_(34094,48267).jpg",0.99999917,8.428484e-07,1
"images/TEST/MSIH/TCGA-AA-A01P-01Z-00-DX1.D7AAA4F0-C956-4346-8948-DADACDFB3B69_(29299,70267).jpg",0.99999964,3.900932e-07,1
"images/TEST/MSIH/TCGA-CM-4746-01Z-00-DX1.c83b9795-bf45-4100-9052-a7e485e0f770_(58541,26187).jpg",0.99999976,2.3194177e-07,1
"images/TEST/MSIH/TCGA-F4-6703-01Z-00-DX1.28225f5d-d880-4605-831f-f22ec0272cde_(80120,56829).jpg",0.9999999,7.916252e-08,1
"images/TEST/MSIH/TCGA-QG-A5Z2-01Z-00-DX1.51896C31-235E-48EF-90F7-FC05350CA564_(77683,41815).jpg",0.9999994,5.3737955e-07,1
"images/TEST/MSIH/TCGA-D5-6927-01Z-00-DX1.ff21d627-dbb8-4200-937b-f8be8b86b6d4_(89758,14459).jpg",0.9999987,1.2609895e-06,1
"images/TEST/MSIH/TCGA-CM-6674-01Z-00-DX1.4a08b16a-788e-43dc-85d2-baff6e911de2_(40812,62505).jpg",0.99999976,2.0050199e-07,1
"images/TEST/MSIH/TCGA-AA-3811-01Z-00-DX1.369d7946-911e-4e97-8ae7-32ef12b6b106_(16940,90419).jpg",0.9999999,1.7518076e-07,1
"images/TEST/MSIH/TCGA-AA-3950-01Z-00-DX1.2a81cf11-4c16-4e9e-8809-6f63152060da_(42039,81111).jpg",1.0,5.143458e-08,1
"images/TEST/MSIH/TCGA-AD-6889-01Z-00-DX1.5269A81E-5391-4875-8F2A-6505BC5BBFD9_(39267,16390).jpg",0.9999987,1.3664827e-06,1
"images/TEST/MSIH/TCGA-CK-6746-01Z-00-DX1.0aae8eec-1e82-494b-8779-d79fea8bec0c_(77488,46533).jpg",0.9999999,1.5824828e-07,1
"images/TEST/MSIH/TCGA-CM-4746-01Z-00-DX1.c83b9795-bf45-4100-9052-a7e485e0f770_(62605,31267).jpg",0.9999999,9.8295615e-08,1
"images/TEST/MSIH/TCGA-D5-6927-01Z-00-DX1.ff21d627-dbb8-4200-937b-f8be8b86b6d4_(71470,20555).jpg",0.9999999,1.5048475e-07,1
"images/TEST/MSIH/TCGA-CK-6746-01Z-00-DX1.0aae8eec-1e82-494b-8779-d79fea8bec0c_(50056,58725).jpg",0.9999999,9.230127e-08,1
"images/TEST/MSIH/TCGA-CK-6746-01Z-00-DX1.0aae8eec-1e82-494b-8779-d79fea8bec0c_(45992,41453).jpg",0.99999964,3.6035976e-07,1
"images/TEST/MSIH/TCGA-G4-6309-01Z-00-DX1.3eb20fdc-eb86-4bd5-8194-76b02d4fa472_(24294,62486).jpg",0.9999995,4.4311227e-07,1
"images/TEST/MSIH/TCGA-CK-6746-01Z-00-DX1.0aae8eec-1e82-494b-8779-d79fea8bec0c_(45992,39421).jpg",0.99999964,4.1509844e-07,1
"images/TEST/MSIH/TCGA-CM-4743-01Z-00-DX1.f54a6355-5623-498c-96b9-2ff1de6576c6_(70867,24681).jpg",0.99999976,2.760162e-07,1
"images/TEST/MSIH/TCGA-D5-6927-01Z-00-DX1.ff21d627-dbb8-4200-937b-f8be8b86b6d4_(80614,12427).jpg",0.99999964,3.3583655e-07,1
"images/TEST/MSIH/TCGA-QG-A5Z2-01Z-00-DX2.F2352352-8F00-4BB3-8A62-8D1C1E374F95_(65017,70384).jpg",0.99999964,3.8817456e-07,1
"images/TEST/MSIH/TCGA-AA-3877-01Z-00-DX1.36902310-bc0b-4437-9f86-6df85703e0ad_(49112,85345).jpg",0.99999976,2.1634119e-07,1
"images/TEST/MSIH/TCGA-CM-6674-01Z-00-DX1.4a08b16a-788e-43dc-85d2-baff6e911de2_(49956,72665).jpg",0.99999976,1.8933174e-07,1
"images/TEST/MSIH/TCGA-AZ-6598-01Z-00-DX1.1fc4cd61-4524-413b-b36d-ad438785bc06_(62974,40936).jpg",0.9999993,6.7651126e-07,1
"images/TEST/MSIH/TCGA-QG-A5Z2-01Z-00-DX2.F2352352-8F00-4BB3-8A62-8D1C1E374F95_(19432,65319).jpg",0.99999964,3.5074572e-07,1
"images/TEST/MSIH/TCGA-D5-6530-01Z-00-DX1.5c4bbcd1-51ba-467d-93f9-f2a9e7c5e010_(4867,48364).jpg",0.9999901,9.845744e-06,1
"images/TEST/MSIH/TCGA-AA-3715-01Z-00-DX1.24d6e746-ad61-4587-a2b9-8903331b279c_(49508,47166).jpg",0.99999917,8.0226215e-07,1
"images/TEST/MSIH/TCGA-AD-6889-01Z-00-DX1.5269A81E-5391-4875-8F2A-6505BC5BBFD9_(18947,2166).jpg",0.99999917,8.5540233e-07,1
"images/TEST/MSIH/TCGA-CK-6747-01Z-00-DX1.7824596c-84db-4bee-b149-cd8f617c285f_(65232,33422).jpg",0.9999993,6.623504e-07,1
"images/TEST/MSIH/TCGA-G4-6309-01Z-00-DX1.3eb20fdc-eb86-4bd5-8194-76b02d4fa472_(80174,47246).jpg",0.9999982,1.7771149e-06,1
"images/TEST/MSIH/TCGA-A6-6653-01Z-00-DX1.e130666d-2681-4382-9e7a-4a4d27cb77a4_(91364,11474).jpg",0.99999976,2.566412e-07,1
"images/TEST/MSIH/TCGA-AZ-6598-01Z-00-DX1.1fc4cd61-4524-413b-b36d-ad438785bc06_(41638,54144).jpg",0.9999995,4.2756247e-07,1
"images/TEST/MSIH/TCGA-AD-6895-01Z-00-DX1.7FB1FBC6-683B-4285-89D1-A7A20F07A9D4_(8827,2893).jpg",0.9999994,5.978271e-07,1
"images/TEST/MSIH/TCGA-AZ-6598-01Z-00-DX1.1fc4cd61-4524-413b-b36d-ad438785bc06_(35542,48048).jpg",0.99999774,2.2220452e-06,1
"images/TEST/MSIH/TCGA-F4-6703-01Z-00-DX1.28225f5d-d880-4605-831f-f22ec0272cde_(98408,62925).jpg",1.0,2.3343382e-08,1
"images/TEST/MSIH/TCGA-AA-3811-01Z-00-DX1.369d7946-911e-4e97-8ae7-32ef12b6b106_(8132,102530).jpg",0.99999976,2.6606335e-07,1
"images/TEST/MSIH/TCGA-AA-A01P-01Z-00-DX1.D7AAA4F0-C956-4346-8948-DADACDFB3B69_(64531,90085).jpg",0.99999976,1.9913584e-07,1
"images/TEST/MSIH/TCGA-AA-A01P-01Z-00-DX1.D7AAA4F0-C956-4346-8948-DADACDFB3B69_(35905,60358).jpg",0.9999995,4.8499476e-07,1
"images/TEST/MSIH/TCGA-CM-6674-01Z-00-DX1.4a08b16a-788e-43dc-85d2-baff6e911de2_(55036,68601).jpg",0.9999995,4.9965956e-07,1
"images/TEST/MSIH/TCGA-CM-6674-01Z-00-DX1.4a08b16a-788e-43dc-85d2-baff6e911de2_(27604,65553).jpg",0.99999905,9.559571e-07,1
"images/TEST/MSIH/TCGA-CM-6674-01Z-00-DX1.4a08b16a-788e-43dc-85d2-baff6e911de2_(70276,60473).jpg",0.99999976,2.0733312e-07,1
"images/TEST/MSIH/TCGA-AD-6895-01Z-00-DX1.7FB1FBC6-683B-4285-89D1-A7A20F07A9D4_(7811,8989).jpg",0.9999999,1.2054002e-07,1
"images/TEST/MSIH/TCGA-D5-6927-01Z-00-DX1.ff21d627-dbb8-4200-937b-f8be8b86b6d4_(67406,15475).jpg",0.9999987,1.3560852e-06,1
"images/TEST/MSIH/TCGA-CM-4746-01Z-00-DX1.c83b9795-bf45-4100-9052-a7e485e0f770_(20949,10947).jpg",0.99999905,9.322241e-07,1
"images/TEST/MSIH/TCGA-D5-6530-01Z-00-DX1.5c4bbcd1-51ba-467d-93f9-f2a9e7c5e010_(87163,68684).jpg",0.99999976,2.965568e-07,1
"images/TEST/MSIH/TCGA-AZ-6598-01Z-00-DX1.1fc4cd61-4524-413b-b36d-ad438785bc06_(70086,64304).jpg",0.9999999,1.2854296e-07,1
"images/TEST/MSIH/TCGA-D5-6927-01Z-00-DX1.ff21d627-dbb8-4200-937b-f8be8b86b6d4_(73502,6331).jpg",0.99999976,1.890876e-07,1
"images/TEST/MSIH/TCGA-CM-4743-01Z-00-DX1.f54a6355-5623-498c-96b9-2ff1de6576c6_(38355,80561).jpg",0.99999964,3.4773453e-07,1
"images/TEST/MSIH/TCGA-CM-6674-01Z-00-DX1.4a08b16a-788e-43dc-85d2-baff6e911de2_(46908,69617).jpg",0.99999976,2.593553e-07,1
"images/TEST/MSIH/TCGA-AA-3715-01Z-00-DX1.24d6e746-ad61-4587-a2b9-8903331b279c_(32993,44964).jpg",0.99999964,3.8617404e-07,1
"images/TEST/MSIH/TCGA-CM-6674-01Z-00-DX1.4a08b16a-788e-43dc-85d2-baff6e911de2_(80436,77745).jpg",0.9999957,4.3030623e-06,1
"images/TEST/MSIH/TCGA-CK-6746-01Z-00-DX1.0aae8eec-1e82-494b-8779-d79fea8bec0c_(44976,46533).jpg",0.99999976,2.678958e-07,1
"images/TEST/MSIH/TCGA-D5-6530-01Z-00-DX1.5c4bbcd1-51ba-467d-93f9-f2a9e7c5e010_(46523,70716).jpg",0.9999999,1.7279244e-07,1
"images/TEST/MSIH/TCGA-AA-3877-01Z-00-DX1.36902310-bc0b-4437-9f86-6df85703e0ad_(74435,84244).jpg",0.99999964,3.8116644e-07,1
"images/TEST/MSIH/TCGA-CM-4746-01Z-00-DX1.c83b9795-bf45-4100-9052-a7e485e0f770_(98165,42443).jpg",0.99999976,1.7922525e-07,1
"images/TEST/MSIH/TCGA-F4-6703-01Z-00-DX1.28225f5d-d880-4605-831f-f22ec0272cde_(57768,47685).jpg",0.9999995,4.5571986e-07,1
"images/TEST/MSIH/TCGA-CK-6746-01Z-00-DX1.0aae8eec-1e82-494b-8779-d79fea8bec0c_(38880,69901).jpg",0.9999999,1.7596302e-07,1
"images/TEST/MSIH/TCGA-D5-6530-01Z-00-DX1.5c4bbcd1-51ba-467d-93f9-f2a9e7c5e010_(7915,55476).jpg",0.9999995,5.2263397e-07,1
"images/TEST/MSIH/TCGA-A6-6653-01Z-00-DX1.e130666d-2681-4382-9e7a-4a4d27cb77a4_(94412,8426).jpg",0.9999999,1.3544306e-07,1
"images/TEST/MSIH/TCGA-AD-6889-01Z-00-DX1.5269A81E-5391-4875-8F2A-6505BC5BBFD9_(47395,48902).jpg",0.9999993,7.6176906e-07,1
"images/TEST/MSIH/TCGA-CK-6747-01Z-00-DX1.7824596c-84db-4bee-b149-cd8f617c285f_(75392,30374).jpg",0.9999993,7.0915087e-07,1
"images/TEST/MSIH/TCGA-AA-3950-01Z-00-DX1.2a81cf11-4c16-4e9e-8809-6f63152060da_(37635,81111).jpg",0.99999976,2.7094666e-07,1
"images/TEST/MSIH/TCGA-CM-4743-01Z-00-DX1.f54a6355-5623-498c-96b9-2ff1de6576c6_(84075,51097).jpg",0.99999976,2.6250984e-07,1
"images/TEST/MSIH/TCGA-AD-6895-01Z-00-DX1.7FB1FBC6-683B-4285-89D1-A7A20F07A9D4_(9843,7973).jpg",0.9999995,4.6458408e-07,1
"images/TEST/MSIH/TCGA-AA-3877-01Z-00-DX1.36902310-bc0b-4437-9f86-6df85703e0ad_(50213,72133).jpg",0.9999999,1.6267511e-07,1
"images/TEST/MSIH/TCGA-CK-6746-01Z-00-DX1.0aae8eec-1e82-494b-8779-d79fea8bec0c_(76472,46533).jpg",0.9999999,7.9108176e-08,1
"images/TEST/MSIH/TCGA-AA-3877-01Z-00-DX1.36902310-bc0b-4437-9f86-6df85703e0ad_(59021,99658).jpg",0.99999964,3.048823e-07,1
"images/TEST/MSIH/TCGA-A6-6653-01Z-00-DX1.e130666d-2681-4382-9e7a-4a4d27cb77a4_(93396,7410).jpg",0.99999976,2.9518495e-07,1
"images/TEST/MSIH/TCGA-AA-A01P-01Z-00-DX1.D7AAA4F0-C956-4346-8948-DADACDFB3B69_(38107,83479).jpg",0.99999964,3.8773948e-07,1
"images/TEST/MSIH/TCGA-AZ-6598-01Z-00-DX1.1fc4cd61-4524-413b-b36d-ad438785bc06_(36558,60240).jpg",0.99999976,2.0866987e-07,1
"images/TEST/MSIH/TCGA-AZ-6598-01Z-00-DX1.1fc4cd61-4524-413b-b36d-ad438785bc06_(31478,53128).jpg",0.99999976,1.9218896e-07,1
"images/TEST/MSIH/TCGA-CM-6674-01Z-00-DX1.4a08b16a-788e-43dc-85d2-baff6e911de2_(73324,72665).jpg",0.9999993,7.0517456e-07,1
"images/TEST/MSIH/TCGA-G4-6309-01Z-00-DX1.3eb20fdc-eb86-4bd5-8194-76b02d4fa472_(89318,43182).jpg",0.99999976,2.8597265e-07,1
"images/TEST/MSIH/TCGA-QG-A5Z2-01Z-00-DX2.F2352352-8F00-4BB3-8A62-8D1C1E374F95_(31588,73423).jpg",0.9999995,5.280377e-07,1
"images/TEST/MSIH/TCGA-CM-4743-01Z-00-DX1.f54a6355-5623-498c-96b9-2ff1de6576c6_(50547,49065).jpg",0.99999964,3.8307417e-07,1
"images/TEST/MSIH/TCGA-AD-A5EJ-01Z-00-DX1.FA56CEAF-8B70-45EF-A2C9-8AA7BEB3D88A_(12918,12931).jpg",0.99999905,9.926645e-07,1
"images/TEST/MSIH/TCGA-QG-A5Z2-01Z-00-DX1.51896C31-235E-48EF-90F7-FC05350CA564_(67553,68153).jpg",0.9999993,6.752769e-07,1
"images/TEST/MSIH/TCGA-AA-3864-01Z-00-DX1.f6992bc7-ba05-4c30-9500-8f7b07b30f9a_(19103,21233).jpg",0.9999994,6.414232e-07,1
"images/TEST/MSIH/TCGA-AA-3877-01Z-00-DX1.36902310-bc0b-4437-9f86-6df85703e0ad_(43607,88648).jpg",0.99999964,3.6717927e-07,1
"images/TEST/MSIH/TCGA-CK-6747-01Z-00-DX1.7824596c-84db-4bee-b149-cd8f617c285f_(53040,24278).jpg",0.9999999,6.1238715e-08,1
"images/TEST/MSIH/TCGA-F4-6703-01Z-00-DX1.28225f5d-d880-4605-831f-f22ec0272cde_(67928,52765).jpg",0.9999999,1.0339342e-07,1
"images/TEST/MSIH/TCGA-D5-6530-01Z-00-DX1.5c4bbcd1-51ba-467d-93f9-f2a9e7c5e010_(39411,72748).jpg",0.9999994,6.2823096e-07,1
"images/TEST/MSIH/TCGA-QG-A5Z2-01Z-00-DX1.51896C31-235E-48EF-90F7-FC05350CA564_(64514,11425).jpg",0.99999964,3.365316e-07,1
"images/TEST/MSIH/TCGA-AA-3864-01Z-00-DX1.f6992bc7-ba05-4c30-9500-8f7b07b30f9a_(18002,19031).jpg",0.9999995,4.6894777e-07,1
"images/TEST/MSIH/TCGA-CM-4743-01Z-00-DX1.f54a6355-5623-498c-96b9-2ff1de6576c6_(17019,80561).jpg",0.99999964,4.1130681e-07,1
"images/TEST/MSIH/TCGA-AA-3811-01Z-00-DX1.369d7946-911e-4e97-8ae7-32ef12b6b106_(11435,109136).jpg",0.9999995,4.2786596e-07,1
"images/TEST/MSIH/TCGA-CM-6674-01Z-00-DX1.4a08b16a-788e-43dc-85d2-baff6e911de2_(35732,72665).jpg",0.9999993,7.6265735e-07,1
"images/TEST/MSIH/TCGA-F4-6703-01Z-00-DX1.28225f5d-d880-4605-831f-f22ec0272cde_(64880,55813).jpg",0.9999993,6.617998e-07,1
"images/TEST/MSIH/TCGA-CM-4743-01Z-00-DX1.f54a6355-5623-498c-96b9-2ff1de6576c6_(75947,30777).jpg",0.9999995,4.838407e-07,1
"images/TEST/MSIH/TCGA-QG-A5Z2-01Z-00-DX2.F2352352-8F00-4BB3-8A62-8D1C1E374F95_(22471,62280).jpg",0.9999995,5.2615667e-07,1
"images/TEST/MSIH/TCGA-AA-3950-01Z-00-DX1.2a81cf11-4c16-4e9e-8809-6f63152060da_(35433,89919).jpg",0.9999999,1.3665984e-07,1
"images/TEST/MSIH/TCGA-AD-6895-01Z-00-DX1.7FB1FBC6-683B-4285-89D1-A7A20F07A9D4_(9843,13053).jpg",0.9999995,4.822509e-07,1
"images/TEST/MSIH/TCGA-F4-6703-01Z-00-DX1.28225f5d-d880-4605-831f-f22ec0272cde_(85200,50733).jpg",1.0,3.2848696e-08,1
"images/TEST/MSIH/TCGA-A6-6653-01Z-00-DX1.e130666d-2681-4382-9e7a-4a4d27cb77a4_(91364,17570).jpg",0.9999999,1.380923e-07,1
"images/TEST/MSIH/TCGA-AZ-6598-01Z-00-DX1.1fc4cd61-4524-413b-b36d-ad438785bc06_(49766,35856).jpg",0.99999976,2.3694425e-07,1
"images/TEST/MSIH/TCGA-CM-4743-01Z-00-DX1.f54a6355-5623-498c-96b9-2ff1de6576c6_(78995,18585).jpg",0.99999964,3.8254225e-07,1
"images/TEST/MSIH/TCGA-AA-3877-01Z-00-DX1.36902310-bc0b-4437-9f86-6df85703e0ad_(67829,79840).jpg",0.99999964,3.723346e-07,1
"images/TEST/MSIH/TCGA-AZ-6598-01Z-00-DX1.1fc4cd61-4524-413b-b36d-ad438785bc06_(29446,62272).jpg",0.9999995,5.149628e-07,1
"images/TEST/MSIH/TCGA-AA-3950-01Z-00-DX1.2a81cf11-4c16-4e9e-8809-6f63152060da_(59655,70101).jpg",1.0,3.925465e-08,1
"images/TEST/MSIH/TCGA-AA-3715-01Z-00-DX1.24d6e746-ad61-4587-a2b9-8903331b279c_(36296,52671).jpg",0.9999999,1.6997086e-07,1
"images/TEST/MSIH/TCGA-AD-6889-01Z-00-DX1.5269A81E-5391-4875-8F2A-6505BC5BBFD9_(43331,39758).jpg",0.9999993,7.6447196e-07,1
"images/TEST/MSIH/TCGA-AA-3877-01Z-00-DX1.36902310-bc0b-4437-9f86-6df85703e0ad_(72233,86446).jpg",0.9999995,5.2850214e-07,1
"images/TEST/MSIH/TCGA-AD-A5EJ-01Z-00-DX1.FA56CEAF-8B70-45EF-A2C9-8AA7BEB3D88A_(15966,14963).jpg",0.99999976,2.3328634e-07,1
"images/TEST/MSIH/TCGA-AA-A01P-01Z-00-DX1.D7AAA4F0-C956-4346-8948-DADACDFB3B69_(59026,92287).jpg",0.9999995,4.8065453e-07,1
"images/TEST/MSIH/TCGA-AZ-6598-01Z-00-DX1.1fc4cd61-4524-413b-b36d-ad438785bc06_(35542,52112).jpg",0.99999964,3.4798302e-07,1
"images/TEST/MSIH/TCGA-CM-6674-01Z-00-DX1.4a08b16a-788e-43dc-85d2-baff6e911de2_(94660,65553).jpg",0.99999905,9.100935e-07,1
"images/TEST/MSIH/TCGA-CM-6674-01Z-00-DX1.4a08b16a-788e-43dc-85d2-baff6e911de2_(78404,69617).jpg",0.9999995,5.167994e-07,1
"images/TEST/MSIH/TCGA-QG-A5Z2-01Z-00-DX1.51896C31-235E-48EF-90F7-FC05350CA564_(71605,12438).jpg",0.9999989,1.089102e-06,1
"images/TEST/MSIH/TCGA-AA-3811-01Z-00-DX1.369d7946-911e-4e97-8ae7-32ef12b6b106_(8132,89318).jpg",0.9999999,6.574493e-08,1
"images/TEST/MSIH/TCGA-CK-6746-01Z-00-DX1.0aae8eec-1e82-494b-8779-d79fea8bec0c_(32784,38405).jpg",0.99999976,1.823178e-07,1
"images/TEST/MSIH/TCGA-AA-3950-01Z-00-DX1.2a81cf11-4c16-4e9e-8809-6f63152060da_(43140,73404).jpg",0.9999999,7.145384e-08,1
"images/TEST/MSIH/TCGA-A6-6653-01Z-00-DX1.e130666d-2681-4382-9e7a-4a4d27cb77a4_(92380,28746).jpg",0.9999994,5.6420964e-07,1
"images/TEST/MSIH/TCGA-AZ-6598-01Z-00-DX1.1fc4cd61-4524-413b-b36d-ad438785bc06_(70086,39920).jpg",0.99999964,3.6858543e-07,1
"images/TEST/MSIH/TCGA-AA-3715-01Z-00-DX1.24d6e746-ad61-4587-a2b9-8903331b279c_(32993,50469).jpg",0.99999654,3.447348e-06,1
"images/TEST/MSIH/TCGA-AZ-6598-01Z-00-DX1.1fc4cd61-4524-413b-b36d-ad438785bc06_(86342,45000).jpg",0.9999994,5.4456973e-07,1
"images/TEST/MSIH/TCGA-CK-6746-01Z-00-DX1.0aae8eec-1e82-494b-8779-d79fea8bec0c_(19576,68885).jpg",0.9999999,1.3890038e-07,1
"images/TEST/MSIH/TCGA-AA-A01P-01Z-00-DX1.D7AAA4F0-C956-4346-8948-DADACDFB3B69_(52420,91186).jpg",0.9999995,4.770464e-07,1
"images/TEST/MSIH/TCGA-CK-6747-01Z-00-DX1.7824596c-84db-4bee-b149-cd8f617c285f_(86568,27326).jpg",0.99999917,7.81149e-07,1
"images/TEST/MSIH/TCGA-AA-3877-01Z-00-DX1.36902310-bc0b-4437-9f86-6df85703e0ad_(43607,97456).jpg",0.99999976,2.2582914e-07,1
"images/TEST/MSIH/TCGA-CK-6746-01Z-00-DX1.0aae8eec-1e82-494b-8779-d79fea8bec0c_(69360,44501).jpg",0.99999964,3.9158937e-07,1
"images/TEST/MSIH/TCGA-AD-6895-01Z-00-DX1.7FB1FBC6-683B-4285-89D1-A7A20F07A9D4_(9843,3909).jpg",0.99999976,2.0150415e-07,1
"images/TEST/MSIH/TCGA-A6-6653-01Z-00-DX1.e130666d-2681-4382-9e7a-4a4d27cb77a4_(100508,7410).jpg",0.99999976,2.548845e-07,1
"images/TEST/MSIH/TCGA-CK-6747-01Z-00-DX1.7824596c-84db-4bee-b149-cd8f617c285f_(46944,24278).jpg",1.0,4.6109e-08,1
"images/TEST/MSIH/TCGA-AA-3877-01Z-00-DX1.36902310-bc0b-4437-9f86-6df85703e0ad_(68930,88648).jpg",0.9999999,1.1746776e-07,1
"images/TEST/MSIH/TCGA-AD-A5EJ-01Z-00-DX1.FA56CEAF-8B70-45EF-A2C9-8AA7BEB3D88A_(11902,30203).jpg",0.99999976,1.8092643e-07,1
"images/TEST/MSIH/TCGA-D5-6927-01Z-00-DX1.ff21d627-dbb8-4200-937b-f8be8b86b6d4_(88742,12427).jpg",0.9999981,1.8613579e-06,1
"images/TEST/MSIH/TCGA-A6-6653-01Z-00-DX1.e130666d-2681-4382-9e7a-4a4d27cb77a4_(90348,12490).jpg",0.99999964,4.0141083e-07,1
"images/TEST/MSIH/TCGA-CM-4743-01Z-00-DX1.f54a6355-5623-498c-96b9-2ff1de6576c6_(80011,53129).jpg",0.9999999,1.6494954e-07,1
"images/TEST/MSIH/TCGA-AA-3715-01Z-00-DX1.24d6e746-ad61-4587-a2b9-8903331b279c_(35195,51570).jpg",0.99999917,8.867225e-07,1
"images/TEST/MSIH/TCGA-CM-6674-01Z-00-DX1.4a08b16a-788e-43dc-85d2-baff6e911de2_(108884,73681).jpg",0.99999857,1.428669e-06,1
"images/TEST/MSIH/TCGA-CK-6747-01Z-00-DX1.7824596c-84db-4bee-b149-cd8f617c285f_(70312,37486).jpg",0.9999989,1.0589434e-06,1
"images/TEST/MSIH/TCGA-AZ-6598-01Z-00-DX1.1fc4cd61-4524-413b-b36d-ad438785bc06_(87358,70400).jpg",0.99999964,3.8997007e-07,1
"images/TEST/MSIH/TCGA-AA-3811-01Z-00-DX1.369d7946-911e-4e97-8ae7-32ef12b6b106_(12536,88217).jpg",0.99999976,2.818394e-07,1
"images/TEST/MSIH/TCGA-G4-6309-01Z-00-DX1.3eb20fdc-eb86-4bd5-8194-76b02d4fa472_(36486,63502).jpg",0.9999963,3.718701e-06,1
"images/TEST/MSIH/TCGA-CM-4743-01Z-00-DX1.f54a6355-5623-498c-96b9-2ff1de6576c6_(47499,43985).jpg",0.99999905,9.71013e-07,1
"images/TEST/MSIH/TCGA-AA-3950-01Z-00-DX1.2a81cf11-4c16-4e9e-8809-6f63152060da_(53049,65697).jpg",0.99999976,1.9139078e-07,1
"images/TEST/MSIH/TCGA-QG-A5Z2-01Z-00-DX1.51896C31-235E-48EF-90F7-FC05350CA564_(80722,30672).jpg",0.999997,2.9458918e-06,1
"images/TEST/MSIH/TCGA-CM-6674-01Z-00-DX1.4a08b16a-788e-43dc-85d2-baff6e911de2_(45892,71649).jpg",0.99999964,3.0998692e-07,1
"images/TEST/MSIH/TCGA-CM-6674-01Z-00-DX1.4a08b16a-788e-43dc-85d2-baff6e911de2_(38780,63521).jpg",0.99999964,3.7178108e-07,1
"images/TEST/MSIH/TCGA-CK-6746-01Z-00-DX1.0aae8eec-1e82-494b-8779-d79fea8bec0c_(12464,65837).jpg",0.9999999,6.4076715e-08,1
"images/TEST/MSIH/TCGA-G4-6309-01Z-00-DX1.3eb20fdc-eb86-4bd5-8194-76b02d4fa472_(51726,60454).jpg",0.9999993,7.4220986e-07,1
"images/TEST/MSIH/TCGA-F4-6703-01Z-00-DX1.28225f5d-d880-4605-831f-f22ec0272cde_(55736,53781).jpg",0.99999976,2.578049e-07,1
"images/TEST/MSIH/TCGA-D5-6530-01Z-00-DX1.5c4bbcd1-51ba-467d-93f9-f2a9e7c5e010_(70907,69700).jpg",0.9999993,7.531786e-07,1
"images/TEST/MSIH/TCGA-AD-6895-01Z-00-DX1.7FB1FBC6-683B-4285-89D1-A7A20F07A9D4_(10859,10005).jpg",0.9999994,6.5278414e-07,1
"images/TEST/MSIH/TCGA-A6-6653-01Z-00-DX1.e130666d-2681-4382-9e7a-4a4d27cb77a4_(96444,26714).jpg",0.99999964,3.5865716e-07,1
"images/TEST/MSIH/TCGA-AD-A5EJ-01Z-00-DX1.FA56CEAF-8B70-45EF-A2C9-8AA7BEB3D88A_(12918,31219).jpg",0.9999988,1.1417729e-06,1
"images/TEST/MSIH/TCGA-AA-3950-01Z-00-DX1.2a81cf11-4c16-4e9e-8809-6f63152060da_(56352,67899).jpg",0.9999999,8.4643396e-08,1
"images/TEST/MSIH/TCGA-D5-6530-01Z-00-DX1.5c4bbcd1-51ba-467d-93f9-f2a9e7c5e010_(60747,71732).jpg",0.9999993,7.6792526e-07,1
"images/TEST/MSIH/TCGA-QG-A5Z2-01Z-00-DX1.51896C31-235E-48EF-90F7-FC05350CA564_(39189,9399).jpg",0.9999995,5.3060865e-07,1
"images/TEST/MSIH/TCGA-AA-3811-01Z-00-DX1.369d7946-911e-4e97-8ae7-32ef12b6b106_(8132,105833).jpg",0.99999976,2.1647742e-07,1
"images/TEST/MSIH/TCGA-QG-A5Z2-01Z-00-DX1.51896C31-235E-48EF-90F7-FC05350CA564_(43241,19529).jpg",0.9999994,6.225839e-07,1
"images/TEST/MSIH/TCGA-G4-6309-01Z-00-DX1.3eb20fdc-eb86-4bd5-8194-76b02d4fa472_(83222,41150).jpg",0.99999857,1.4033548e-06,1
"images/TEST/MSIH/TCGA-AA-3715-01Z-00-DX1.24d6e746-ad61-4587-a2b9-8903331b279c_(34094,43863).jpg",0.9999987,1.3507185e-06,1
"images/TEST/MSIH/TCGA-AA-3877-01Z-00-DX1.36902310-bc0b-4437-9f86-6df85703e0ad_(61223,90850).jpg",0.9999995,4.4764593e-07,1
"images/TEST/MSIH/TCGA-AD-6895-01Z-00-DX1.7FB1FBC6-683B-4285-89D1-A7A20F07A9D4_(3747,861).jpg",0.9999995,5.0950763e-07,1
"images/TEST/MSIH/TCGA-QG-A5Z2-01Z-00-DX2.F2352352-8F00-4BB3-8A62-8D1C1E374F95_(42731,76462).jpg",0.9999994,5.3825704e-07,1
"images/TEST/MSIH/TCGA-AA-3950-01Z-00-DX1.2a81cf11-4c16-4e9e-8809-6f63152060da_(34332,91020).jpg",0.9999999,1.0033933e-07,1
"images/TEST/MSIH/TCGA-D5-6530-01Z-00-DX1.5c4bbcd1-51ba-467d-93f9-f2a9e7c5e010_(56683,74780).jpg",0.9999999,1.4411432e-07,1
"images/TEST/MSIH/TCGA-CM-4743-01Z-00-DX1.f54a6355-5623-498c-96b9-2ff1de6576c6_(80011,59225).jpg",0.9999995,4.960663e-07,1
"images/TEST/MSIH/TCGA-AD-A5EJ-01Z-00-DX1.FA56CEAF-8B70-45EF-A2C9-8AA7BEB3D88A_(4790,24107).jpg",0.9999989,1.0195391e-06,1
"images/TEST/MSIH/TCGA-QG-A5Z2-01Z-00-DX2.F2352352-8F00-4BB3-8A62-8D1C1E374F95_(39692,70384).jpg",0.99999964,3.9623552e-07,1
"images/TEST/MSIH/TCGA-A6-6653-01Z-00-DX1.e130666d-2681-4382-9e7a-4a4d27cb77a4_(94412,20618).jpg",0.99999845,1.4951416e-06,1
"images/TEST/MSIH/TCGA-CK-6746-01Z-00-DX1.0aae8eec-1e82-494b-8779-d79fea8bec0c_(61232,53645).jpg",0.99999976,1.8457216e-07,1
"images/TEST/MSIH/TCGA-AA-A01P-01Z-00-DX1.D7AAA4F0-C956-4346-8948-DADACDFB3B69_(61228,87883).jpg",0.99999964,3.233548e-07,1
"images/TEST/MSIH/TCGA-AZ-6598-01Z-00-DX1.1fc4cd61-4524-413b-b36d-ad438785bc06_(94470,45000).jpg",0.99999917,8.487699e-07,1
"images/TEST/MSIH/TCGA-AA-A01P-01Z-00-DX1.D7AAA4F0-C956-4346-8948-DADACDFB3B69_(42511,83479).jpg",0.99999964,3.0691677e-07,1
"images/TEST/MSIH/TCGA-CK-6747-01Z-00-DX1.7824596c-84db-4bee-b149-cd8f617c285f_(29672,13102).jpg",0.9999999,1.2057346e-07,1
"images/TEST/MSIH/TCGA-G4-6309-01Z-00-DX1.3eb20fdc-eb86-4bd5-8194-76b02d4fa472_(33438,62486).jpg",0.99999964,3.5241078e-07,1
"images/TEST/MSIH/TCGA-D5-6927-01Z-00-DX1.ff21d627-dbb8-4200-937b-f8be8b86b6d4_(66390,5315).jpg",0.9999987,1.3449458e-06,1
"images/TEST/MSIH/TCGA-AD-6895-01Z-00-DX1.7FB1FBC6-683B-4285-89D1-A7A20F07A9D4_(15939,12037).jpg",0.99999976,2.866427e-07,1
"images/TEST/MSIH/TCGA-AZ-6598-01Z-00-DX1.1fc4cd61-4524-413b-b36d-ad438785bc06_(48750,56176).jpg",0.99999976,2.8777941e-07,1
"images/TEST/MSIH/TCGA-G4-6309-01Z-00-DX1.3eb20fdc-eb86-4bd5-8194-76b02d4fa472_(53758,51310).jpg",0.9999999,1.5992306e-07,1
"images/TEST/MSIH/TCGA-F4-6703-01Z-00-DX1.28225f5d-d880-4605-831f-f22ec0272cde_(68944,59877).jpg",0.9999969,3.0860374e-06,1
"images/TEST/MSIH/TCGA-CM-4746-01Z-00-DX1.c83b9795-bf45-4100-9052-a7e485e0f770_(33141,5867).jpg",0.9999999,6.810881e-08,1
"images/TEST/MSIH/TCGA-D5-6530-01Z-00-DX1.5c4bbcd1-51ba-467d-93f9-f2a9e7c5e010_(60747,64620).jpg",0.99999917,7.8416366e-07,1
"images/TEST/MSIH/TCGA-QG-A5Z2-01Z-00-DX2.F2352352-8F00-4BB3-8A62-8D1C1E374F95_(41718,77475).jpg",0.9999994,5.9764125e-07,1
"images/TEST/MSIH/TCGA-QG-A5Z2-01Z-00-DX1.51896C31-235E-48EF-90F7-FC05350CA564_(42228,13451).jpg",0.9999993,6.982524e-07,1
"images/TEST/MSIH/TCGA-CM-6674-01Z-00-DX1.4a08b16a-788e-43dc-85d2-baff6e911de2_(95676,75713).jpg",0.9999999,1.6528777e-07,1
"images/TEST/MSIH/TCGA-AA-3811-01Z-00-DX1.369d7946-911e-4e97-8ae7-32ef12b6b106_(7031,112439).jpg",1.0,3.7504947e-08,1
"images/TEST/MSIH/TCGA-AA-3950-01Z-00-DX1.2a81cf11-4c16-4e9e-8809-6f63152060da_(36534,81111).jpg",0.99998546,1.4547404e-05,1
"images/TEST/MSIH/TCGA-AA-3877-01Z-00-DX1.36902310-bc0b-4437-9f86-6df85703e0ad_(54617,78739).jpg",1.0,4.4887372e-08,1
"images/TEST/MSIH/TCGA-F4-6703-01Z-00-DX1.28225f5d-d880-4605-831f-f22ec0272cde_(65896,48701).jpg",0.9999999,1.7688622e-07,1
"images/TEST/MSIH/TCGA-AD-A5EJ-01Z-00-DX1.FA56CEAF-8B70-45EF-A2C9-8AA7BEB3D88A_(26126,14963).jpg",0.99999976,1.945084e-07,1
"images/TEST/MSIH/TCGA-D5-6530-01Z-00-DX1.5c4bbcd1-51ba-467d-93f9-f2a9e7c5e010_(27219,51412).jpg",0.9999988,1.1797054e-06,1
"images/TEST/MSIH/TCGA-CM-4743-01Z-00-DX1.f54a6355-5623-498c-96b9-2ff1de6576c6_(45467,74465).jpg",0.99999976,2.0116602e-07,1
"images/TEST/MSIH/TCGA-G4-6309-01Z-00-DX1.3eb20fdc-eb86-4bd5-8194-76b02d4fa472_(101510,36070).jpg",0.9999994,6.1904115e-07,1
"images/TEST/MSIH/TCGA-F4-6703-01Z-00-DX1.28225f5d-d880-4605-831f-f22ec0272cde_(86216,53781).jpg",0.99999964,3.275148e-07,1
"images/TEST/MSIH/TCGA-AZ-6598-01Z-00-DX1.1fc4cd61-4524-413b-b36d-ad438785bc06_(54846,42968).jpg",0.99999964,3.4414805e-07,1
"images/TEST/MSIH/TCGA-A6-6653-01Z-00-DX1.e130666d-2681-4382-9e7a-4a4d27cb77a4_(92380,14522).jpg",0.99999964,3.9513552e-07,1
"images/TEST/MSIH/TCGA-QG-A5Z2-01Z-00-DX2.F2352352-8F00-4BB3-8A62-8D1C1E374F95_(15380,50124).jpg",0.99999857,1.3778424e-06,1
"images/TEST/MSIH/TCGA-CK-6746-01Z-00-DX1.0aae8eec-1e82-494b-8779-d79fea8bec0c_(40912,46533).jpg",0.9999999,1.5321838e-07,1
"images/TEST/MSIH/TCGA-D5-6530-01Z-00-DX1.5c4bbcd1-51ba-467d-93f9-f2a9e7c5e010_(53635,68684).jpg",0.99999976,2.914859e-07,1
"images/TEST/MSIH/TCGA-D5-6530-01Z-00-DX1.5c4bbcd1-51ba-467d-93f9-f2a9e7c5e010_(49571,76812).jpg",0.9999995,5.102565e-07,1
"images/TEST/MSIH/TCGA-AD-6889-01Z-00-DX1.5269A81E-5391-4875-8F2A-6505BC5BBFD9_(43331,30614).jpg",0.99999917,8.6786594e-07,1
"images/TEST/MSIH/TCGA-CM-4746-01Z-00-DX1.c83b9795-bf45-4100-9052-a7e485e0f770_(88005,28219).jpg",0.99999714,2.8450256e-06,1
"images/TEST/MSIH/TCGA-F4-6703-01Z-00-DX1.28225f5d-d880-4605-831f-f22ec0272cde_(60816,58861).jpg",0.9999995,4.3116705e-07,1
"images/TEST/MSIH/TCGA-CM-6674-01Z-00-DX1.4a08b16a-788e-43dc-85d2-baff6e911de2_(61132,67585).jpg",0.9999994,5.638987e-07,1
"images/TEST/MSIH/TCGA-AA-3950-01Z-00-DX1.2a81cf11-4c16-4e9e-8809-6f63152060da_(56352,71202).jpg",0.9999999,1.4210916e-07,1
"images/TEST/MSIH/TCGA-AA-3877-01Z-00-DX1.36902310-bc0b-4437-9f86-6df85703e0ad_(71132,80941).jpg",0.9999993,6.624692e-07,1
"images/TEST/MSIH/TCGA-AA-3877-01Z-00-DX1.36902310-bc0b-4437-9f86-6df85703e0ad_(50213,98557).jpg",0.99999976,2.1632303e-07,1
"images/TEST/MSIH/TCGA-F4-6703-01Z-00-DX1.28225f5d-d880-4605-831f-f22ec0272cde_(85200,55813).jpg",0.9999999,1.6791535e-07,1
"images/TEST/MSIH/TCGA-AA-3715-01Z-00-DX1.24d6e746-ad61-4587-a2b9-8903331b279c_(51710,41661).jpg",0.99999857,1.4622825e-06,1
"images/TEST/MSIH/TCGA-AD-6895-01Z-00-DX1.7FB1FBC6-683B-4285-89D1-A7A20F07A9D4_(1715,8989).jpg",0.9999995,4.797487e-07,1
"images/TEST/MSIH/TCGA-CM-6674-01Z-00-DX1.4a08b16a-788e-43dc-85d2-baff6e911de2_(110916,65553).jpg",0.9999999,8.44217e-08,1
"images/TEST/MSIH/TCGA-CK-6746-01Z-00-DX1.0aae8eec-1e82-494b-8779-d79fea8bec0c_(52088,69901).jpg",0.99999964,3.486816e-07,1
"images/TEST/MSIH/TCGA-AA-3715-01Z-00-DX1.24d6e746-ad61-4587-a2b9-8903331b279c_(36296,46065).jpg",0.9999987,1.3543882e-06,1
"images/TEST/MSIH/TCGA-AZ-6598-01Z-00-DX1.1fc4cd61-4524-413b-b36d-ad438785bc06_(61958,56176).jpg",0.9999999,1.7027165e-07,1
"images/TEST/MSIH/TCGA-AA-3877-01Z-00-DX1.36902310-bc0b-4437-9f86-6df85703e0ad_(71132,95254).jpg",0.9999999,1.2166791e-07,1
"images/TEST/MSIH/TCGA-QG-A5Z2-01Z-00-DX1.51896C31-235E-48EF-90F7-FC05350CA564_(46280,19529).jpg",0.9999995,5.2134067e-07,1
"images/TEST/MSIH/TCGA-AD-6889-01Z-00-DX1.5269A81E-5391-4875-8F2A-6505BC5BBFD9_(46379,20454).jpg",0.9999994,5.737766e-07,1
"images/TEST/MSIH/TCGA-AD-6895-01Z-00-DX1.7FB1FBC6-683B-4285-89D1-A7A20F07A9D4_(12891,8989).jpg",0.9999999,1.4948921e-07,1
"images/TEST/MSIH/TCGA-CK-6747-01Z-00-DX1.7824596c-84db-4bee-b149-cd8f617c285f_(62184,27326).jpg",0.99999917,7.795111e-07,1
"images/TEST/MSIH/TCGA-CM-4746-01Z-00-DX1.c83b9795-bf45-4100-9052-a7e485e0f770_(67685,15011).jpg",0.99999964,3.220825e-07,1
"images/TEST/MSIH/TCGA-AA-3950-01Z-00-DX1.2a81cf11-4c16-4e9e-8809-6f63152060da_(44241,92121).jpg",0.99999917,8.849696e-07,1
"images/TEST/MSIH/TCGA-D5-6530-01Z-00-DX1.5c4bbcd1-51ba-467d-93f9-f2a9e7c5e010_(5883,46332).jpg",0.99999857,1.4311316e-06,1
"images/TEST/MSIH/TCGA-G4-6309-01Z-00-DX1.3eb20fdc-eb86-4bd5-8194-76b02d4fa472_(90334,45214).jpg",0.9999995,4.954314e-07,1
"images/TEST/MSIH/TCGA-G4-6309-01Z-00-DX1.3eb20fdc-eb86-4bd5-8194-76b02d4fa472_(55790,59438).jpg",0.99999964,3.547012e-07,1
"images/TEST/MSIH/TCGA-AA-3877-01Z-00-DX1.36902310-bc0b-4437-9f86-6df85703e0ad_(46910,79840).jpg",0.99999976,2.6941152e-07,1
"images/TEST/MSIH/TCGA-A6-6653-01Z-00-DX1.e130666d-2681-4382-9e7a-4a4d27cb77a4_(90348,9442).jpg",0.9999999,1.14406795e-07,1
"images/TEST/MSIH/TCGA-CM-6674-01Z-00-DX1.4a08b16a-788e-43dc-85d2-baff6e911de2_(22524,66569).jpg",0.99999917,7.9936996e-07,1
"images/TEST/MSIH/TCGA-CM-4743-01Z-00-DX1.f54a6355-5623-498c-96b9-2ff1de6576c6_(37339,82593).jpg",0.9999993,7.0882425e-07,1
"images/TEST/MSIH/TCGA-CM-6674-01Z-00-DX1.4a08b16a-788e-43dc-85d2-baff6e911de2_(35732,64537).jpg",0.9999994,5.7412365e-07,1
"images/TEST/MSIH/TCGA-A6-6653-01Z-00-DX1.e130666d-2681-4382-9e7a-4a4d27cb77a4_(96444,6394).jpg",0.99999905,9.34764e-07,1
"images/TEST/MSIH/TCGA-CK-6746-01Z-00-DX1.0aae8eec-1e82-494b-8779-d79fea8bec0c_(66312,48565).jpg",0.99999976,1.8261015e-07,1
"images/TEST/MSIH/TCGA-CK-6746-01Z-00-DX1.0aae8eec-1e82-494b-8779-d79fea8bec0c_(69360,47549).jpg",0.99999976,2.71214e-07,1
"images/TEST/MSIH/TCGA-CK-6747-01Z-00-DX1.7824596c-84db-4bee-b149-cd8f617c285f_(89616,21230).jpg",0.9999995,5.1083106e-07,1
"images/TEST/MSIH/TCGA-AA-A01P-01Z-00-DX1.D7AAA4F0-C956-4346-8948-DADACDFB3B69_(67834,95590).jpg",0.9999995,4.928851e-07,1
"images/TEST/MSIH/TCGA-AD-6889-01Z-00-DX1.5269A81E-5391-4875-8F2A-6505BC5BBFD9_(27075,43822).jpg",0.9999988,1.1325429e-06,1
"images/TEST/MSIH/TCGA-D5-6927-01Z-00-DX1.ff21d627-dbb8-4200-937b-f8be8b86b6d4_(77566,10395).jpg",0.99999964,3.453675e-07,1
"images/TEST/MSIH/TCGA-QG-A5Z2-01Z-00-DX1.51896C31-235E-48EF-90F7-FC05350CA564_(77683,38776).jpg",1.0,5.067078e-08,1
"images/TEST/MSIH/TCGA-CM-4746-01Z-00-DX1.c83b9795-bf45-4100-9052-a7e485e0f770_(33141,25171).jpg",0.99999964,3.0299586e-07,1
"images/TEST/MSIH/TCGA-AD-6889-01Z-00-DX1.5269A81E-5391-4875-8F2A-6505BC5BBFD9_(18947,24518).jpg",0.9999995,5.057076e-07,1
"images/TEST/MSIH/TCGA-F4-6703-01Z-00-DX1.28225f5d-d880-4605-831f-f22ec0272cde_(101456,52765).jpg",0.9999987,1.2834591e-06,1
"images/TEST/MSIH/TCGA-CK-6746-01Z-00-DX1.0aae8eec-1e82-494b-8779-d79fea8bec0c_(26688,61773).jpg",1.0,3.9537028e-08,1
"images/TEST/MSIH/TCGA-CK-6747-01Z-00-DX1.7824596c-84db-4bee-b149-cd8f617c285f_(59136,22246).jpg",0.99999976,2.717227e-07,1
"images/TEST/MSIH/TCGA-AA-A01P-01Z-00-DX1.D7AAA4F0-C956-4346-8948-DADACDFB3B69_(32602,86782).jpg",0.9999994,5.593915e-07,1
"images/TEST/MSIH/TCGA-AD-6889-01Z-00-DX1.5269A81E-5391-4875-8F2A-6505BC5BBFD9_(9803,37726).jpg",0.9999993,6.6504805e-07,1
"images/TEST/MSIH/TCGA-F4-6703-01Z-00-DX1.28225f5d-d880-4605-831f-f22ec0272cde_(92312,47685).jpg",0.9999994,6.086005e-07,1
"images/TEST/MSIH/TCGA-QG-A5Z2-01Z-00-DX1.51896C31-235E-48EF-90F7-FC05350CA564_(50332,17503).jpg",0.99999905,8.996914e-07,1
"images/TEST/MSIH/TCGA-CM-4743-01Z-00-DX1.f54a6355-5623-498c-96b9-2ff1de6576c6_(28195,35857).jpg",0.9999987,1.3294517e-06,1
"images/TEST/MSIH/TCGA-QG-A5Z2-01Z-00-DX1.51896C31-235E-48EF-90F7-FC05350CA564_(68566,61062).jpg",0.9999999,1.5114061e-07,1
"images/TEST/MSIH/TCGA-AD-6889-01Z-00-DX1.5269A81E-5391-4875-8F2A-6505BC5BBFD9_(28091,52966).jpg",0.9999989,1.0212177e-06,1
"images/TEST/MSIH/TCGA-AA-3864-01Z-00-DX1.f6992bc7-ba05-4c30-9500-8f7b07b30f9a_(15800,9122).jpg",0.99999964,3.3674863e-07,1
"images/TEST/MSIH/TCGA-CM-6674-01Z-00-DX1.4a08b16a-788e-43dc-85d2-baff6e911de2_(51988,77745).jpg",0.99999225,7.736406e-06,1
"images/TEST/MSIH/TCGA-QG-A5Z2-01Z-00-DX1.51896C31-235E-48EF-90F7-FC05350CA564_(72618,46880).jpg",0.99999964,3.2524326e-07,1
"images/TEST/MSIH/TCGA-AA-3877-01Z-00-DX1.36902310-bc0b-4437-9f86-6df85703e0ad_(57920,93052).jpg",0.99999976,2.9665384e-07,1
"images/TEST/MSIH/TCGA-D5-6530-01Z-00-DX1.5c4bbcd1-51ba-467d-93f9-f2a9e7c5e010_(20107,62588).jpg",0.9999999,1.4276377e-07,1
"images/TEST/MSIH/TCGA-AD-6889-01Z-00-DX1.5269A81E-5391-4875-8F2A-6505BC5BBFD9_(34187,13342).jpg",0.9999987,1.2585891e-06,1
"images/TEST/MSIH/TCGA-AD-6889-01Z-00-DX1.5269A81E-5391-4875-8F2A-6505BC5BBFD9_(43331,41790).jpg",0.99999917,8.2147994e-07,1
"images/TEST/MSIH/TCGA-AD-A5EJ-01Z-00-DX1.FA56CEAF-8B70-45EF-A2C9-8AA7BEB3D88A_(13934,10899).jpg",0.9999993,7.345114e-07,1
"images/TEST/MSIH/TCGA-D5-6927-01Z-00-DX1.ff21d627-dbb8-4200-937b-f8be8b86b6d4_(64358,24619).jpg",0.9999994,5.732964e-07,1
"images/TEST/MSIH/TCGA-AA-A01P-01Z-00-DX1.D7AAA4F0-C956-4346-8948-DADACDFB3B69_(57925,92287).jpg",0.99999964,2.987915e-07,1
"images/TEST/MSIH/TCGA-AA-3950-01Z-00-DX1.2a81cf11-4c16-4e9e-8809-6f63152060da_(57453,70101).jpg",0.99999976,1.8246566e-07,1
"images/TEST/MSIH/TCGA-AA-3811-01Z-00-DX1.369d7946-911e-4e97-8ae7-32ef12b6b106_(13637,88217).jpg",0.99999976,2.4965325e-07,1
"images/TEST/MSIH/TCGA-D5-6927-01Z-00-DX1.ff21d627-dbb8-4200-937b-f8be8b86b6d4_(71470,15475).jpg",0.99999976,1.8215566e-07,1
"images/TEST/MSIH/TCGA-AZ-6598-01Z-00-DX1.1fc4cd61-4524-413b-b36d-ad438785bc06_(72118,55160).jpg",0.9999995,4.3346307e-07,1
"images/TEST/MSIH/TCGA-CM-4746-01Z-00-DX1.c83b9795-bf45-4100-9052-a7e485e0f770_(95117,43459).jpg",0.99999964,3.1257076e-07,1
"images/TEST/MSIH/TCGA-G4-6309-01Z-00-DX1.3eb20fdc-eb86-4bd5-8194-76b02d4fa472_(61886,54358).jpg",0.9999999,1.204984e-07,1
"images/TEST/MSIH/TCGA-AA-3877-01Z-00-DX1.36902310-bc0b-4437-9f86-6df85703e0ad_(45809,79840).jpg",0.9999999,7.533497e-08,1
"images/TEST/MSIH/TCGA-G4-6309-01Z-00-DX1.3eb20fdc-eb86-4bd5-8194-76b02d4fa472_(94398,38102).jpg",0.9999995,4.9738134e-07,1
"images/TEST/MSIH/TCGA-AD-6895-01Z-00-DX1.7FB1FBC6-683B-4285-89D1-A7A20F07A9D4_(13907,12037).jpg",0.9999995,4.976964e-07,1
"images/TEST/MSIH/TCGA-CK-6747-01Z-00-DX1.7824596c-84db-4bee-b149-cd8f617c285f_(74376,37486).jpg",0.9999988,1.1690177e-06,1
"images/TEST/MSIH/TCGA-D5-6927-01Z-00-DX1.ff21d627-dbb8-4200-937b-f8be8b86b6d4_(74518,3283).jpg",0.99999976,2.6731266e-07,1
"images/TEST/MSIH/TCGA-AA-A01P-01Z-00-DX1.D7AAA4F0-C956-4346-8948-DADACDFB3B69_(76642,97792).jpg",0.9999994,5.812614e-07,1
"images/TEST/MSIH/TCGA-D5-6927-01Z-00-DX1.ff21d627-dbb8-4200-937b-f8be8b86b6d4_(63342,20555).jpg",0.9999994,6.446753e-07,1
"images/TEST/MSIH/TCGA-AD-6895-01Z-00-DX1.7FB1FBC6-683B-4285-89D1-A7A20F07A9D4_(12891,11021).jpg",0.9999999,1.6551523e-07,1
"images/TEST/MSIH/TCGA-AD-A5EJ-01Z-00-DX1.FA56CEAF-8B70-45EF-A2C9-8AA7BEB3D88A_(26126,9883).jpg",0.99999774,2.239742e-06,1
"images/TEST/MSIH/TCGA-F4-6703-01Z-00-DX1.28225f5d-d880-4605-831f-f22ec0272cde_(73008,42605).jpg",0.99999964,3.6469382e-07,1
"images/TEST/MSIH/TCGA-AA-A01P-01Z-00-DX1.D7AAA4F0-C956-4346-8948-DADACDFB3B69_(30400,76873).jpg",0.9999993,6.679707e-07,1
"images/TEST/MSIH/TCGA-AA-3811-01Z-00-DX1.369d7946-911e-4e97-8ae7-32ef12b6b106_(13637,109136).jpg",0.99999964,3.019931e-07,1
"images/TEST/MSIH/TCGA-AD-A5EJ-01Z-00-DX1.FA56CEAF-8B70-45EF-A2C9-8AA7BEB3D88A_(15966,30203).jpg",0.9999994,5.7955543e-07,1
"images/TEST/MSIH/TCGA-CM-4746-01Z-00-DX1.c83b9795-bf45-4100-9052-a7e485e0f770_(36189,7899).jpg",0.9999987,1.2586167e-06,1
"images/TEST/MSIH/TCGA-AA-3950-01Z-00-DX1.2a81cf11-4c16-4e9e-8809-6f63152060da_(54150,85515).jpg",0.99999976,2.6333782e-07,1
"images/TEST/MSIH/TCGA-AD-A5EJ-01Z-00-DX1.FA56CEAF-8B70-45EF-A2C9-8AA7BEB3D88A_(4790,23091).jpg",0.9999995,4.5070965e-07,1
"images/TEST/MSIH/TCGA-QG-A5Z2-01Z-00-DX2.F2352352-8F00-4BB3-8A62-8D1C1E374F95_(64004,75449).jpg",0.9999999,6.617595e-08,1
"images/TEST/MSIH/TCGA-AA-3715-01Z-00-DX1.24d6e746-ad61-4587-a2b9-8903331b279c_(36296,42762).jpg",0.9999988,1.18912e-06,1
"images/TEST/MSIH/TCGA-AA-3864-01Z-00-DX1.f6992bc7-ba05-4c30-9500-8f7b07b30f9a_(10295,19031).jpg",0.99999964,3.8930008e-07,1
"images/TEST/MSIH/TCGA-CK-6746-01Z-00-DX1.0aae8eec-1e82-494b-8779-d79fea8bec0c_(41928,59741).jpg",0.9999999,1.2687686e-07,1
"images/TEST/MSIH/TCGA-CM-4743-01Z-00-DX1.f54a6355-5623-498c-96b9-2ff1de6576c6_(12955,35857).jpg",0.9999999,1.5638614e-07,1
"images/TEST/MSIH/TCGA-F4-6703-01Z-00-DX1.28225f5d-d880-4605-831f-f22ec0272cde_(94344,59877).jpg",0.9999999,1.1661143e-07,1
"images/TEST/MSIH/TCGA-F4-6703-01Z-00-DX1.28225f5d-d880-4605-831f-f22ec0272cde_(102472,53781).jpg",0.99999976,2.3746567e-07,1
"images/TEST/MSIH/TCGA-AA-3811-01Z-00-DX1.369d7946-911e-4e97-8ae7-32ef12b6b106_(7031,106934).jpg",0.99999964,3.282866e-07,1
"images/TEST/MSIH/TCGA-G4-6309-01Z-00-DX1.3eb20fdc-eb86-4bd5-8194-76b02d4fa472_(84238,44198).jpg",0.99999964,3.2951363e-07,1
"images/TEST/MSIH/TCGA-D5-6927-01Z-00-DX1.ff21d627-dbb8-4200-937b-f8be8b86b6d4_(67406,20555).jpg",0.99999905,9.4949706e-07,1
"images/TEST/MSIH/TCGA-AA-3950-01Z-00-DX1.2a81cf11-4c16-4e9e-8809-6f63152060da_(40938,82212).jpg",0.9999999,7.2902765e-08,1
"images/TEST/MSIH/TCGA-D5-6927-01Z-00-DX1.ff21d627-dbb8-4200-937b-f8be8b86b6d4_(74518,11411).jpg",0.9999994,5.468862e-07,1
"images/TEST/MSIH/TCGA-G4-6309-01Z-00-DX1.3eb20fdc-eb86-4bd5-8194-76b02d4fa472_(36486,60454).jpg",0.99999964,2.9970244e-07,1
"images/TEST/MSIH/TCGA-CK-6746-01Z-00-DX1.0aae8eec-1e82-494b-8779-d79fea8bec0c_(39896,64821).jpg",0.9999999,1.3181334e-07,1
"images/TEST/MSIH/TCGA-D5-6927-01Z-00-DX1.ff21d627-dbb8-4200-937b-f8be8b86b6d4_(80614,9379).jpg",0.9999982,1.7744323e-06,1
"images/TEST/MSIH/TCGA-D5-6927-01Z-00-DX1.ff21d627-dbb8-4200-937b-f8be8b86b6d4_(66390,4299).jpg",0.99999964,3.7358873e-07,1
"images/TEST/MSIH/TCGA-AD-6889-01Z-00-DX1.5269A81E-5391-4875-8F2A-6505BC5BBFD9_(36219,19438).jpg",0.9999982,1.8148684e-06,1
"images/TEST/MSIH/TCGA-AA-3811-01Z-00-DX1.369d7946-911e-4e97-8ae7-32ef12b6b106_(11435,89318).jpg",1.0,4.0536584e-08,1
"images/TEST/MSIH/TCGA-AA-3715-01Z-00-DX1.24d6e746-ad61-4587-a2b9-8903331b279c_(13175,43863).jpg",0.99999917,8.583679e-07,1
"images/TEST/MSIH/TCGA-QG-A5Z2-01Z-00-DX1.51896C31-235E-48EF-90F7-FC05350CA564_(81735,27633).jpg",1.0,5.7614212e-08,1
"images/TEST/MSIH/TCGA-AD-6895-01Z-00-DX1.7FB1FBC6-683B-4285-89D1-A7A20F07A9D4_(14923,4925).jpg",0.9999995,4.5208114e-07,1
"images/TEST/MSIH/TCGA-QG-A5Z2-01Z-00-DX1.51896C31-235E-48EF-90F7-FC05350CA564_(71605,49919).jpg",0.9999994,5.928462e-07,1
"images/TEST/MSIH/TCGA-AA-3950-01Z-00-DX1.2a81cf11-4c16-4e9e-8809-6f63152060da_(58554,70101).jpg",0.9999999,1.4332485e-07,1
"images/TEST/MSIH/TCGA-AA-3811-01Z-00-DX1.369d7946-911e-4e97-8ae7-32ef12b6b106_(9233,89318).jpg",0.9999999,1.6042533e-07,1
"images/TEST/MSIH/TCGA-G4-6309-01Z-00-DX1.3eb20fdc-eb86-4bd5-8194-76b02d4fa472_(65950,55374).jpg",0.9999993,7.6601185e-07,1
"images/TEST/MSIH/TCGA-G4-6309-01Z-00-DX1.3eb20fdc-eb86-4bd5-8194-76b02d4fa472_(52742,59438).jpg",0.9999999,1.3101739e-07,1
"images/TEST/MSIH/TCGA-CK-6746-01Z-00-DX1.0aae8eec-1e82-494b-8779-d79fea8bec0c_(76472,54661).jpg",0.99999917,7.928036e-07,1
"images/TEST/MSIH/TCGA-CM-4743-01Z-00-DX1.f54a6355-5623-498c-96b9-2ff1de6576c6_(29211,65321).jpg",0.9999999,1.0992493e-07,1
"images/TEST/MSIH/TCGA-AA-3950-01Z-00-DX1.2a81cf11-4c16-4e9e-8809-6f63152060da_(50847,76707).jpg",0.9999994,5.575444e-07,1
"images/TEST/MSIH/TCGA-AA-3950-01Z-00-DX1.2a81cf11-4c16-4e9e-8809-6f63152060da_(47544,70101).jpg",0.9999995,4.2385784e-07,1
"images/TEST/MSIH/TCGA-CM-6674-01Z-00-DX1.4a08b16a-788e-43dc-85d2-baff6e911de2_(55036,60473).jpg",0.9999994,5.824684e-07,1
"images/TEST/MSIH/TCGA-CM-6674-01Z-00-DX1.4a08b16a-788e-43dc-85d2-baff6e911de2_(43860,72665).jpg",0.99999976,2.8217718e-07,1
"images/TEST/MSIH/TCGA-D5-6530-01Z-00-DX1.5c4bbcd1-51ba-467d-93f9-f2a9e7c5e010_(4867,53444).jpg",0.99999964,3.157282e-07,1
"images/TEST/MSIH/TCGA-F4-6703-01Z-00-DX1.28225f5d-d880-4605-831f-f22ec0272cde_(80120,45653).jpg",0.99999964,3.0692058e-07,1
"images/TEST/MSIH/TCGA-CM-6674-01Z-00-DX1.4a08b16a-788e-43dc-85d2-baff6e911de2_(96692,67585).jpg",0.9999981,1.8708862e-06,1
"images/TEST/MSIH/TCGA-AD-A5EJ-01Z-00-DX1.FA56CEAF-8B70-45EF-A2C9-8AA7BEB3D88A_(11902,14963).jpg",0.9999993,7.505943e-07,1
"images/TEST/MSIH/TCGA-CM-6674-01Z-00-DX1.4a08b16a-788e-43dc-85d2-baff6e911de2_(34716,68601).jpg",0.99999964,3.347104e-07,1
"images/TEST/MSIH/TCGA-AA-3864-01Z-00-DX1.f6992bc7-ba05-4c30-9500-8f7b07b30f9a_(14699,14627).jpg",0.9999976,2.3324128e-06,1
"images/TEST/MSIH/TCGA-AA-3950-01Z-00-DX1.2a81cf11-4c16-4e9e-8809-6f63152060da_(34332,84414).jpg",0.99999976,1.9103847e-07,1
"images/TEST/MSIH/TCGA-F4-6703-01Z-00-DX1.28225f5d-d880-4605-831f-f22ec0272cde_(99424,69021).jpg",0.99999976,2.7970052e-07,1
"images/TEST/MSIH/TCGA-AD-A5EJ-01Z-00-DX1.FA56CEAF-8B70-45EF-A2C9-8AA7BEB3D88A_(5806,15979).jpg",0.9999995,4.352061e-07,1
"images/TEST/MSIH/TCGA-AA-3715-01Z-00-DX1.24d6e746-ad61-4587-a2b9-8903331b279c_(46205,37257).jpg",0.9999988,1.2364915e-06,1
"images/TEST/MSIH/TCGA-CK-6746-01Z-00-DX1.0aae8eec-1e82-494b-8779-d79fea8bec0c_(48024,65837).jpg",0.9999999,1.2717413e-07,1
"images/TEST/MSIH/TCGA-CK-6747-01Z-00-DX1.7824596c-84db-4bee-b149-cd8f617c285f_(18496,30374).jpg",0.9999994,5.711103e-07,1
"images/TEST/MSIH/TCGA-CM-6674-01Z-00-DX1.4a08b16a-788e-43dc-85d2-baff6e911de2_(53004,74697).jpg",0.99999905,9.317415e-07,1
"images/TEST/MSIH/TCGA-AA-3864-01Z-00-DX1.f6992bc7-ba05-4c30-9500-8f7b07b30f9a_(15800,23435).jpg",0.99999905,9.909053e-07,1
"images/TEST/MSIH/TCGA-AZ-6598-01Z-00-DX1.1fc4cd61-4524-413b-b36d-ad438785bc06_(45702,40936).jpg",0.9999995,4.5776014e-07,1
"images/TEST/MSIH/TCGA-AD-A5EJ-01Z-00-DX1.FA56CEAF-8B70-45EF-A2C9-8AA7BEB3D88A_(14950,34267).jpg",0.9999995,4.599604e-07,1
"images/TEST/MSIH/TCGA-AA-A01P-01Z-00-DX1.D7AAA4F0-C956-4346-8948-DADACDFB3B69_(34804,54853).jpg",0.9999989,1.0396923e-06,1
"images/TEST/MSIH/TCGA-QG-A5Z2-01Z-00-DX2.F2352352-8F00-4BB3-8A62-8D1C1E374F95_(9302,35942).jpg",0.99999905,9.617455e-07,1
"images/TEST/MSIH/TCGA-AD-6895-01Z-00-DX1.7FB1FBC6-683B-4285-89D1-A7A20F07A9D4_(15939,5941).jpg",0.99999976,2.2670439e-07,1
"images/TEST/MSIH/TCGA-CM-4743-01Z-00-DX1.f54a6355-5623-498c-96b9-2ff1de6576c6_(52579,39921).jpg",0.9999994,5.6262513e-07,1
"images/TEST/MSIH/TCGA-D5-6927-01Z-00-DX1.ff21d627-dbb8-4200-937b-f8be8b86b6d4_(71470,14459).jpg",0.9999999,1.6737144e-07,1
"images/TEST/MSIH/TCGA-CK-6746-01Z-00-DX1.0aae8eec-1e82-494b-8779-d79fea8bec0c_(71392,43485).jpg",0.9999995,5.358418e-07,1
"images/TEST/MSIH/TCGA-QG-A5Z2-01Z-00-DX2.F2352352-8F00-4BB3-8A62-8D1C1E374F95_(25510,24799).jpg",0.9999993,6.7185704e-07,1
"images/TEST/MSIH/TCGA-CK-6747-01Z-00-DX1.7824596c-84db-4bee-b149-cd8f617c285f_(45928,41550).jpg",0.9999993,6.595153e-07,1
"images/TEST/MSIH/TCGA-AD-A5EJ-01Z-00-DX1.FA56CEAF-8B70-45EF-A2C9-8AA7BEB3D88A_(17998,14963).jpg",1.0,4.4007923e-08,1
"images/TEST/MSIH/TCGA-AZ-6598-01Z-00-DX1.1fc4cd61-4524-413b-b36d-ad438785bc06_(26398,66336).jpg",0.9999999,8.844079e-08,1
"images/TEST/MSIH/TCGA-F4-6703-01Z-00-DX1.28225f5d-d880-4605-831f-f22ec0272cde_(57768,46669).jpg",0.9999995,5.237127e-07,1
"images/TEST/MSIH/TCGA-QG-A5Z2-01Z-00-DX2.F2352352-8F00-4BB3-8A62-8D1C1E374F95_(34627,11630).jpg",0.99999976,2.2461903e-07,1
"images/TEST/MSIH/TCGA-AA-3950-01Z-00-DX1.2a81cf11-4c16-4e9e-8809-6f63152060da_(47544,85515).jpg",0.99999964,3.0924784e-07,1
"images/TEST/MSIH/TCGA-AA-3877-01Z-00-DX1.36902310-bc0b-4437-9f86-6df85703e0ad_(72233,88648).jpg",0.9999993,7.579226e-07,1
"images/TEST/MSIH/TCGA-AA-A01P-01Z-00-DX1.D7AAA4F0-C956-4346-8948-DADACDFB3B69_(39208,63661).jpg",0.99999976,2.3117154e-07,1
"images/TEST/MSIH/TCGA-AA-3811-01Z-00-DX1.369d7946-911e-4e97-8ae7-32ef12b6b106_(13637,104732).jpg",0.9999999,1.3063298e-07,1
"images/TEST/MSIH/TCGA-QG-A5Z2-01Z-00-DX1.51896C31-235E-48EF-90F7-FC05350CA564_(64514,59036).jpg",0.99999976,2.743152e-07,1
"images/TEST/MSIH/TCGA-CK-6746-01Z-00-DX1.0aae8eec-1e82-494b-8779-d79fea8bec0c_(29736,41453).jpg",0.99999917,8.3395025e-07,1
"images/TEST/MSIH/TCGA-QG-A5Z2-01Z-00-DX1.51896C31-235E-48EF-90F7-FC05350CA564_(70592,15477).jpg",0.99999976,2.1815299e-07,1
"images/TEST/MSIH/TCGA-CM-6674-01Z-00-DX1.4a08b16a-788e-43dc-85d2-baff6e911de2_(60116,71649).jpg",1.0,4.442132e-08,1
"images/TEST/MSIH/TCGA-CM-6674-01Z-00-DX1.4a08b16a-788e-43dc-85d2-baff6e911de2_(40812,56409).jpg",0.9999999,1.4615335e-07,1
"images/TEST/MSIH/TCGA-CM-6674-01Z-00-DX1.4a08b16a-788e-43dc-85d2-baff6e911de2_(21508,42185).jpg",0.9999976,2.3485234e-06,1
"images/TEST/MSIH/TCGA-AA-3950-01Z-00-DX1.2a81cf11-4c16-4e9e-8809-6f63152060da_(47544,66798).jpg",0.9999999,6.020862e-08,1
"images/TEST/MSIH/TCGA-AZ-6598-01Z-00-DX1.1fc4cd61-4524-413b-b36d-ad438785bc06_(52814,55160).jpg",0.9999995,5.346086e-07,1
"images/TEST/MSIH/TCGA-CM-4746-01Z-00-DX1.c83b9795-bf45-4100-9052-a7e485e0f770_(51429,29235).jpg",0.9999995,4.401086e-07,1
"images/TEST/MSIH/TCGA-QG-A5Z2-01Z-00-DX2.F2352352-8F00-4BB3-8A62-8D1C1E374F95_(23484,72410).jpg",0.99999964,3.0178813e-07,1
"images/TEST/MSIH/TCGA-CM-4746-01Z-00-DX1.c83b9795-bf45-4100-9052-a7e485e0f770_(70733,16027).jpg",0.99999917,8.228035e-07,1
"images/TEST/MSIH/TCGA-AA-A01P-01Z-00-DX1.D7AAA4F0-C956-4346-8948-DADACDFB3B69_(44713,61459).jpg",0.9999994,5.612832e-07,1
"images/TEST/MSIH/TCGA-QG-A5Z2-01Z-00-DX1.51896C31-235E-48EF-90F7-FC05350CA564_(36150,12438).jpg",0.99999917,8.0210606e-07,1
"images/TEST/MSIH/TCGA-AA-3950-01Z-00-DX1.2a81cf11-4c16-4e9e-8809-6f63152060da_(58554,66798).jpg",0.9999999,8.947988e-08,1
"images/TEST/MSIH/TCGA-AZ-6598-01Z-00-DX1.1fc4cd61-4524-413b-b36d-ad438785bc06_(51798,45000).jpg",0.9999999,1.787463e-07,1
"images/TEST/MSIH/TCGA-CM-4746-01Z-00-DX1.c83b9795-bf45-4100-9052-a7e485e0f770_(71749,31267).jpg",0.99999905,9.2219324e-07,1
"images/TEST/MSIH/TCGA-CK-6747-01Z-00-DX1.7824596c-84db-4bee-b149-cd8f617c285f_(78440,10054).jpg",0.99999917,8.159209e-07,1
"images/TEST/MSIH/TCGA-CM-4743-01Z-00-DX1.f54a6355-5623-498c-96b9-2ff1de6576c6_(89155,34841).jpg",0.99999964,3.0318895e-07,1
"images/TEST/MSIH/TCGA-AA-A01P-01Z-00-DX1.D7AAA4F0-C956-4346-8948-DADACDFB3B69_(76642,96691).jpg",0.9999999,1.1113757e-07,1
"images/TEST/MSIH/TCGA-CM-4746-01Z-00-DX1.c83b9795-bf45-4100-9052-a7e485e0f770_(73781,29235).jpg",0.99999976,2.1815985e-07,1
"images/TEST/MSIH/TCGA-A6-6653-01Z-00-DX1.e130666d-2681-4382-9e7a-4a4d27cb77a4_(94412,27730).jpg",0.99999976,2.733023e-07,1
"images/TEST/MSIH/TCGA-CM-4746-01Z-00-DX1.c83b9795-bf45-4100-9052-a7e485e0f770_(10789,32283).jpg",0.9999993,6.6969545e-07,1
"images/TEST/MSIH/TCGA-AD-A5EJ-01Z-00-DX1.FA56CEAF-8B70-45EF-A2C9-8AA7BEB3D88A_(21046,30203).jpg",0.9999995,4.9136264e-07,1
"images/TEST/MSIH/TCGA-CK-6747-01Z-00-DX1.7824596c-84db-4bee-b149-cd8f617c285f_(28656,26310).jpg",0.99999976,2.655227e-07,1
"images/TEST/MSIH/TCGA-AA-3950-01Z-00-DX1.2a81cf11-4c16-4e9e-8809-6f63152060da_(43140,74505).jpg",0.9999999,6.393302e-08,1
"images/TEST/MSIH/TCGA-AA-3811-01Z-00-DX1.369d7946-911e-4e97-8ae7-32ef12b6b106_(8132,87116).jpg",0.99999964,3.19027e-07,1
"images/TEST/MSIH/TCGA-QG-A5Z2-01Z-00-DX2.F2352352-8F00-4BB3-8A62-8D1C1E374F95_(39692,7578).jpg",0.99999917,8.41524e-07,1
"images/TEST/MSIH/TCGA-AA-3811-01Z-00-DX1.369d7946-911e-4e97-8ae7-32ef12b6b106_(13637,108035).jpg",0.99999976,2.1390883e-07,1
"images/TEST/MSIH/TCGA-AA-3715-01Z-00-DX1.24d6e746-ad61-4587-a2b9-8903331b279c_(35195,48267).jpg",0.999995,5.001314e-06,1
"images/TEST/MSIH/TCGA-CM-4746-01Z-00-DX1.c83b9795-bf45-4100-9052-a7e485e0f770_(33141,27203).jpg",0.99999976,2.3069143e-07,1
"images/TEST/MSIH/TCGA-QG-A5Z2-01Z-00-DX2.F2352352-8F00-4BB3-8A62-8D1C1E374F95_(51848,69371).jpg",0.99999964,4.1536057e-07,1
"images/TEST/MSIH/TCGA-CK-6746-01Z-00-DX1.0aae8eec-1e82-494b-8779-d79fea8bec0c_(39896,42469).jpg",0.9999994,5.369354e-07,1
"images/TEST/MSIH/TCGA-CK-6747-01Z-00-DX1.7824596c-84db-4bee-b149-cd8f617c285f_(25608,28342).jpg",0.9999988,1.133575e-06,1
"images/TEST/MSIH/TCGA-QG-A5Z2-01Z-00-DX1.51896C31-235E-48EF-90F7-FC05350CA564_(86800,22568).jpg",0.99999917,8.8743406e-07,1
"images/TEST/MSIH/TCGA-D5-6927-01Z-00-DX1.ff21d627-dbb8-4200-937b-f8be8b86b6d4_(74518,12427).jpg",0.99999976,2.1993507e-07,1
"images/TEST/MSIH/TCGA-CM-4746-01Z-00-DX1.c83b9795-bf45-4100-9052-a7e485e0f770_(5709,12979).jpg",0.9999981,1.947298e-06,1
"images/TEST/MSIH/TCGA-F4-6703-01Z-00-DX1.28225f5d-d880-4605-831f-f22ec0272cde_(64880,41589).jpg",0.9999994,5.6606797e-07,1
"images/TEST/MSIH/TCGA-AA-3864-01Z-00-DX1.f6992bc7-ba05-4c30-9500-8f7b07b30f9a_(18002,21233).jpg",0.99999845,1.5640106e-06,1
"images/TEST/MSIH/TCGA-G4-6309-01Z-00-DX1.3eb20fdc-eb86-4bd5-8194-76b02d4fa472_(39534,61470).jpg",0.9999999,7.413178e-08,1
"images/TEST/MSIH/TCGA-CM-4746-01Z-00-DX1.c83b9795-bf45-4100-9052-a7e485e0f770_(9773,33299).jpg",0.9999982,1.8192857e-06,1
"images/TEST/MSIH/TCGA-AA-3950-01Z-00-DX1.2a81cf11-4c16-4e9e-8809-6f63152060da_(51948,85515).jpg",0.9999999,1.6597774e-07,1
"images/TEST/MSIH/TCGA-AA-3811-01Z-00-DX1.369d7946-911e-4e97-8ae7-32ef12b6b106_(10334,88217).jpg",0.99999976,2.73386e-07,1
"images/TEST/MSIH/TCGA-AA-3877-01Z-00-DX1.36902310-bc0b-4437-9f86-6df85703e0ad_(68930,86446).jpg",0.99999964,3.5703138e-07,1
"images/TEST/MSIH/TCGA-G4-6309-01Z-00-DX1.3eb20fdc-eb86-4bd5-8194-76b02d4fa472_(65950,48262).jpg",0.9999999,1.4482028e-07,1
"images/TEST/MSIH/TCGA-QG-A5Z2-01Z-00-DX2.F2352352-8F00-4BB3-8A62-8D1C1E374F95_(24497,22773).jpg",0.9999999,1.1946813e-07,1
"images/TEST/MSIH/TCGA-CM-4746-01Z-00-DX1.c83b9795-bf45-4100-9052-a7e485e0f770_(22981,41427).jpg",0.9999993,6.580282e-07,1
"images/TEST/MSIH/TCGA-F4-6703-01Z-00-DX1.28225f5d-d880-4605-831f-f22ec0272cde_(64880,60893).jpg",0.99999976,2.0808545e-07,1
"images/TEST/MSIH/TCGA-AA-A01P-01Z-00-DX1.D7AAA4F0-C956-4346-8948-DADACDFB3B69_(65632,82378).jpg",0.99999833,1.7274217e-06,1
"images/TEST/MSIH/TCGA-AD-6889-01Z-00-DX1.5269A81E-5391-4875-8F2A-6505BC5BBFD9_(51459,16390).jpg",1.0,5.908149e-08,1
"images/TEST/MSIH/TCGA-AA-A01P-01Z-00-DX1.D7AAA4F0-C956-4346-8948-DADACDFB3B69_(73339,90085).jpg",0.9999994,6.0427334e-07,1
"images/TEST/MSIH/TCGA-AD-6889-01Z-00-DX1.5269A81E-5391-4875-8F2A-6505BC5BBFD9_(36219,14358).jpg",0.9999989,1.1041366e-06,1
"images/TEST/MSIH/TCGA-QG-A5Z2-01Z-00-DX1.51896C31-235E-48EF-90F7-FC05350CA564_(41215,5347).jpg",0.9999995,5.058475e-07,1
"images/TEST/MSIH/TCGA-AD-6889-01Z-00-DX1.5269A81E-5391-4875-8F2A-6505BC5BBFD9_(23011,7246).jpg",0.99999523,4.761723e-06,1
"images/TEST/MSIH/TCGA-CK-6747-01Z-00-DX1.7824596c-84db-4bee-b149-cd8f617c285f_(66248,25294).jpg",0.9999999,1.6349897e-07,1
"images/TEST/MSIH/TCGA-A6-6653-01Z-00-DX1.e130666d-2681-4382-9e7a-4a4d27cb77a4_(91364,18586).jpg",0.99999976,2.8847734e-07,1
"images/TEST/MSIH/TCGA-AA-3877-01Z-00-DX1.36902310-bc0b-4437-9f86-6df85703e0ad_(49112,79840).jpg",0.9999999,1.6926589e-07,1
"images/TEST/MSIH/TCGA-AA-3811-01Z-00-DX1.369d7946-911e-4e97-8ae7-32ef12b6b106_(7031,113540).jpg",0.99999976,2.0661798e-07,1
"images/TEST/MSIH/TCGA-G4-6309-01Z-00-DX1.3eb20fdc-eb86-4bd5-8194-76b02d4fa472_(45630,53342).jpg",0.9999994,6.0875254e-07,1
"images/TEST/MSIH/TCGA-AA-3715-01Z-00-DX1.24d6e746-ad61-4587-a2b9-8903331b279c_(40700,42762).jpg",0.9999994,6.460964e-07,1
"images/TEST/MSIH/TCGA-CM-4743-01Z-00-DX1.f54a6355-5623-498c-96b9-2ff1de6576c6_(52579,53129).jpg",0.9999999,1.0319443e-07,1
"images/TEST/MSIH/TCGA-AA-3950-01Z-00-DX1.2a81cf11-4c16-4e9e-8809-6f63152060da_(38736,84414).jpg",0.9999999,1.13448074e-07,1
"images/TEST/MSIH/TCGA-QG-A5Z2-01Z-00-DX1.51896C31-235E-48EF-90F7-FC05350CA564_(65527,10412).jpg",0.9999995,5.1680524e-07,1
"images/TEST/MSIH/TCGA-G4-6309-01Z-00-DX1.3eb20fdc-eb86-4bd5-8194-76b02d4fa472_(65950,54358).jpg",0.9999995,4.5733427e-07,1
"images/TEST/MSIH/TCGA-AA-A01P-01Z-00-DX1.D7AAA4F0-C956-4346-8948-DADACDFB3B69_(75541,95590).jpg",0.9999994,6.106697e-07,1
"images/TEST/MSIH/TCGA-AA-A01P-01Z-00-DX1.D7AAA4F0-C956-4346-8948-DADACDFB3B69_(55723,71368).jpg",0.99999917,7.866767e-07,1
"images/TEST/MSIH/TCGA-AA-3715-01Z-00-DX1.24d6e746-ad61-4587-a2b9-8903331b279c_(37397,49368).jpg",0.9999994,6.5176584e-07,1
"images/TEST/MSIH/TCGA-AA-A01P-01Z-00-DX1.D7AAA4F0-C956-4346-8948-DADACDFB3B69_(41410,86782).jpg",0.99999964,3.4506036e-07,1
"images/TEST/MSIH/TCGA-CM-6674-01Z-00-DX1.4a08b16a-788e-43dc-85d2-baff6e911de2_(64180,66569).jpg",0.9999999,1.3779908e-07,1
"images/TEST/MSIH/TCGA-CK-6746-01Z-00-DX1.0aae8eec-1e82-494b-8779-d79fea8bec0c_(20592,65837).jpg",0.99999976,2.1285942e-07,1
"images/TEST/MSIH/TCGA-G4-6309-01Z-00-DX1.3eb20fdc-eb86-4bd5-8194-76b02d4fa472_(86270,47246).jpg",0.99999905,9.572307e-07,1
"images/TEST/MSIH/TCGA-CM-4743-01Z-00-DX1.f54a6355-5623-498c-96b9-2ff1de6576c6_(72899,24681).jpg",0.99999964,3.9435324e-07,1
"images/TEST/MSIH/TCGA-CM-4746-01Z-00-DX1.c83b9795-bf45-4100-9052-a7e485e0f770_(65653,28219).jpg",0.99999964,3.0895276e-07,1
"images/TEST/MSIH/TCGA-AA-3811-01Z-00-DX1.369d7946-911e-4e97-8ae7-32ef12b6b106_(8132,116843).jpg",0.99999964,3.4672124e-07,1
"images/TEST/MSIH/TCGA-AA-3864-01Z-00-DX1.f6992bc7-ba05-4c30-9500-8f7b07b30f9a_(20204,16829).jpg",0.99999964,4.1484554e-07,1
"images/TEST/MSIH/TCGA-QG-A5Z2-01Z-00-DX1.51896C31-235E-48EF-90F7-FC05350CA564_(68566,74231).jpg",0.9999993,7.7395407e-07,1
"images/TEST/MSIH/TCGA-CK-6746-01Z-00-DX1.0aae8eec-1e82-494b-8779-d79fea8bec0c_(51072,65837).jpg",0.9999999,6.504098e-08,1
"images/TEST/MSIH/TCGA-QG-A5Z2-01Z-00-DX2.F2352352-8F00-4BB3-8A62-8D1C1E374F95_(26523,73423).jpg",0.9999999,1.3414729e-07,1
"images/TEST/MSIH/TCGA-A6-6653-01Z-00-DX1.e130666d-2681-4382-9e7a-4a4d27cb77a4_(94412,21634).jpg",0.9999987,1.3637462e-06,1
"images/TEST/MSIH/TCGA-AA-3877-01Z-00-DX1.36902310-bc0b-4437-9f86-6df85703e0ad_(50213,71032).jpg",0.99999964,4.026884e-07,1
"images/TEST/MSIH/TCGA-QG-A5Z2-01Z-00-DX1.51896C31-235E-48EF-90F7-FC05350CA564_(44254,13451).jpg",0.9999999,1.3530543e-07,1
"images/TEST/MSIH/TCGA-AA-A01P-01Z-00-DX1.D7AAA4F0-C956-4346-8948-DADACDFB3B69_(67834,81277).jpg",0.9999994,5.682721e-07,1
"images/TEST/MSIH/TCGA-AA-A01P-01Z-00-DX1.D7AAA4F0-C956-4346-8948-DADACDFB3B69_(41410,55954).jpg",0.9999995,5.016257e-07,1
"images/TEST/MSIH/TCGA-G4-6309-01Z-00-DX1.3eb20fdc-eb86-4bd5-8194-76b02d4fa472_(86270,37086).jpg",0.99999905,9.26382e-07,1
"images/TEST/MSIH/TCGA-F4-6703-01Z-00-DX1.28225f5d-d880-4605-831f-f22ec0272cde_(62848,43621).jpg",0.99999976,2.1746689e-07,1
"images/TEST/MSIH/TCGA-AD-6895-01Z-00-DX1.7FB1FBC6-683B-4285-89D1-A7A20F07A9D4_(12891,6957).jpg",0.9999993,7.009545e-07,1
"images/TEST/MSIH/TCGA-AD-A5EJ-01Z-00-DX1.FA56CEAF-8B70-45EF-A2C9-8AA7BEB3D88A_(25110,23091).jpg",0.99999964,3.3922737e-07,1
"images/TEST/MSIH/TCGA-AD-6889-01Z-00-DX1.5269A81E-5391-4875-8F2A-6505BC5BBFD9_(17931,21470).jpg",0.9999987,1.3264122e-06,1
"images/TEST/MSIH/TCGA-AA-3811-01Z-00-DX1.369d7946-911e-4e97-8ae7-32ef12b6b106_(5930,103631).jpg",0.9999995,4.3856673e-07,1
"images/TEST/MSIH/TCGA-G4-6309-01Z-00-DX1.3eb20fdc-eb86-4bd5-8194-76b02d4fa472_(73062,49278).jpg",0.9999993,6.5904186e-07,1
"images/TEST/MSIH/TCGA-AD-6895-01Z-00-DX1.7FB1FBC6-683B-4285-89D1-A7A20F07A9D4_(1715,6957).jpg",0.9999995,4.2618038e-07,1
"images/TEST/MSIH/TCGA-AA-3811-01Z-00-DX1.369d7946-911e-4e97-8ae7-32ef12b6b106_(9233,100328).jpg",0.99999976,2.9726414e-07,1
"images/TEST/MSIH/TCGA-CM-4746-01Z-00-DX1.c83b9795-bf45-4100-9052-a7e485e0f770_(9773,25171).jpg",0.999995,4.9830087e-06,1
"images/TEST/MSIH/TCGA-AA-3715-01Z-00-DX1.24d6e746-ad61-4587-a2b9-8903331b279c_(37397,52671).jpg",0.99999857,1.4231003e-06,1
"images/TEST/MSIH/TCGA-QG-A5Z2-01Z-00-DX1.51896C31-235E-48EF-90F7-FC05350CA564_(78696,44854).jpg",0.9999999,1.7634437e-07,1
"images/TEST/MSIH/TCGA-AZ-6598-01Z-00-DX1.1fc4cd61-4524-413b-b36d-ad438785bc06_(80246,43984).jpg",0.9999993,6.863016e-07,1
"images/TEST/MSIH/TCGA-D5-6530-01Z-00-DX1.5c4bbcd1-51ba-467d-93f9-f2a9e7c5e010_(69891,71732).jpg",0.9999999,9.665989e-08,1
"images/TEST/MSIH/TCGA-QG-A5Z2-01Z-00-DX1.51896C31-235E-48EF-90F7-FC05350CA564_(74644,15477).jpg",0.9999993,7.603385e-07,1
"images/TEST/MSIH/TCGA-AD-6889-01Z-00-DX1.5269A81E-5391-4875-8F2A-6505BC5BBFD9_(31139,22486).jpg",0.99999774,2.2613679e-06,1
"images/TEST/MSIH/TCGA-AA-3864-01Z-00-DX1.f6992bc7-ba05-4c30-9500-8f7b07b30f9a_(19103,19031).jpg",0.99999905,9.767044e-07,1
"images/TEST/MSIH/TCGA-A6-6653-01Z-00-DX1.e130666d-2681-4382-9e7a-4a4d27cb77a4_(89332,6394).jpg",0.99999964,4.1376572e-07,1
"images/TEST/MSIH/TCGA-QG-A5Z2-01Z-00-DX2.F2352352-8F00-4BB3-8A62-8D1C1E374F95_(72108,72410).jpg",0.9999995,4.4667368e-07,1
"images/TEST/MSIH/TCGA-AZ-6598-01Z-00-DX1.1fc4cd61-4524-413b-b36d-ad438785bc06_(80246,56176).jpg",0.99999964,3.386985e-07,1
"images/TEST/MSIH/TCGA-CM-4746-01Z-00-DX1.c83b9795-bf45-4100-9052-a7e485e0f770_(67685,35331).jpg",0.9999995,4.2653943e-07,1
"images/TEST/MSIH/TCGA-AD-A5EJ-01Z-00-DX1.FA56CEAF-8B70-45EF-A2C9-8AA7BEB3D88A_(20030,25123).jpg",0.9999999,1.6143487e-07,1
"images/TEST/MSIH/TCGA-AD-6889-01Z-00-DX1.5269A81E-5391-4875-8F2A-6505BC5BBFD9_(49427,47886).jpg",0.99999905,9.941729e-07,1
"images/TEST/MSIH/TCGA-CM-4746-01Z-00-DX1.c83b9795-bf45-4100-9052-a7e485e0f770_(74797,33299).jpg",0.9999987,1.2588148e-06,1
"images/TEST/MSIH/TCGA-AA-3877-01Z-00-DX1.36902310-bc0b-4437-9f86-6df85703e0ad_(73334,87547).jpg",0.99999976,2.7795403e-07,1
"images/TEST/MSIH/TCGA-AD-6889-01Z-00-DX1.5269A81E-5391-4875-8F2A-6505BC5BBFD9_(7771,38742).jpg",0.9999993,7.202703e-07,1
"images/TEST/MSIH/TCGA-AD-A5EJ-01Z-00-DX1.FA56CEAF-8B70-45EF-A2C9-8AA7BEB3D88A_(7838,29187).jpg",0.9999995,5.096894e-07,1
"images/TEST/MSIH/TCGA-QG-A5Z2-01Z-00-DX1.51896C31-235E-48EF-90F7-FC05350CA564_(89839,37763).jpg",0.9999999,1.6370085e-07,1
"images/TEST/MSIH/TCGA-CK-6747-01Z-00-DX1.7824596c-84db-4bee-b149-cd8f617c285f_(45928,9038).jpg",0.9999999,1.2040755e-07,1
"images/TEST/MSIH/TCGA-AA-3715-01Z-00-DX1.24d6e746-ad61-4587-a2b9-8903331b279c_(35195,43863).jpg",0.9999989,1.0556402e-06,1
"images/TEST/MSIH/TCGA-D5-6530-01Z-00-DX1.5c4bbcd1-51ba-467d-93f9-f2a9e7c5e010_(82083,64620).jpg",0.99999964,3.182494e-07,1
"images/TEST/MSIH/TCGA-AA-3877-01Z-00-DX1.36902310-bc0b-4437-9f86-6df85703e0ad_(67829,90850).jpg",0.9999994,5.522241e-07,1
"images/TEST/MSIH/TCGA-AD-6889-01Z-00-DX1.5269A81E-5391-4875-8F2A-6505BC5BBFD9_(14883,12326).jpg",0.9999994,6.353115e-07,1
"images/TEST/MSIH/TCGA-AA-A01P-01Z-00-DX1.D7AAA4F0-C956-4346-8948-DADACDFB3B69_(37006,92287).jpg",0.9999993,7.5714456e-07,1
"images/TEST/MSIH/TCGA-QG-A5Z2-01Z-00-DX1.51896C31-235E-48EF-90F7-FC05350CA564_(60462,17503).jpg",0.99999964,3.1948983e-07,1
"images/TEST/MSIH/TCGA-F4-6703-01Z-00-DX1.28225f5d-d880-4605-831f-f22ec0272cde_(56752,48701).jpg",0.9999995,4.2584156e-07,1
"images/TEST/MSIH/TCGA-AZ-6598-01Z-00-DX1.1fc4cd61-4524-413b-b36d-ad438785bc06_(74150,51096).jpg",0.99999976,2.0975305e-07,1
"images/TEST/MSIH/TCGA-CK-6746-01Z-00-DX1.0aae8eec-1e82-494b-8779-d79fea8bec0c_(44976,65837).jpg",0.9999999,1.3195346e-07,1
"images/TEST/MSIH/TCGA-CK-6746-01Z-00-DX1.0aae8eec-1e82-494b-8779-d79fea8bec0c_(42944,73965).jpg",0.9999999,1.0552401e-07,1
"images/TEST/MSIH/TCGA-AD-A5EJ-01Z-00-DX1.FA56CEAF-8B70-45EF-A2C9-8AA7BEB3D88A_(27142,14963).jpg",0.99999964,3.6742657e-07,1
"images/TEST/MSIH/TCGA-CK-6746-01Z-00-DX1.0aae8eec-1e82-494b-8779-d79fea8bec0c_(39896,55677).jpg",0.9999994,6.3036026e-07,1
"images/TEST/MSIH/TCGA-A6-6653-01Z-00-DX1.e130666d-2681-4382-9e7a-4a4d27cb77a4_(93396,22650).jpg",0.99999976,1.838594e-07,1
"images/TEST/MSIH/TCGA-D5-6927-01Z-00-DX1.ff21d627-dbb8-4200-937b-f8be8b86b6d4_(68422,9379).jpg",0.99999964,3.0920893e-07,1
"images/TEST/MSIH/TCGA-AA-3877-01Z-00-DX1.36902310-bc0b-4437-9f86-6df85703e0ad_(59021,88648).jpg",0.9999995,4.925717e-07,1
"images/TEST/MSIH/TCGA-AA-3877-01Z-00-DX1.36902310-bc0b-4437-9f86-6df85703e0ad_(59021,97456).jpg",0.99999964,3.6894136e-07,1
"images/TEST/MSIH/TCGA-CM-4743-01Z-00-DX1.f54a6355-5623-498c-96b9-2ff1de6576c6_(20067,69385).jpg",0.99999976,2.3646771e-07,1
"images/TEST/MSIH/TCGA-CM-4746-01Z-00-DX1.c83b9795-bf45-4100-9052-a7e485e0f770_(66669,16027).jpg",0.99999774,2.3170796e-06,1
"images/TEST/MSIH/TCGA-AA-3877-01Z-00-DX1.36902310-bc0b-4437-9f86-6df85703e0ad_(49112,69931).jpg",0.9999995,5.0869056e-07,1
"images/TEST/MSIH/TCGA-F4-6703-01Z-00-DX1.28225f5d-d880-4605-831f-f22ec0272cde_(85200,47685).jpg",0.99999964,4.126135e-07,1
"images/TEST/MSIH/TCGA-AD-6889-01Z-00-DX1.5269A81E-5391-4875-8F2A-6505BC5BBFD9_(40283,53982).jpg",0.9999988,1.2365115e-06,1
"images/TEST/MSIH/TCGA-AD-6889-01Z-00-DX1.5269A81E-5391-4875-8F2A-6505BC5BBFD9_(35203,27566).jpg",0.99999917,7.773049e-07,1
"images/TEST/MSIH/TCGA-D5-6927-01Z-00-DX1.ff21d627-dbb8-4200-937b-f8be8b86b6d4_(81630,10395).jpg",0.9999994,6.487582e-07,1
"images/TEST/MSIH/TCGA-D5-6530-01Z-00-DX1.5c4bbcd1-51ba-467d-93f9-f2a9e7c5e010_(24171,54460).jpg",0.99999917,7.9363423e-07,1
"images/TEST/MSIH/TCGA-CM-6674-01Z-00-DX1.4a08b16a-788e-43dc-85d2-baff6e911de2_(44876,82825).jpg",0.99999976,2.8202277e-07,1
"images/TEST/MSIH/TCGA-CM-6674-01Z-00-DX1.4a08b16a-788e-43dc-85d2-baff6e911de2_(25572,49297).jpg",0.9999989,1.0330112e-06,1
"images/TEST/MSIH/TCGA-CM-6674-01Z-00-DX1.4a08b16a-788e-43dc-85d2-baff6e911de2_(102788,62505).jpg",0.99999976,2.3513957e-07,1
"images/TEST/MSIH/TCGA-AD-6889-01Z-00-DX1.5269A81E-5391-4875-8F2A-6505BC5BBFD9_(30123,36710).jpg",0.99999976,2.734736e-07,1
"images/TEST/MSIH/TCGA-AA-3877-01Z-00-DX1.36902310-bc0b-4437-9f86-6df85703e0ad_(43607,98557).jpg",0.99999976,2.3494277e-07,1
"images/TEST/MSIH/TCGA-QG-A5Z2-01Z-00-DX2.F2352352-8F00-4BB3-8A62-8D1C1E374F95_(20445,62280).jpg",0.99999964,4.0533578e-07,1
"images/TEST/MSIH/TCGA-AA-3715-01Z-00-DX1.24d6e746-ad61-4587-a2b9-8903331b279c_(51710,37257).jpg",0.999998,2.043481e-06,1
"images/TEST/MSIH/TCGA-AZ-6598-01Z-00-DX1.1fc4cd61-4524-413b-b36d-ad438785bc06_(42654,50080).jpg",0.9999994,5.482905e-07,1
"images/TEST/MSIH/TCGA-D5-6530-01Z-00-DX1.5c4bbcd1-51ba-467d-93f9-f2a9e7c5e010_(34331,61572).jpg",0.9999999,1.6758962e-07,1
"images/TEST/MSIH/TCGA-AZ-6598-01Z-00-DX1.1fc4cd61-4524-413b-b36d-ad438785bc06_(61958,42968).jpg",0.9999994,5.5995406e-07,1
"images/TEST/MSIH/TCGA-A6-6653-01Z-00-DX1.e130666d-2681-4382-9e7a-4a4d27cb77a4_(92380,3346).jpg",0.9999994,5.457442e-07,1
"images/TEST/MSIH/TCGA-AA-3811-01Z-00-DX1.369d7946-911e-4e97-8ae7-32ef12b6b106_(11435,108035).jpg",0.99999976,2.5413283e-07,1
"images/TEST/MSIH/TCGA-A6-6653-01Z-00-DX1.e130666d-2681-4382-9e7a-4a4d27cb77a4_(85268,13506).jpg",0.9999999,1.2519651e-07,1
"images/TEST/MSIH/TCGA-AA-3811-01Z-00-DX1.369d7946-911e-4e97-8ae7-32ef12b6b106_(19142,90419).jpg",0.9999999,6.1607395e-08,1
"images/TEST/MSIH/TCGA-AA-3877-01Z-00-DX1.36902310-bc0b-4437-9f86-6df85703e0ad_(50213,97456).jpg",0.9999999,8.5212136e-08,1
"images/TEST/MSIH/TCGA-AA-A01P-01Z-00-DX1.D7AAA4F0-C956-4346-8948-DADACDFB3B69_(76642,86782).jpg",0.9999989,1.1287239e-06,1
"images/TEST/MSIH/TCGA-AD-A5EJ-01Z-00-DX1.FA56CEAF-8B70-45EF-A2C9-8AA7BEB3D88A_(23078,26139).jpg",0.99999917,8.0061506e-07,1
"images/TEST/MSIH/TCGA-AD-A5EJ-01Z-00-DX1.FA56CEAF-8B70-45EF-A2C9-8AA7BEB3D88A_(12918,19027).jpg",0.9999999,1.18683104e-07,1
"images/TEST/MSIH/TCGA-AD-A5EJ-01Z-00-DX1.FA56CEAF-8B70-45EF-A2C9-8AA7BEB3D88A_(7838,21059).jpg",0.99999976,2.4764265e-07,1
"images/TEST/MSIH/TCGA-AA-3715-01Z-00-DX1.24d6e746-ad61-4587-a2b9-8903331b279c_(38498,39459).jpg",0.9999994,6.3748365e-07,1
"images/TEST/MSIH/TCGA-AA-3950-01Z-00-DX1.2a81cf11-4c16-4e9e-8809-6f63152060da_(50847,75606).jpg",0.99999976,2.0068296e-07,1
"images/TEST/MSIH/TCGA-D5-6530-01Z-00-DX1.5c4bbcd1-51ba-467d-93f9-f2a9e7c5e010_(36363,74780).jpg",0.9999993,7.701563e-07,1
"images/TEST/MSIH/TCGA-QG-A5Z2-01Z-00-DX1.51896C31-235E-48EF-90F7-FC05350CA564_(83761,32698).jpg",0.9999994,5.856907e-07,1
"images/TEST/MSIH/TCGA-AA-3950-01Z-00-DX1.2a81cf11-4c16-4e9e-8809-6f63152060da_(39837,80010).jpg",0.9999999,1.7745884e-07,1
"images/TEST/MSIH/TCGA-AA-3950-01Z-00-DX1.2a81cf11-4c16-4e9e-8809-6f63152060da_(55251,70101).jpg",0.9999999,8.762793e-08,1
"images/TEST/MSIH/TCGA-AA-3715-01Z-00-DX1.24d6e746-ad61-4587-a2b9-8903331b279c_(36296,53772).jpg",0.9999995,4.174175e-07,1
"images/TEST/MSIH/TCGA-CM-4743-01Z-00-DX1.f54a6355-5623-498c-96b9-2ff1de6576c6_(62739,49065).jpg",0.9999994,6.270219e-07,1
"images/TEST/MSIH/TCGA-F4-6703-01Z-00-DX1.28225f5d-d880-4605-831f-f22ec0272cde_(58784,43621).jpg",0.9999995,4.8178254e-07,1
"images/TEST/MSIH/TCGA-AD-A5EJ-01Z-00-DX1.FA56CEAF-8B70-45EF-A2C9-8AA7BEB3D88A_(24094,27155).jpg",0.9999999,1.32221e-07,1
"images/TEST/MSIH/TCGA-CM-4746-01Z-00-DX1.c83b9795-bf45-4100-9052-a7e485e0f770_(85973,38379).jpg",0.99999964,4.1017591e-07,1
"images/TEST/MSIH/TCGA-F4-6703-01Z-00-DX1.28225f5d-d880-4605-831f-f22ec0272cde_(92312,46669).jpg",0.9999999,6.363617e-08,1
"images/TEST/MSIH/TCGA-QG-A5Z2-01Z-00-DX2.F2352352-8F00-4BB3-8A62-8D1C1E374F95_(42731,14669).jpg",0.99999976,2.3893725e-07,1
"images/TEST/MSIH/TCGA-CM-4746-01Z-00-DX1.c83b9795-bf45-4100-9052-a7e485e0f770_(81909,30251).jpg",0.9999999,1.2595626e-07,1
"images/TEST/MSIH/TCGA-CM-4746-01Z-00-DX1.c83b9795-bf45-4100-9052-a7e485e0f770_(88005,36347).jpg",0.9999994,5.4709744e-07,1
"images/TEST/MSIH/TCGA-D5-6927-01Z-00-DX1.ff21d627-dbb8-4200-937b-f8be8b86b6d4_(71470,5315).jpg",0.99999976,1.9340321e-07,1
"images/TEST/MSIH/TCGA-G4-6309-01Z-00-DX1.3eb20fdc-eb86-4bd5-8194-76b02d4fa472_(90334,34038).jpg",0.99999905,1.000722e-06,1
"images/TEST/MSIH/TCGA-AA-3950-01Z-00-DX1.2a81cf11-4c16-4e9e-8809-6f63152060da_(40938,77808).jpg",0.9999995,4.3434864e-07,1
"images/TEST/MSIH/TCGA-D5-6530-01Z-00-DX1.5c4bbcd1-51ba-467d-93f9-f2a9e7c5e010_(47539,69700).jpg",0.9999994,5.762476e-07,1
"images/TEST/MSIH/TCGA-AA-3715-01Z-00-DX1.24d6e746-ad61-4587-a2b9-8903331b279c_(62720,32853).jpg",0.99999774,2.2726254e-06,1
"images/TEST/MSIH/TCGA-AD-A5EJ-01Z-00-DX1.FA56CEAF-8B70-45EF-A2C9-8AA7BEB3D88A_(5806,19027).jpg",0.99999905,9.0159216e-07,1
"images/TEST/MSIH/TCGA-AD-6895-01Z-00-DX1.7FB1FBC6-683B-4285-89D1-A7A20F07A9D4_(4763,1877).jpg",0.9999999,6.950952e-08,1
"images/TEST/MSIH/TCGA-AA-3877-01Z-00-DX1.36902310-bc0b-4437-9f86-6df85703e0ad_(46910,85345).jpg",0.99999976,2.8040827e-07,1
"images/TEST/MSIH/TCGA-CM-4746-01Z-00-DX1.c83b9795-bf45-4100-9052-a7e485e0f770_(29077,16027).jpg",0.99999976,2.3218921e-07,1
"images/TEST/MSIH/TCGA-AD-A5EJ-01Z-00-DX1.FA56CEAF-8B70-45EF-A2C9-8AA7BEB3D88A_(17998,30203).jpg",0.9999999,7.769774e-08,1
"images/TEST/MSIH/TCGA-CM-6674-01Z-00-DX1.4a08b16a-788e-43dc-85d2-baff6e911de2_(75356,74697).jpg",0.99999917,7.947673e-07,1
"images/TEST/MSIH/TCGA-AA-A01P-01Z-00-DX1.D7AAA4F0-C956-4346-8948-DADACDFB3B69_(52420,90085).jpg",0.9999989,1.1243502e-06,1
"images/TEST/MSIH/TCGA-CM-6674-01Z-00-DX1.4a08b16a-788e-43dc-85d2-baff6e911de2_(106852,58441).jpg",0.9999999,8.800531e-08,1
"images/TEST/MSIH/TCGA-AD-6889-01Z-00-DX1.5269A81E-5391-4875-8F2A-6505BC5BBFD9_(27075,37726).jpg",0.9999982,1.7389754e-06,1
"images/TEST/MSIH/TCGA-CK-6746-01Z-00-DX1.0aae8eec-1e82-494b-8779-d79fea8bec0c_(24656,62789).jpg",0.99999964,3.3112903e-07,1
"images/TEST/MSIH/TCGA-CM-4743-01Z-00-DX1.f54a6355-5623-498c-96b9-2ff1de6576c6_(28195,68369).jpg",0.9999999,6.127189e-08,1
"images/TEST/MSIH/TCGA-AA-3811-01Z-00-DX1.369d7946-911e-4e97-8ae7-32ef12b6b106_(11435,104732).jpg",0.99999845,1.5933011e-06,1
"images/TEST/MSIH/TCGA-AA-3864-01Z-00-DX1.f6992bc7-ba05-4c30-9500-8f7b07b30f9a_(12497,19031).jpg",0.9999994,5.396901e-07,1
"images/TEST/MSIH/TCGA-CK-6746-01Z-00-DX1.0aae8eec-1e82-494b-8779-d79fea8bec0c_(16528,57709).jpg",0.9999999,1.0745843e-07,1
"images/TEST/MSIH/TCGA-AA-3877-01Z-00-DX1.36902310-bc0b-4437-9f86-6df85703e0ad_(59021,100759).jpg",0.9999999,1.370574e-07,1
"images/TEST/MSIH/TCGA-AD-6895-01Z-00-DX1.7FB1FBC6-683B-4285-89D1-A7A20F07A9D4_(4763,3909).jpg",0.9999994,6.413822e-07,1
"images/TEST/MSIH/TCGA-AA-A01P-01Z-00-DX1.D7AAA4F0-C956-4346-8948-DADACDFB3B69_(43612,87883).jpg",0.99999905,9.3331556e-07,1
"images/TEST/MSIH/TCGA-A6-6653-01Z-00-DX1.e130666d-2681-4382-9e7a-4a4d27cb77a4_(89332,12490).jpg",0.99999964,3.2580857e-07,1
"images/TEST/MSIH/TCGA-CM-4743-01Z-00-DX1.f54a6355-5623-498c-96b9-2ff1de6576c6_(72899,61257).jpg",0.9999999,9.3158896e-08,1
"images/TEST/MSIH/TCGA-D5-6927-01Z-00-DX1.ff21d627-dbb8-4200-937b-f8be8b86b6d4_(88742,11411).jpg",0.9999943,5.726468e-06,1
"images/TEST/MSIH/TCGA-G4-6309-01Z-00-DX1.3eb20fdc-eb86-4bd5-8194-76b02d4fa472_(38518,58422).jpg",0.9999994,6.206537e-07,1
"images/TEST/MSIH/TCGA-QG-A5Z2-01Z-00-DX2.F2352352-8F00-4BB3-8A62-8D1C1E374F95_(46783,6565).jpg",0.99999905,9.992943e-07,1
"images/TEST/MSIH/TCGA-AA-3811-01Z-00-DX1.369d7946-911e-4e97-8ae7-32ef12b6b106_(11435,87116).jpg",0.99999976,2.5012199e-07,1
"images/TEST/MSIH/TCGA-CM-4746-01Z-00-DX1.c83b9795-bf45-4100-9052-a7e485e0f770_(96133,49555).jpg",0.99999976,2.3488407e-07,1
"images/TEST/MSIH/TCGA-A6-6653-01Z-00-DX1.e130666d-2681-4382-9e7a-4a4d27cb77a4_(93396,8426).jpg",0.9999999,1.0036919e-07,1
"images/TEST/MSIH/TCGA-AA-3715-01Z-00-DX1.24d6e746-ad61-4587-a2b9-8903331b279c_(60518,38358).jpg",0.9999962,3.7648329e-06,1
"images/TEST/MSIH/TCGA-AZ-6598-01Z-00-DX1.1fc4cd61-4524-413b-b36d-ad438785bc06_(85326,54144).jpg",0.9999995,4.773727e-07,1
"images/TEST/MSIH/TCGA-G4-6309-01Z-00-DX1.3eb20fdc-eb86-4bd5-8194-76b02d4fa472_(75094,50294).jpg",0.99999964,4.1684072e-07,1
"images/TEST/MSIH/TCGA-CK-6746-01Z-00-DX1.0aae8eec-1e82-494b-8779-d79fea8bec0c_(39896,60757).jpg",0.9999999,1.2625765e-07,1
"images/TEST/MSIH/TCGA-D5-6927-01Z-00-DX1.ff21d627-dbb8-4200-937b-f8be8b86b6d4_(89758,7347).jpg",0.9999999,7.707148e-08,1
"images/TEST/MSIH/TCGA-F4-6703-01Z-00-DX1.28225f5d-d880-4605-831f-f22ec0272cde_(53704,57845).jpg",0.9999989,1.1212011e-06,1
"images/TEST/MSIH/TCGA-D5-6530-01Z-00-DX1.5c4bbcd1-51ba-467d-93f9-f2a9e7c5e010_(20107,55476).jpg",0.9999995,4.2761548e-07,1
"images/TEST/MSIH/TCGA-CM-4746-01Z-00-DX1.c83b9795-bf45-4100-9052-a7e485e0f770_(13837,31267).jpg",0.99999976,2.3170698e-07,1
"images/TEST/MSIH/TCGA-CM-4746-01Z-00-DX1.c83b9795-bf45-4100-9052-a7e485e0f770_(76829,25171).jpg",0.9999999,1.558613e-07,1
"images/TEST/MSIH/TCGA-CM-4743-01Z-00-DX1.f54a6355-5623-498c-96b9-2ff1de6576c6_(20067,48049).jpg",0.9999999,7.9223696e-08,1
"images/TEST/MSIH/TCGA-AD-6895-01Z-00-DX1.7FB1FBC6-683B-4285-89D1-A7A20F07A9D4_(8827,13053).jpg",0.9999999,9.2706536e-08,1
"images/TEST/MSIH/TCGA-CK-6746-01Z-00-DX1.0aae8eec-1e82-494b-8779-d79fea8bec0c_(48024,46533).jpg",0.9999999,1.3354173e-07,1
"images/TEST/MSIH/TCGA-AA-3811-01Z-00-DX1.369d7946-911e-4e97-8ae7-32ef12b6b106_(7031,98126).jpg",0.99999976,2.5238876e-07,1
"images/TEST/MSIH/TCGA-CM-4746-01Z-00-DX1.c83b9795-bf45-4100-9052-a7e485e0f770_(12821,32283).jpg",0.99999964,2.982608e-07,1
"images/TEST/MSIH/TCGA-AZ-6598-01Z-00-DX1.1fc4cd61-4524-413b-b36d-ad438785bc06_(54846,56176).jpg",0.9999993,6.837277e-07,1
"images/TEST/MSIH/TCGA-A6-6653-01Z-00-DX1.e130666d-2681-4382-9e7a-4a4d27cb77a4_(94412,7410).jpg",0.9999999,1.778877e-07,1
"images/TEST/MSIH/TCGA-AA-3950-01Z-00-DX1.2a81cf11-4c16-4e9e-8809-6f63152060da_(59655,66798).jpg",0.99999905,1.0058956e-06,1
"images/TEST/MSIH/TCGA-QG-A5Z2-01Z-00-DX1.51896C31-235E-48EF-90F7-FC05350CA564_(58436,18516).jpg",0.9999987,1.3470382e-06,1
"images/TEST/MSIH/TCGA-AD-6889-01Z-00-DX1.5269A81E-5391-4875-8F2A-6505BC5BBFD9_(29107,20454).jpg",0.99999976,2.1874902e-07,1
"images/TEST/MSIH/TCGA-AA-3715-01Z-00-DX1.24d6e746-ad61-4587-a2b9-8903331b279c_(37397,46065).jpg",0.9999981,1.8797676e-06,1
"images/TEST/MSIH/TCGA-AA-3811-01Z-00-DX1.369d7946-911e-4e97-8ae7-32ef12b6b106_(4829,89318).jpg",0.99999964,3.6338704e-07,1
"images/TEST/MSIH/TCGA-CM-6674-01Z-00-DX1.4a08b16a-788e-43dc-85d2-baff6e911de2_(44876,56409).jpg",0.99999917,7.8359784e-07,1
"images/TEST/MSIH/TCGA-D5-6530-01Z-00-DX1.5c4bbcd1-51ba-467d-93f9-f2a9e7c5e010_(14011,65636).jpg",0.99999976,2.0313608e-07,1
"images/TEST/MSIH/TCGA-AA-3864-01Z-00-DX1.f6992bc7-ba05-4c30-9500-8f7b07b30f9a_(14699,17930).jpg",0.99999964,3.4416743e-07,1
"images/TEST/MSIH/TCGA-G4-6309-01Z-00-DX1.3eb20fdc-eb86-4bd5-8194-76b02d4fa472_(47662,52326).jpg",0.99999905,9.731008e-07,1
"images/TEST/MSIH/TCGA-AA-3950-01Z-00-DX1.2a81cf11-4c16-4e9e-8809-6f63152060da_(38736,91020).jpg",0.99999976,2.9394943e-07,1
"images/TEST/MSIH/TCGA-AA-3811-01Z-00-DX1.369d7946-911e-4e97-8ae7-32ef12b6b106_(9233,87116).jpg",0.99999976,2.5227445e-07,1
"images/TEST/MSIH/TCGA-AA-A01P-01Z-00-DX1.D7AAA4F0-C956-4346-8948-DADACDFB3B69_(32602,60358).jpg",0.99999976,2.2976684e-07,1
"images/TEST/MSIH/TCGA-AA-A01P-01Z-00-DX1.D7AAA4F0-C956-4346-8948-DADACDFB3B69_(67834,87883).jpg",0.9999994,5.8501524e-07,1
"images/TEST/MSIH/TCGA-AD-6895-01Z-00-DX1.7FB1FBC6-683B-4285-89D1-A7A20F07A9D4_(11875,5941).jpg",0.9999999,1.0845751e-07,1
"images/TEST/MSIH/TCGA-A6-6653-01Z-00-DX1.e130666d-2681-4382-9e7a-4a4d27cb77a4_(101524,4362).jpg",0.99999976,1.9107253e-07,1
"images/TEST/MSIH/TCGA-D5-6530-01Z-00-DX1.5c4bbcd1-51ba-467d-93f9-f2a9e7c5e010_(12995,50396).jpg",0.99999654,3.4326379e-06,1
"images/TEST/MSIH/TCGA-G4-6309-01Z-00-DX1.3eb20fdc-eb86-4bd5-8194-76b02d4fa472_(83222,42166).jpg",0.99999964,3.807443e-07,1
"images/TEST/MSIH/TCGA-CK-6746-01Z-00-DX1.0aae8eec-1e82-494b-8779-d79fea8bec0c_(38880,52629).jpg",0.9999975,2.451762e-06,1
"images/TEST/MSIH/TCGA-F4-6703-01Z-00-DX1.28225f5d-d880-4605-831f-f22ec0272cde_(85200,60893).jpg",0.9999995,4.6082008e-07,1
"images/TEST/MSIH/TCGA-AD-6889-01Z-00-DX1.5269A81E-5391-4875-8F2A-6505BC5BBFD9_(31139,37726).jpg",0.9999989,1.0579714e-06,1
"images/TEST/MSIH/TCGA-CM-4746-01Z-00-DX1.c83b9795-bf45-4100-9052-a7e485e0f770_(74797,7899).jpg",0.99999905,9.068636e-07,1
"images/TEST/MSIH/TCGA-A6-6653-01Z-00-DX1.e130666d-2681-4382-9e7a-4a4d27cb77a4_(95428,25698).jpg",0.99999976,2.6107105e-07,1
"images/TEST/MSIH/TCGA-AA-3811-01Z-00-DX1.369d7946-911e-4e97-8ae7-32ef12b6b106_(5930,91520).jpg",0.99999976,1.9797396e-07,1
"images/TEST/MSIH/TCGA-CK-6746-01Z-00-DX1.0aae8eec-1e82-494b-8779-d79fea8bec0c_(26688,48565).jpg",0.99999917,8.4630784e-07,1
"images/TEST/MSIH/TCGA-AA-3715-01Z-00-DX1.24d6e746-ad61-4587-a2b9-8903331b279c_(37397,42762).jpg",0.9999993,7.595767e-07,1
"images/TEST/MSIH/TCGA-D5-6927-01Z-00-DX1.ff21d627-dbb8-4200-937b-f8be8b86b6d4_(68422,10395).jpg",0.99999976,2.3298973e-07,1
"images/TEST/MSIH/TCGA-CM-6674-01Z-00-DX1.4a08b16a-788e-43dc-85d2-baff6e911de2_(18460,69617).jpg",0.9999999,1.3306892e-07,1
"images/TEST/MSIH/TCGA-CK-6747-01Z-00-DX1.7824596c-84db-4bee-b149-cd8f617c285f_(16464,19198).jpg",0.99999917,7.837226e-07,1
"images/TEST/MSIH/TCGA-D5-6927-01Z-00-DX1.ff21d627-dbb8-4200-937b-f8be8b86b6d4_(89758,15475).jpg",0.9999994,5.927348e-07,1
"images/TEST/MSIH/TCGA-CM-4746-01Z-00-DX1.c83b9795-bf45-4100-9052-a7e485e0f770_(7741,28219).jpg",0.9999999,1.5569921e-07,1
"images/TEST/MSIH/TCGA-QG-A5Z2-01Z-00-DX2.F2352352-8F00-4BB3-8A62-8D1C1E374F95_(11328,58228).jpg",0.99999833,1.6994213e-06,1
"images/TEST/MSIH/TCGA-AD-6895-01Z-00-DX1.7FB1FBC6-683B-4285-89D1-A7A20F07A9D4_(4763,7973).jpg",0.9999982,1.7966796e-06,1
"images/TEST/MSIH/TCGA-D5-6530-01Z-00-DX1.5c4bbcd1-51ba-467d-93f9-f2a9e7c5e010_(9947,62588).jpg",0.9999989,1.0792403e-06,1
"images/TEST/MSIH/TCGA-CK-6746-01Z-00-DX1.0aae8eec-1e82-494b-8779-d79fea8bec0c_(66312,61773).jpg",0.9999999,9.741187e-08,1
"images/TEST/MSIH/TCGA-A6-6653-01Z-00-DX1.e130666d-2681-4382-9e7a-4a4d27cb77a4_(97460,4362).jpg",0.9999995,4.5431307e-07,1
"images/TEST/MSIH/TCGA-AA-A01P-01Z-00-DX1.D7AAA4F0-C956-4346-8948-DADACDFB3B69_(43612,84580).jpg",0.99999976,1.9370778e-07,1
"images/TEST/MSIH/TCGA-D5-6927-01Z-00-DX1.ff21d627-dbb8-4200-937b-f8be8b86b6d4_(80614,11411).jpg",0.9999995,4.5965479e-07,1
"images/TEST/MSIH/TCGA-QG-A5Z2-01Z-00-DX2.F2352352-8F00-4BB3-8A62-8D1C1E374F95_(14367,41007).jpg",0.9999999,7.8061525e-08,1
"images/TEST/MSIH/TCGA-QG-A5Z2-01Z-00-DX1.51896C31-235E-48EF-90F7-FC05350CA564_(80722,19529).jpg",0.9999994,6.011992e-07,1
"images/TEST/MSIH/TCGA-AD-6889-01Z-00-DX1.5269A81E-5391-4875-8F2A-6505BC5BBFD9_(42315,49918).jpg",0.99999976,2.8463887e-07,1
"images/TEST/MSIH/TCGA-AD-6889-01Z-00-DX1.5269A81E-5391-4875-8F2A-6505BC5BBFD9_(34187,34678).jpg",0.9999989,1.088041e-06,1
"images/TEST/MSIH/TCGA-G4-6309-01Z-00-DX1.3eb20fdc-eb86-4bd5-8194-76b02d4fa472_(100494,37086).jpg",0.9999974,2.6194068e-06,1
"images/TEST/MSIH/TCGA-AA-3715-01Z-00-DX1.24d6e746-ad61-4587-a2b9-8903331b279c_(49508,46065).jpg",0.9999987,1.2683514e-06,1
"images/TEST/MSIH/TCGA-CM-4743-01Z-00-DX1.f54a6355-5623-498c-96b9-2ff1de6576c6_(30227,47033).jpg",0.9999999,1.2894151e-07,1
"images/TEST/MSIH/TCGA-D5-6530-01Z-00-DX1.5c4bbcd1-51ba-467d-93f9-f2a9e7c5e010_(50587,74780).jpg",0.99999964,3.6352466e-07,1
"images/TEST/MSIH/TCGA-AD-6889-01Z-00-DX1.5269A81E-5391-4875-8F2A-6505BC5BBFD9_(19963,21470).jpg",0.9999969,3.11898e-06,1
"images/TEST/MSIH/TCGA-CM-4743-01Z-00-DX1.f54a6355-5623-498c-96b9-2ff1de6576c6_(54611,25697).jpg",0.9999994,5.4276586e-07,1
"images/TEST/MSIH/TCGA-AA-3877-01Z-00-DX1.36902310-bc0b-4437-9f86-6df85703e0ad_(56819,99658).jpg",0.9999989,1.0135557e-06,1
"images/TEST/MSIH/TCGA-QG-A5Z2-01Z-00-DX2.F2352352-8F00-4BB3-8A62-8D1C1E374F95_(39692,77475).jpg",0.99999917,8.133346e-07,1
"images/TEST/MSIH/TCGA-AA-3811-01Z-00-DX1.369d7946-911e-4e97-8ae7-32ef12b6b106_(8132,101429).jpg",0.9999999,1.1931783e-07,1
"images/TEST/MSIH/TCGA-QG-A5Z2-01Z-00-DX1.51896C31-235E-48EF-90F7-FC05350CA564_(47293,18516).jpg",0.99999976,2.4204675e-07,1
"images/TEST/MSIH/TCGA-QG-A5Z2-01Z-00-DX1.51896C31-235E-48EF-90F7-FC05350CA564_(67553,72205).jpg",0.9999988,1.1970677e-06,1
"images/TEST/MSIH/TCGA-QG-A5Z2-01Z-00-DX1.51896C31-235E-48EF-90F7-FC05350CA564_(73631,49919).jpg",0.9999987,1.2676163e-06,1
"images/TEST/MSIH/TCGA-CK-6747-01Z-00-DX1.7824596c-84db-4bee-b149-cd8f617c285f_(72344,4974).jpg",0.99999976,2.4339812e-07,1
"images/TEST/MSIH/TCGA-A6-6653-01Z-00-DX1.e130666d-2681-4382-9e7a-4a4d27cb77a4_(91364,10458).jpg",0.99999976,1.9608892e-07,1
"images/TEST/MSIH/TCGA-D5-6927-01Z-00-DX1.ff21d627-dbb8-4200-937b-f8be8b86b6d4_(63342,6331).jpg",0.99999976,2.6649073e-07,1
"images/TEST/MSIH/TCGA-CK-6747-01Z-00-DX1.7824596c-84db-4bee-b149-cd8f617c285f_(8336,20214).jpg",0.99999917,8.557736e-07,1
"images/TEST/MSIH/TCGA-A6-6653-01Z-00-DX1.e130666d-2681-4382-9e7a-4a4d27cb77a4_(91364,5378).jpg",0.9999995,5.2911844e-07,1
"images/TEST/MSIH/TCGA-D5-6927-01Z-00-DX1.ff21d627-dbb8-4200-937b-f8be8b86b6d4_(68422,6331).jpg",0.99999976,2.4617424e-07,1
"images/TEST/MSIH/TCGA-AZ-6598-01Z-00-DX1.1fc4cd61-4524-413b-b36d-ad438785bc06_(34526,48048).jpg",0.99999917,8.5819846e-07,1
"images/TEST/MSIH/TCGA-AZ-6598-01Z-00-DX1.1fc4cd61-4524-413b-b36d-ad438785bc06_(77198,63288).jpg",0.99999976,1.9375581e-07,1
"images/TEST/MSIH/TCGA-CM-4746-01Z-00-DX1.c83b9795-bf45-4100-9052-a7e485e0f770_(15869,18059).jpg",0.9999976,2.3594403e-06,1
"images/TEST/MSIH/TCGA-CM-4743-01Z-00-DX1.f54a6355-5623-498c-96b9-2ff1de6576c6_(44451,35857).jpg",0.9999999,7.03164e-08,1
"images/TEST/MSIH/TCGA-AD-A5EJ-01Z-00-DX1.FA56CEAF-8B70-45EF-A2C9-8AA7BEB3D88A_(20030,22075).jpg",0.99999964,4.113472e-07,1
"images/TEST/MSIH/TCGA-CM-6674-01Z-00-DX1.4a08b16a-788e-43dc-85d2-baff6e911de2_(20492,52345).jpg",0.99999964,3.1739737e-07,1
"images/TEST/MSIH/TCGA-AD-6895-01Z-00-DX1.7FB1FBC6-683B-4285-89D1-A7A20F07A9D4_(7811,6957).jpg",0.99999976,2.0917517e-07,1
"images/TEST/MSIH/TCGA-AD-6889-01Z-00-DX1.5269A81E-5391-4875-8F2A-6505BC5BBFD9_(12851,32646).jpg",0.99999857,1.3745102e-06,1
"images/TEST/MSIH/TCGA-G4-6309-01Z-00-DX1.3eb20fdc-eb86-4bd5-8194-76b02d4fa472_(34454,60454).jpg",0.9999974,2.6528476e-06,1
"images/TEST/MSIH/TCGA-CK-6746-01Z-00-DX1.0aae8eec-1e82-494b-8779-d79fea8bec0c_(11448,62789).jpg",0.9999999,1.13739056e-07,1
"images/TEST/MSIH/TCGA-AA-A01P-01Z-00-DX1.D7AAA4F0-C956-4346-8948-DADACDFB3B69_(68935,98893).jpg",0.9999994,6.135973e-07,1
"images/TEST/MSIH/TCGA-G4-6309-01Z-00-DX1.3eb20fdc-eb86-4bd5-8194-76b02d4fa472_(72046,50294).jpg",0.9999993,6.768507e-07,1
"images/TEST/MSIH/TCGA-D5-6530-01Z-00-DX1.5c4bbcd1-51ba-467d-93f9-f2a9e7c5e010_(18075,60556).jpg",0.9999994,5.5318026e-07,1
"images/TEST/MSIH/TCGA-AA-3811-01Z-00-DX1.369d7946-911e-4e97-8ae7-32ef12b6b106_(14738,106934).jpg",0.99999964,3.5814583e-07,1
"images/TEST/MSIH/TCGA-AD-6889-01Z-00-DX1.5269A81E-5391-4875-8F2A-6505BC5BBFD9_(38251,51950).jpg",0.99999845,1.5455579e-06,1
"images/TEST/MSIH/TCGA-QG-A5Z2-01Z-00-DX2.F2352352-8F00-4BB3-8A62-8D1C1E374F95_(66030,75449).jpg",0.99999785,2.203244e-06,1
"images/TEST/MSIH/TCGA-AD-6889-01Z-00-DX1.5269A81E-5391-4875-8F2A-6505BC5BBFD9_(37235,58046).jpg",0.9999994,5.4685023e-07,1
"images/TEST/MSIH/TCGA-D5-6927-01Z-00-DX1.ff21d627-dbb8-4200-937b-f8be8b86b6d4_(83662,9379).jpg",0.9999999,1.4901764e-07,1
"images/TEST/MSIH/TCGA-D5-6927-01Z-00-DX1.ff21d627-dbb8-4200-937b-f8be8b86b6d4_(66390,19539).jpg",0.99999833,1.68372e-06,1
"images/TEST/MSIH/TCGA-AA-A01P-01Z-00-DX1.D7AAA4F0-C956-4346-8948-DADACDFB3B69_(61228,72469).jpg",0.9999993,7.2334245e-07,1
"images/TEST/MSIH/TCGA-D5-6927-01Z-00-DX1.ff21d627-dbb8-4200-937b-f8be8b86b6d4_(67406,14459).jpg",0.9999994,6.330314e-07,1
"images/TEST/MSIH/TCGA-F4-6703-01Z-00-DX1.28225f5d-d880-4605-831f-f22ec0272cde_(94344,66989).jpg",0.9999981,1.8501339e-06,1
"images/TEST/MSIH/TCGA-AA-3811-01Z-00-DX1.369d7946-911e-4e97-8ae7-32ef12b6b106_(5930,99227).jpg",0.9999999,1.6057946e-07,1
"images/TEST/MSIH/TCGA-G4-6309-01Z-00-DX1.3eb20fdc-eb86-4bd5-8194-76b02d4fa472_(67982,55374).jpg",0.99999905,9.517926e-07,1
"images/TEST/MSIH/TCGA-AA-3877-01Z-00-DX1.36902310-bc0b-4437-9f86-6df85703e0ad_(71132,91951).jpg",0.9999981,1.91344e-06,1
"images/TEST/MSIH/TCGA-AA-3877-01Z-00-DX1.36902310-bc0b-4437-9f86-6df85703e0ad_(45809,85345).jpg",0.9999994,6.401765e-07,1
"images/TEST/MSIH/TCGA-CK-6747-01Z-00-DX1.7824596c-84db-4bee-b149-cd8f617c285f_(80472,18182).jpg",0.9999995,5.3643953e-07,1
"images/TEST/MSIH/TCGA-QG-A5Z2-01Z-00-DX2.F2352352-8F00-4BB3-8A62-8D1C1E374F95_(37666,9604).jpg",0.99999976,2.747498e-07,1
"images/TEST/MSIH/TCGA-F4-6703-01Z-00-DX1.28225f5d-d880-4605-831f-f22ec0272cde_(57768,55813).jpg",0.99999976,2.894474e-07,1
"images/TEST/MSIH/TCGA-AA-3715-01Z-00-DX1.24d6e746-ad61-4587-a2b9-8903331b279c_(32993,54873).jpg",0.99999416,5.884402e-06,1
"images/TEST/MSIH/TCGA-A6-6653-01Z-00-DX1.e130666d-2681-4382-9e7a-4a4d27cb77a4_(100508,8426).jpg",0.99999917,8.7768586e-07,1
"images/TEST/MSIH/TCGA-AA-3877-01Z-00-DX1.36902310-bc0b-4437-9f86-6df85703e0ad_(71132,84244).jpg",0.9999999,7.39839e-08,1
"images/TEST/MSIH/TCGA-AD-6889-01Z-00-DX1.5269A81E-5391-4875-8F2A-6505BC5BBFD9_(28091,38742).jpg",0.9999994,6.3977063e-07,1
"images/TEST/MSIH/TCGA-CM-4746-01Z-00-DX1.c83b9795-bf45-4100-9052-a7e485e0f770_(31109,4851).jpg",0.9999995,5.3348504e-07,1
"images/TEST/MSIH/TCGA-CM-4746-01Z-00-DX1.c83b9795-bf45-4100-9052-a7e485e0f770_(60573,6883).jpg",0.99999964,3.6374487e-07,1
"images/TEST/MSIH/TCGA-CM-4743-01Z-00-DX1.f54a6355-5623-498c-96b9-2ff1de6576c6_(75947,68369).jpg",0.9999994,5.7891026e-07,1
"images/TEST/MSIH/TCGA-F4-6703-01Z-00-DX1.28225f5d-d880-4605-831f-f22ec0272cde_(93328,48701).jpg",0.99999976,2.4157768e-07,1
"images/TEST/MSIH/TCGA-CK-6747-01Z-00-DX1.7824596c-84db-4bee-b149-cd8f617c285f_(29672,30374).jpg",0.99999976,2.528542e-07,1
"images/TEST/MSIH/TCGA-AD-A5EJ-01Z-00-DX1.FA56CEAF-8B70-45EF-A2C9-8AA7BEB3D88A_(16982,34267).jpg",0.99999964,3.7824492e-07,1
"images/TEST/MSIH/TCGA-AD-A5EJ-01Z-00-DX1.FA56CEAF-8B70-45EF-A2C9-8AA7BEB3D88A_(10886,26139).jpg",0.9999995,4.3277083e-07,1
"images/TEST/MSIH/TCGA-CK-6746-01Z-00-DX1.0aae8eec-1e82-494b-8779-d79fea8bec0c_(50056,44501).jpg",0.9999994,5.51884e-07,1
"images/TEST/MSIH/TCGA-AD-6895-01Z-00-DX1.7FB1FBC6-683B-4285-89D1-A7A20F07A9D4_(1715,7973).jpg",0.99999917,8.3977625e-07,1
"images/TEST/MSIH/TCGA-QG-A5Z2-01Z-00-DX1.51896C31-235E-48EF-90F7-FC05350CA564_(79709,14464).jpg",0.9999987,1.3111767e-06,1
"images/TEST/MSIH/TCGA-G4-6309-01Z-00-DX1.3eb20fdc-eb86-4bd5-8194-76b02d4fa472_(51726,62486).jpg",0.9999995,4.614692e-07,1
"images/TEST/MSIH/TCGA-AD-6889-01Z-00-DX1.5269A81E-5391-4875-8F2A-6505BC5BBFD9_(14883,16390).jpg",0.9999999,1.2914667e-07,1
"images/TEST/MSIH/TCGA-QG-A5Z2-01Z-00-DX1.51896C31-235E-48EF-90F7-FC05350CA564_(77683,51945).jpg",0.9999989,1.0487325e-06,1
"images/TEST/MSIH/TCGA-AD-6895-01Z-00-DX1.7FB1FBC6-683B-4285-89D1-A7A20F07A9D4_(12891,7973).jpg",0.99999976,2.2322286e-07,1
"images/TEST/MSIH/TCGA-AD-6889-01Z-00-DX1.5269A81E-5391-4875-8F2A-6505BC5BBFD9_(5739,6230).jpg",0.99999845,1.5799102e-06,1
"images/TEST/MSIH/TCGA-G4-6309-01Z-00-DX1.3eb20fdc-eb86-4bd5-8194-76b02d4fa472_(83222,43182).jpg",0.99999845,1.5935474e-06,1
"images/TEST/MSIH/TCGA-AA-3950-01Z-00-DX1.2a81cf11-4c16-4e9e-8809-6f63152060da_(57453,72303).jpg",0.99999976,2.4093234e-07,1
"images/TEST/MSIH/TCGA-AD-A5EJ-01Z-00-DX1.FA56CEAF-8B70-45EF-A2C9-8AA7BEB3D88A_(20030,24107).jpg",0.9999999,1.2696182e-07,1
"images/TEST/MSIH/TCGA-G4-6309-01Z-00-DX1.3eb20fdc-eb86-4bd5-8194-76b02d4fa472_(58838,54358).jpg",0.9999999,1.5036711e-07,1
"images/TEST/MSIH/TCGA-AA-3864-01Z-00-DX1.f6992bc7-ba05-4c30-9500-8f7b07b30f9a_(14699,12425).jpg",0.9999994,5.6364337e-07,1
"images/TEST/MSIH/TCGA-F4-6703-01Z-00-DX1.28225f5d-d880-4605-831f-f22ec0272cde_(84184,48701).jpg",0.99999964,3.877846e-07,1
"images/TEST/MSIH/TCGA-AA-3877-01Z-00-DX1.36902310-bc0b-4437-9f86-6df85703e0ad_(57920,96355).jpg",0.99999976,2.8143276e-07,1
"images/TEST/MSIH/TCGA-AA-A01P-01Z-00-DX1.D7AAA4F0-C956-4346-8948-DADACDFB3B69_(77743,87883).jpg",0.9999999,9.807482e-08,1
"images/TEST/MSIH/TCGA-AA-3864-01Z-00-DX1.f6992bc7-ba05-4c30-9500-8f7b07b30f9a_(15800,25637).jpg",0.99999964,3.152011e-07,1
"images/TEST/MSIH/TCGA-AA-3811-01Z-00-DX1.369d7946-911e-4e97-8ae7-32ef12b6b106_(4829,100328).jpg",0.9999993,7.269767e-07,1
"images/TEST/MSIH/TCGA-CM-4743-01Z-00-DX1.f54a6355-5623-498c-96b9-2ff1de6576c6_(51563,50081).jpg",1.0,4.8040608e-08,1
"images/TEST/MSIH/TCGA-F4-6703-01Z-00-DX1.28225f5d-d880-4605-831f-f22ec0272cde_(99424,61909).jpg",0.9999994,5.906504e-07,1
"images/TEST/MSIH/TCGA-AZ-6598-01Z-00-DX1.1fc4cd61-4524-413b-b36d-ad438785bc06_(29446,57192).jpg",0.9999999,1.1915091e-07,1
"images/TEST/MSIH/TCGA-D5-6530-01Z-00-DX1.5c4bbcd1-51ba-467d-93f9-f2a9e7c5e010_(28235,64620).jpg",0.99999964,3.9606172e-07,1
"images/TEST/MSIH/TCGA-AA-A01P-01Z-00-DX1.D7AAA4F0-C956-4346-8948-DADACDFB3B69_(33703,58156).jpg",0.9999999,8.831218e-08,1
"images/TEST/MSIH/TCGA-AA-A01P-01Z-00-DX1.D7AAA4F0-C956-4346-8948-DADACDFB3B69_(76642,95590).jpg",0.99999964,3.3591533e-07,1
"images/TEST/MSIH/TCGA-AA-A01P-01Z-00-DX1.D7AAA4F0-C956-4346-8948-DADACDFB3B69_(49117,70267).jpg",0.9999995,5.281374e-07,1
"images/TEST/MSIH/TCGA-AA-3715-01Z-00-DX1.24d6e746-ad61-4587-a2b9-8903331b279c_(34094,49368).jpg",0.99999475,5.266971e-06,1
"images/TEST/MSIH/TCGA-D5-6927-01Z-00-DX1.ff21d627-dbb8-4200-937b-f8be8b86b6d4_(67406,23603).jpg",0.9999989,1.0756224e-06,1
"images/TEST/MSIH/TCGA-CM-6674-01Z-00-DX1.4a08b16a-788e-43dc-85d2-baff6e911de2_(24556,50313).jpg",0.9999999,1.3484708e-07,1
"images/TEST/MSIH/TCGA-CM-4743-01Z-00-DX1.f54a6355-5623-498c-96b9-2ff1de6576c6_(55627,26713).jpg",0.9999995,4.97676e-07,1
"images/TEST/MSIH/TCGA-AD-A5EJ-01Z-00-DX1.FA56CEAF-8B70-45EF-A2C9-8AA7BEB3D88A_(14950,13947).jpg",1.0,5.9415996e-08,1
"images/TEST/MSIH/TCGA-AD-6895-01Z-00-DX1.7FB1FBC6-683B-4285-89D1-A7A20F07A9D4_(5779,10005).jpg",0.9999999,1.3176357e-07,1
"images/TEST/MSIH/TCGA-AA-3950-01Z-00-DX1.2a81cf11-4c16-4e9e-8809-6f63152060da_(51948,72303).jpg",0.9999999,7.570009e-08,1
"images/TEST/MSIH/TCGA-AD-6895-01Z-00-DX1.7FB1FBC6-683B-4285-89D1-A7A20F07A9D4_(11875,13053).jpg",0.9999995,4.9857715e-07,1
"images/TEST/MSIH/TCGA-D5-6927-01Z-00-DX1.ff21d627-dbb8-4200-937b-f8be8b86b6d4_(75534,3283).jpg",0.9999989,1.0630556e-06,1
"images/TEST/MSIH/TCGA-CK-6746-01Z-00-DX1.0aae8eec-1e82-494b-8779-d79fea8bec0c_(45992,42469).jpg",0.99999976,2.7199727e-07,1
"images/TEST/MSIH/TCGA-D5-6530-01Z-00-DX1.5c4bbcd1-51ba-467d-93f9-f2a9e7c5e010_(26203,66652).jpg",0.9999999,1.2892552e-07,1
"images/TEST/MSIH/TCGA-QG-A5Z2-01Z-00-DX1.51896C31-235E-48EF-90F7-FC05350CA564_(84774,15477).jpg",0.9999993,6.8976874e-07,1
"images/TEST/MSIH/TCGA-QG-A5Z2-01Z-00-DX1.51896C31-235E-48EF-90F7-FC05350CA564_(81735,21555).jpg",0.99999917,8.715054e-07,1
"images/TEST/MSIH/TCGA-A6-6653-01Z-00-DX1.e130666d-2681-4382-9e7a-4a4d27cb77a4_(95428,3346).jpg",0.9999999,1.6340917e-07,1
"images/TEST/MSIH/TCGA-D5-6927-01Z-00-DX1.ff21d627-dbb8-4200-937b-f8be8b86b6d4_(64358,19539).jpg",0.99999976,2.7005152e-07,1
"images/TEST/MSIH/TCGA-D5-6927-01Z-00-DX1.ff21d627-dbb8-4200-937b-f8be8b86b6d4_(70454,2267).jpg",0.99999535,4.65591e-06,1
"images/TEST/MSIH/TCGA-AZ-6598-01Z-00-DX1.1fc4cd61-4524-413b-b36d-ad438785bc06_(59926,43984).jpg",0.9999994,5.83142e-07,1
"images/TEST/MSIH/TCGA-AZ-6598-01Z-00-DX1.1fc4cd61-4524-413b-b36d-ad438785bc06_(27414,53128).jpg",0.9999993,7.107853e-07,1
"images/TEST/MSIH/TCGA-G4-6309-01Z-00-DX1.3eb20fdc-eb86-4bd5-8194-76b02d4fa472_(21246,65534).jpg",0.99999964,2.9981965e-07,1
"images/TEST/MSIH/TCGA-CM-4743-01Z-00-DX1.f54a6355-5623-498c-96b9-2ff1de6576c6_(58675,42969).jpg",0.9999994,5.594437e-07,1
"images/TEST/MSIH/TCGA-AA-3950-01Z-00-DX1.2a81cf11-4c16-4e9e-8809-6f63152060da_(40938,80010).jpg",0.99999976,1.7910565e-07,1
"images/TEST/MSIH/TCGA-AA-3715-01Z-00-DX1.24d6e746-ad61-4587-a2b9-8903331b279c_(29690,47166).jpg",0.9999987,1.3190769e-06,1
"images/TEST/MSIH/TCGA-AA-3715-01Z-00-DX1.24d6e746-ad61-4587-a2b9-8903331b279c_(16478,44964).jpg",0.9999976,2.4172712e-06,1
"images/TEST/MSIH/TCGA-D5-6927-01Z-00-DX1.ff21d627-dbb8-4200-937b-f8be8b86b6d4_(63342,23603).jpg",0.99999964,4.1084695e-07,1
"images/TEST/MSIH/TCGA-D5-6927-01Z-00-DX1.ff21d627-dbb8-4200-937b-f8be8b86b6d4_(70454,8363).jpg",0.99999964,3.0467822e-07,1
"images/TEST/MSIH/TCGA-F4-6703-01Z-00-DX1.28225f5d-d880-4605-831f-f22ec0272cde_(70976,40573).jpg",0.99999976,2.7907436e-07,1
"images/TEST/MSIH/TCGA-D5-6530-01Z-00-DX1.5c4bbcd1-51ba-467d-93f9-f2a9e7c5e010_(34331,60556).jpg",0.99999964,4.1084851e-07,1
"images/TEST/MSIH/TCGA-AA-3950-01Z-00-DX1.2a81cf11-4c16-4e9e-8809-6f63152060da_(43140,83313).jpg",1.0,5.4655935e-08,1
"images/TEST/MSIH/TCGA-CM-4746-01Z-00-DX1.c83b9795-bf45-4100-9052-a7e485e0f770_(83941,39395).jpg",0.99999964,3.1970103e-07,1
"images/TEST/MSIH/TCGA-QG-A5Z2-01Z-00-DX1.51896C31-235E-48EF-90F7-FC05350CA564_(76670,43841).jpg",0.99999917,8.299863e-07,1
"images/TEST/MSIH/TCGA-A6-6653-01Z-00-DX1.e130666d-2681-4382-9e7a-4a4d27cb77a4_(93396,19602).jpg",0.99999905,9.27847e-07,1
"images/TEST/MSIH/TCGA-G4-6309-01Z-00-DX1.3eb20fdc-eb86-4bd5-8194-76b02d4fa472_(53758,56390).jpg",0.9999999,8.254854e-08,1
"images/TEST/MSIH/TCGA-QG-A5Z2-01Z-00-DX2.F2352352-8F00-4BB3-8A62-8D1C1E374F95_(56913,76462).jpg",0.9999994,5.825239e-07,1
"images/TEST/MSIH/TCGA-AA-3877-01Z-00-DX1.36902310-bc0b-4437-9f86-6df85703e0ad_(57920,91951).jpg",0.9999999,8.16874e-08,1
"images/TEST/MSIH/TCGA-G4-6309-01Z-00-DX1.3eb20fdc-eb86-4bd5-8194-76b02d4fa472_(28358,64518).jpg",0.99999976,2.3935053e-07,1
"images/TEST/MSIH/TCGA-D5-6530-01Z-00-DX1.5c4bbcd1-51ba-467d-93f9-f2a9e7c5e010_(27219,56492).jpg",0.9999995,4.32647e-07,1
"images/TEST/MSIH/TCGA-D5-6530-01Z-00-DX1.5c4bbcd1-51ba-467d-93f9-f2a9e7c5e010_(27219,70716).jpg",0.99999905,9.560127e-07,1
"images/TEST/MSIH/TCGA-D5-6927-01Z-00-DX1.ff21d627-dbb8-4200-937b-f8be8b86b6d4_(83662,14459).jpg",0.9999995,5.2441237e-07,1
"images/TEST/MSIH/TCGA-D5-6927-01Z-00-DX1.ff21d627-dbb8-4200-937b-f8be8b86b6d4_(75534,15475).jpg",0.99999905,9.554066e-07,1
"images/TEST/MSIH/TCGA-CM-4743-01Z-00-DX1.f54a6355-5623-498c-96b9-2ff1de6576c6_(19051,80561).jpg",0.99999917,8.7729416e-07,1
"images/TEST/MSIH/TCGA-QG-A5Z2-01Z-00-DX2.F2352352-8F00-4BB3-8A62-8D1C1E374F95_(16393,67345).jpg",0.99999964,3.782002e-07,1
"images/TEST/MSIH/TCGA-AA-3950-01Z-00-DX1.2a81cf11-4c16-4e9e-8809-6f63152060da_(47544,72303).jpg",1.0,4.6905736e-08,1
"images/TEST/MSIH/TCGA-D5-6927-01Z-00-DX1.ff21d627-dbb8-4200-937b-f8be8b86b6d4_(79598,14459).jpg",0.9999994,5.7663294e-07,1
"images/TEST/MSIH/TCGA-AA-3950-01Z-00-DX1.2a81cf11-4c16-4e9e-8809-6f63152060da_(55251,71202).jpg",0.9999999,1.5873756e-07,1
"images/TEST/MSIH/TCGA-AZ-6598-01Z-00-DX1.1fc4cd61-4524-413b-b36d-ad438785bc06_(43670,35856).jpg",0.99999976,2.8256497e-07,1
"images/TEST/MSIH/TCGA-CM-4746-01Z-00-DX1.c83b9795-bf45-4100-9052-a7e485e0f770_(35173,25171).jpg",0.99999964,3.0067807e-07,1
"images/TEST/MSIH/TCGA-CM-4743-01Z-00-DX1.f54a6355-5623-498c-96b9-2ff1de6576c6_(84075,62273).jpg",0.99999976,2.0481797e-07,1
"images/TEST/MSIH/TCGA-D5-6927-01Z-00-DX1.ff21d627-dbb8-4200-937b-f8be8b86b6d4_(62326,17507).jpg",0.9999994,5.60531e-07,1
"images/TEST/MSIH/TCGA-AA-3811-01Z-00-DX1.369d7946-911e-4e97-8ae7-32ef12b6b106_(13637,101429).jpg",0.9999999,7.832641e-08,1
"images/TEST/MSIH/TCGA-CM-4746-01Z-00-DX1.c83b9795-bf45-4100-9052-a7e485e0f770_(82925,9931).jpg",0.9999999,1.14424694e-07,1
"images/TEST/MSIH/TCGA-QG-A5Z2-01Z-00-DX2.F2352352-8F00-4BB3-8A62-8D1C1E374F95_(12341,42020).jpg",0.9999999,8.130192e-08,1
"images/TEST/MSIH/TCGA-D5-6530-01Z-00-DX1.5c4bbcd1-51ba-467d-93f9-f2a9e7c5e010_(20107,61572).jpg",0.99999905,9.060959e-07,1
"images/TEST/MSIH/TCGA-G4-6309-01Z-00-DX1.3eb20fdc-eb86-4bd5-8194-76b02d4fa472_(60870,54358).jpg",0.99999964,4.1367338e-07,1
"images/TEST/MSIH/TCGA-AA-3950-01Z-00-DX1.2a81cf11-4c16-4e9e-8809-6f63152060da_(39837,77808).jpg",0.9999999,7.304124e-08,1
"images/TEST/MSIH/TCGA-AA-A01P-01Z-00-DX1.D7AAA4F0-C956-4346-8948-DADACDFB3B69_(75541,96691).jpg",0.9999989,1.0672122e-06,1
"images/TEST/MSIH/TCGA-CM-4746-01Z-00-DX1.c83b9795-bf45-4100-9052-a7e485e0f770_(72765,12979).jpg",0.9999987,1.3159947e-06,1
"images/TEST/MSIH/TCGA-CM-6674-01Z-00-DX1.4a08b16a-788e-43dc-85d2-baff6e911de2_(94660,66569).jpg",0.9999994,6.4194154e-07,1
"images/TEST/MSIH/TCGA-CM-6674-01Z-00-DX1.4a08b16a-788e-43dc-85d2-baff6e911de2_(107868,71649).jpg",0.9999893,1.0733776e-05,1
"images/TEST/MSIH/TCGA-A6-6653-01Z-00-DX1.e130666d-2681-4382-9e7a-4a4d27cb77a4_(93396,10458).jpg",0.9999999,1.3162543e-07,1
"images/TEST/MSIH/TCGA-A6-6653-01Z-00-DX1.e130666d-2681-4382-9e7a-4a4d27cb77a4_(94412,26714).jpg",0.9999993,6.789441e-07,1
"images/TEST/MSIH/TCGA-AA-3811-01Z-00-DX1.369d7946-911e-4e97-8ae7-32ef12b6b106_(8132,88217).jpg",0.9999999,8.369573e-08,1
"images/TEST/MSIH/TCGA-AD-6895-01Z-00-DX1.7FB1FBC6-683B-4285-89D1-A7A20F07A9D4_(3747,10005).jpg",0.99999964,3.6349797e-07,1
"images/TEST/MSIH/TCGA-D5-6927-01Z-00-DX1.ff21d627-dbb8-4200-937b-f8be8b86b6d4_(74518,16491).jpg",0.99999976,2.8939053e-07,1
"images/TEST/MSIH/TCGA-D5-6530-01Z-00-DX1.5c4bbcd1-51ba-467d-93f9-f2a9e7c5e010_(16043,58524).jpg",0.9999995,5.080564e-07,1
"images/TEST/MSIH/TCGA-AA-3950-01Z-00-DX1.2a81cf11-4c16-4e9e-8809-6f63152060da_(54150,67899).jpg",0.99999976,2.2183305e-07,1
"images/TEST/MSIH/TCGA-QG-A5Z2-01Z-00-DX2.F2352352-8F00-4BB3-8A62-8D1C1E374F95_(18419,69371).jpg",0.99999964,3.9801552e-07,1
"images/TEST/MSIH/TCGA-CM-6674-01Z-00-DX1.4a08b16a-788e-43dc-85d2-baff6e911de2_(74340,61489).jpg",0.99999964,3.703811e-07,1
"images/TEST/MSIH/TCGA-AA-A01P-01Z-00-DX1.D7AAA4F0-C956-4346-8948-DADACDFB3B69_(53521,92287).jpg",0.9999981,1.9245801e-06,1
"images/TEST/MSIH/TCGA-F4-6703-01Z-00-DX1.28225f5d-d880-4605-831f-f22ec0272cde_(99424,65973).jpg",0.9999995,5.042157e-07,1
"images/TEST/MSIH/TCGA-CK-6747-01Z-00-DX1.7824596c-84db-4bee-b149-cd8f617c285f_(39832,40534).jpg",0.99999845,1.531452e-06,1
"images/TEST/MSIH/TCGA-F4-6703-01Z-00-DX1.28225f5d-d880-4605-831f-f22ec0272cde_(71992,58861).jpg",0.99999917,8.171224e-07,1
"images/TEST/MSIH/TCGA-QG-A5Z2-01Z-00-DX1.51896C31-235E-48EF-90F7-FC05350CA564_(80722,49919).jpg",0.9999999,1.011373e-07,1
"images/TEST/MSIH/TCGA-AA-3877-01Z-00-DX1.36902310-bc0b-4437-9f86-6df85703e0ad_(45809,83143).jpg",0.99999976,2.6300452e-07,1
"images/TEST/MSIH/TCGA-G4-6309-01Z-00-DX1.3eb20fdc-eb86-4bd5-8194-76b02d4fa472_(44614,55374).jpg",0.9999988,1.2361023e-06,1
"images/TEST/MSIH/TCGA-AA-3877-01Z-00-DX1.36902310-bc0b-4437-9f86-6df85703e0ad_(55718,71032).jpg",0.99999964,4.019889e-07,1
"images/TEST/MSIH/TCGA-CK-6747-01Z-00-DX1.7824596c-84db-4bee-b149-cd8f617c285f_(86568,24278).jpg",0.9999994,5.371377e-07,1
"images/TEST/MSIH/TCGA-CK-6747-01Z-00-DX1.7824596c-84db-4bee-b149-cd8f617c285f_(15448,11070).jpg",0.99999917,8.1685357e-07,1
"images/TEST/MSIH/TCGA-F4-6703-01Z-00-DX1.28225f5d-d880-4605-831f-f22ec0272cde_(66912,49717).jpg",0.9999994,6.0222237e-07,1
"images/TEST/MSIH/TCGA-AA-3950-01Z-00-DX1.2a81cf11-4c16-4e9e-8809-6f63152060da_(42039,75606).jpg",0.9999999,9.524412e-08,1
"images/TEST/MSIH/TCGA-CK-6747-01Z-00-DX1.7824596c-84db-4bee-b149-cd8f617c285f_(19512,28342).jpg",0.99999917,8.8670816e-07,1
"images/TEST/MSIH/TCGA-CM-4743-01Z-00-DX1.f54a6355-5623-498c-96b9-2ff1de6576c6_(65787,72433).jpg",0.9999999,1.6930576e-07,1
"images/TEST/MSIH/TCGA-CK-6746-01Z-00-DX1.0aae8eec-1e82-494b-8779-d79fea8bec0c_(59200,49581).jpg",0.99999976,2.646081e-07,1
"images/TEST/MSIH/TCGA-CM-4743-01Z-00-DX1.f54a6355-5623-498c-96b9-2ff1de6576c6_(32259,63289).jpg",0.99999976,2.3074554e-07,1
"images/TEST/MSIH/TCGA-CM-6674-01Z-00-DX1.4a08b16a-788e-43dc-85d2-baff6e911de2_(63164,59457).jpg",1.0,3.81485e-08,1
"images/TEST/MSIH/TCGA-AD-6895-01Z-00-DX1.7FB1FBC6-683B-4285-89D1-A7A20F07A9D4_(12891,3909).jpg",0.9999995,4.2646053e-07,1
"images/TEST/MSIH/TCGA-AZ-6598-01Z-00-DX1.1fc4cd61-4524-413b-b36d-ad438785bc06_(83294,69384).jpg",0.9999988,1.1915947e-06,1
"images/TEST/MSIH/TCGA-AA-3715-01Z-00-DX1.24d6e746-ad61-4587-a2b9-8903331b279c_(16478,50469).jpg",0.9999995,5.230338e-07,1
"images/TEST/MSIH/TCGA-CK-6746-01Z-00-DX1.0aae8eec-1e82-494b-8779-d79fea8bec0c_(69360,58725).jpg",1.0,5.2300788e-08,1
"images/TEST/MSIH/TCGA-AA-A01P-01Z-00-DX1.D7AAA4F0-C956-4346-8948-DADACDFB3B69_(34804,76873).jpg",0.99999976,2.921357e-07,1
"images/TEST/MSIH/TCGA-F4-6703-01Z-00-DX1.28225f5d-d880-4605-831f-f22ec0272cde_(64880,56829).jpg",0.99999857,1.4764662e-06,1
"images/TEST/MSIH/TCGA-AA-3950-01Z-00-DX1.2a81cf11-4c16-4e9e-8809-6f63152060da_(36534,83313).jpg",0.99999976,1.8421323e-07,1
"images/TEST/MSIH/TCGA-CK-6747-01Z-00-DX1.7824596c-84db-4bee-b149-cd8f617c285f_(83520,29358).jpg",0.99999964,4.0465213e-07,1
"images/TEST/MSIH/TCGA-F4-6703-01Z-00-DX1.28225f5d-d880-4605-831f-f22ec0272cde_(79104,59877).jpg",0.99999976,2.1962822e-07,1
"images/TEST/MSIH/TCGA-AA-3715-01Z-00-DX1.24d6e746-ad61-4587-a2b9-8903331b279c_(37397,51570).jpg",0.9999999,1.7302892e-07,1
"images/TEST/MSIH/TCGA-AA-3715-01Z-00-DX1.24d6e746-ad61-4587-a2b9-8903331b279c_(19781,39459).jpg",0.9999999,1.6490016e-07,1
"images/TEST/MSIH/TCGA-AA-3864-01Z-00-DX1.f6992bc7-ba05-4c30-9500-8f7b07b30f9a_(12497,16829).jpg",0.99999964,4.1491083e-07,1
"images/TEST/MSIH/TCGA-D5-6927-01Z-00-DX1.ff21d627-dbb8-4200-937b-f8be8b86b6d4_(78582,12427).jpg",0.9999995,5.26839e-07,1
"images/TEST/MSIH/TCGA-QG-A5Z2-01Z-00-DX1.51896C31-235E-48EF-90F7-FC05350CA564_(75657,12438).jpg",0.99999857,1.3948605e-06,1
"images/TEST/MSIH/TCGA-CK-6747-01Z-00-DX1.7824596c-84db-4bee-b149-cd8f617c285f_(44912,24278).jpg",0.9999995,4.239731e-07,1
"images/TEST/MSIH/TCGA-CM-6674-01Z-00-DX1.4a08b16a-788e-43dc-85d2-baff6e911de2_(108884,54377).jpg",0.9999999,7.206441e-08,1
"images/TEST/MSIH/TCGA-AA-3877-01Z-00-DX1.36902310-bc0b-4437-9f86-6df85703e0ad_(71132,94153).jpg",0.99999976,2.7210132e-07,1
"images/TEST/MSIH/TCGA-CK-6746-01Z-00-DX1.0aae8eec-1e82-494b-8779-d79fea8bec0c_(57168,60757).jpg",0.99999964,3.9262068e-07,1
"images/TEST/MSIH/TCGA-CK-6746-01Z-00-DX1.0aae8eec-1e82-494b-8779-d79fea8bec0c_(66312,55677).jpg",0.9999999,1.1630667e-07,1
"images/TEST/MSIH/TCGA-AD-6889-01Z-00-DX1.5269A81E-5391-4875-8F2A-6505BC5BBFD9_(14883,10294).jpg",0.99999976,2.8891347e-07,1
"images/TEST/MSIH/TCGA-CM-4743-01Z-00-DX1.f54a6355-5623-498c-96b9-2ff1de6576c6_(27179,39921).jpg",0.99999905,9.252862e-07,1
"images/TEST/MSIH/TCGA-AA-3950-01Z-00-DX1.2a81cf11-4c16-4e9e-8809-6f63152060da_(38736,89919).jpg",0.9999999,1.0149074e-07,1
"images/TEST/MSIH/TCGA-AA-3715-01Z-00-DX1.24d6e746-ad61-4587-a2b9-8903331b279c_(14276,41661).jpg",0.999998,1.991016e-06,1
"images/TEST/MSIH/TCGA-CM-4743-01Z-00-DX1.f54a6355-5623-498c-96b9-2ff1de6576c6_(11939,36873).jpg",0.9999994,5.6321994e-07,1
"images/TEST/MSIH/TCGA-AD-6895-01Z-00-DX1.7FB1FBC6-683B-4285-89D1-A7A20F07A9D4_(8827,4925).jpg",0.99999976,2.7818047e-07,1
"images/TEST/MSIH/TCGA-CM-6674-01Z-00-DX1.4a08b16a-788e-43dc-85d2-baff6e911de2_(55036,62505).jpg",0.9999994,6.0884435e-07,1
"images/TEST/MSIH/TCGA-G4-6309-01Z-00-DX1.3eb20fdc-eb86-4bd5-8194-76b02d4fa472_(83222,38102).jpg",0.9999993,7.0067784e-07,1
"images/TEST/MSIH/TCGA-CK-6747-01Z-00-DX1.7824596c-84db-4bee-b149-cd8f617c285f_(48976,22246).jpg",0.99999964,3.2970885e-07,1
"images/TEST/MSIH/TCGA-CM-4743-01Z-00-DX1.f54a6355-5623-498c-96b9-2ff1de6576c6_(18035,37889).jpg",0.9999999,8.98205e-08,1
"images/TEST/MSIH/TCGA-CM-6674-01Z-00-DX1.4a08b16a-788e-43dc-85d2-baff6e911de2_(107868,69617).jpg",0.9999995,5.3399106e-07,1
"images/TEST/MSIH/TCGA-AD-6889-01Z-00-DX1.5269A81E-5391-4875-8F2A-6505BC5BBFD9_(28091,15374).jpg",0.9999987,1.2810452e-06,1
"images/TEST/MSIH/TCGA-AA-3877-01Z-00-DX1.36902310-bc0b-4437-9f86-6df85703e0ad_(52415,69931).jpg",0.9999993,7.718217e-07,1
"images/TEST/MSIH/TCGA-AZ-6598-01Z-00-DX1.1fc4cd61-4524-413b-b36d-ad438785bc06_(80246,41952).jpg",0.9999995,4.4640626e-07,1
"images/TEST/MSIH/TCGA-AD-A5EJ-01Z-00-DX1.FA56CEAF-8B70-45EF-A2C9-8AA7BEB3D88A_(22062,14963).jpg",0.9999976,2.3553196e-06,1
"images/TEST/MSIH/TCGA-CM-4743-01Z-00-DX1.f54a6355-5623-498c-96b9-2ff1de6576c6_(34291,75481).jpg",0.99999964,4.0075713e-07,1
"images/TEST/MSIH/TCGA-CM-4743-01Z-00-DX1.f54a6355-5623-498c-96b9-2ff1de6576c6_(36323,46017).jpg",0.9999999,6.368341e-08,1
"images/TEST/MSIH/TCGA-A6-6653-01Z-00-DX1.e130666d-2681-4382-9e7a-4a4d27cb77a4_(98476,5378).jpg",0.99999964,3.6375667e-07,1
"images/TEST/MSIH/TCGA-CM-6674-01Z-00-DX1.4a08b16a-788e-43dc-85d2-baff6e911de2_(59100,77745).jpg",0.9999989,1.0497351e-06,1
"images/TEST/MSIH/TCGA-QG-A5Z2-01Z-00-DX2.F2352352-8F00-4BB3-8A62-8D1C1E374F95_(43744,10617).jpg",0.99999905,9.788529e-07,1
"images/TEST/MSIH/TCGA-AZ-6598-01Z-00-DX1.1fc4cd61-4524-413b-b36d-ad438785bc06_(17254,63288).jpg",0.9999999,1.7872689e-07,1
"images/TEST/MSIH/TCGA-D5-6927-01Z-00-DX1.ff21d627-dbb8-4200-937b-f8be8b86b6d4_(69438,13443).jpg",0.9999999,1.2162187e-07,1
"images/TEST/MSIH/TCGA-CM-4746-01Z-00-DX1.c83b9795-bf45-4100-9052-a7e485e0f770_(82925,24155).jpg",0.99999964,3.531462e-07,1
"images/TEST/MSIH/TCGA-AA-3811-01Z-00-DX1.369d7946-911e-4e97-8ae7-32ef12b6b106_(10334,87116).jpg",0.9999999,8.5965354e-08,1
"images/TEST/MSIH/TCGA-G4-6309-01Z-00-DX1.3eb20fdc-eb86-4bd5-8194-76b02d4fa472_(39534,60454).jpg",0.99999964,3.3386112e-07,1
"images/TEST/MSIH/TCGA-QG-A5Z2-01Z-00-DX2.F2352352-8F00-4BB3-8A62-8D1C1E374F95_(11328,37968).jpg",0.99999845,1.5001319e-06,1
"images/TEST/MSIH/TCGA-CM-4743-01Z-00-DX1.f54a6355-5623-498c-96b9-2ff1de6576c6_(63755,55161).jpg",0.99999964,3.4520815e-07,1
"images/TEST/MSIH/TCGA-CM-6674-01Z-00-DX1.4a08b16a-788e-43dc-85d2-baff6e911de2_(19476,58441).jpg",0.99999225,7.802141e-06,1
"images/TEST/MSIH/TCGA-AA-3811-01Z-00-DX1.369d7946-911e-4e97-8ae7-32ef12b6b106_(7031,95924).jpg",0.99999964,3.6895258e-07,1
"images/TEST/MSIH/TCGA-CM-4746-01Z-00-DX1.c83b9795-bf45-4100-9052-a7e485e0f770_(15869,27203).jpg",0.99999857,1.468409e-06,1
"images/TEST/MSIH/TCGA-CK-6746-01Z-00-DX1.0aae8eec-1e82-494b-8779-d79fea8bec0c_(59200,67869).jpg",0.9999999,7.503668e-08,1
"images/TEST/MSIH/TCGA-G4-6309-01Z-00-DX1.3eb20fdc-eb86-4bd5-8194-76b02d4fa472_(63918,57406).jpg",0.99999964,3.3834465e-07,1
"images/TEST/MSIH/TCGA-CM-6674-01Z-00-DX1.4a08b16a-788e-43dc-85d2-baff6e911de2_(67228,72665).jpg",0.9999999,1.6239872e-07,1
"images/TEST/MSIH/TCGA-CM-4746-01Z-00-DX1.c83b9795-bf45-4100-9052-a7e485e0f770_(58541,24155).jpg",0.9999995,4.8985277e-07,1
"images/TEST/MSIH/TCGA-CM-4743-01Z-00-DX1.f54a6355-5623-498c-96b9-2ff1de6576c6_(49531,80561).jpg",0.9999994,6.5513285e-07,1
"images/TEST/MSIH/TCGA-CM-6674-01Z-00-DX1.4a08b16a-788e-43dc-85d2-baff6e911de2_(31668,70633).jpg",0.99999976,2.6657003e-07,1
"images/TEST/MSIH/TCGA-CM-6674-01Z-00-DX1.4a08b16a-788e-43dc-85d2-baff6e911de2_(83484,68601).jpg",0.99999905,9.0825097e-07,1
"images/TEST/MSIH/TCGA-AD-6889-01Z-00-DX1.5269A81E-5391-4875-8F2A-6505BC5BBFD9_(9803,8262).jpg",0.9999994,5.403297e-07,1
"images/TEST/MSIH/TCGA-AD-6889-01Z-00-DX1.5269A81E-5391-4875-8F2A-6505BC5BBFD9_(29107,43822).jpg",0.99999976,2.2326564e-07,1
"images/TEST/MSIH/TCGA-A6-6653-01Z-00-DX1.e130666d-2681-4382-9e7a-4a4d27cb77a4_(91364,9442).jpg",0.9999999,7.557041e-08,1
"images/TEST/MSIH/TCGA-D5-6927-01Z-00-DX1.ff21d627-dbb8-4200-937b-f8be8b86b6d4_(62326,21571).jpg",0.9999999,1.08379766e-07,1
"images/TEST/MSIH/TCGA-QG-A5Z2-01Z-00-DX2.F2352352-8F00-4BB3-8A62-8D1C1E374F95_(17406,68358).jpg",0.99999964,3.7519152e-07,1
"images/TEST/MSIH/TCGA-CM-4743-01Z-00-DX1.f54a6355-5623-498c-96b9-2ff1de6576c6_(8891,33825).jpg",0.9999999,7.539936e-08,1
"images/TEST/MSIH/TCGA-AD-A5EJ-01Z-00-DX1.FA56CEAF-8B70-45EF-A2C9-8AA7BEB3D88A_(13934,32235).jpg",0.9999995,5.0206506e-07,1
"images/TEST/MSIH/TCGA-AA-3811-01Z-00-DX1.369d7946-911e-4e97-8ae7-32ef12b6b106_(12536,89318).jpg",1.0,4.3404718e-08,1
"images/TEST/MSIH/TCGA-CK-6747-01Z-00-DX1.7824596c-84db-4bee-b149-cd8f617c285f_(82504,34438).jpg",0.99999905,9.071698e-07,1
"images/TEST/MSIH/TCGA-AA-3877-01Z-00-DX1.36902310-bc0b-4437-9f86-6df85703e0ad_(70031,86446).jpg",0.9999999,1.4908103e-07,1
"images/TEST/MSIH/TCGA-CM-6674-01Z-00-DX1.4a08b16a-788e-43dc-85d2-baff6e911de2_(88564,75713).jpg",0.9999988,1.2126472e-06,1
"images/TEST/MSIH/TCGA-AA-3715-01Z-00-DX1.24d6e746-ad61-4587-a2b9-8903331b279c_(57215,40560).jpg",0.9999976,2.4335316e-06,1
"images/TEST/MSIH/TCGA-AD-A5EJ-01Z-00-DX1.FA56CEAF-8B70-45EF-A2C9-8AA7BEB3D88A_(6822,19027).jpg",0.9999995,5.240229e-07,1
"images/TEST/MSIH/TCGA-AA-A01P-01Z-00-DX1.D7AAA4F0-C956-4346-8948-DADACDFB3B69_(67834,97792).jpg",0.9999982,1.7741785e-06,1
"images/TEST/MSIH/TCGA-G4-6309-01Z-00-DX1.3eb20fdc-eb86-4bd5-8194-76b02d4fa472_(24294,60454).jpg",0.9999962,3.7670666e-06,1
"images/TEST/MSIH/TCGA-CM-4743-01Z-00-DX1.f54a6355-5623-498c-96b9-2ff1de6576c6_(71883,25697).jpg",0.9999994,6.3750736e-07,1
"images/TEST/MSIH/TCGA-CM-6674-01Z-00-DX1.4a08b16a-788e-43dc-85d2-baff6e911de2_(37764,64537).jpg",0.99999976,2.811173e-07,1
"images/TEST/MSIH/TCGA-G4-6309-01Z-00-DX1.3eb20fdc-eb86-4bd5-8194-76b02d4fa472_(74078,52326).jpg",0.9999988,1.1691258e-06,1
"images/TEST/MSIH/TCGA-AA-3877-01Z-00-DX1.36902310-bc0b-4437-9f86-6df85703e0ad_(55718,97456).jpg",0.99999976,2.3802481e-07,1
"images/TEST/MSIH/TCGA-F4-6703-01Z-00-DX1.28225f5d-d880-4605-831f-f22ec0272cde_(74024,52765).jpg",0.9999999,1.02143055e-07,1
"images/TEST/MSIH/TCGA-CM-4743-01Z-00-DX1.f54a6355-5623-498c-96b9-2ff1de6576c6_(78995,52113).jpg",0.99999976,2.440054e-07,1
"images/TEST/MSIH/TCGA-CM-6674-01Z-00-DX1.4a08b16a-788e-43dc-85d2-baff6e911de2_(67228,64537).jpg",1.0,3.892867e-08,1
"images/TEST/MSIH/TCGA-AA-3864-01Z-00-DX1.f6992bc7-ba05-4c30-9500-8f7b07b30f9a_(20204,19031).jpg",0.9999999,1.7237177e-07,1
"images/TEST/MSIH/TCGA-CK-6747-01Z-00-DX1.7824596c-84db-4bee-b149-cd8f617c285f_(68280,10054).jpg",0.9999995,4.8382685e-07,1
"images/TEST/MSIH/TCGA-CM-4746-01Z-00-DX1.c83b9795-bf45-4100-9052-a7e485e0f770_(33141,18059).jpg",0.9999994,5.8819614e-07,1
"images/TEST/MSIH/TCGA-AA-3864-01Z-00-DX1.f6992bc7-ba05-4c30-9500-8f7b07b30f9a_(19103,8021).jpg",0.9999993,7.0082615e-07,1
"images/TEST/MSIH/TCGA-CM-4746-01Z-00-DX1.c83b9795-bf45-4100-9052-a7e485e0f770_(97149,48539).jpg",0.99999964,4.0248375e-07,1
"images/TEST/MSIH/TCGA-F4-6703-01Z-00-DX1.28225f5d-d880-4605-831f-f22ec0272cde_(51672,53781).jpg",0.9999994,6.110337e-07,1
"images/TEST/MSIH/TCGA-AA-A01P-01Z-00-DX1.D7AAA4F0-C956-4346-8948-DADACDFB3B69_(31501,60358).jpg",0.99999905,9.083446e-07,1
"images/TEST/MSIH/TCGA-D5-6530-01Z-00-DX1.5c4bbcd1-51ba-467d-93f9-f2a9e7c5e010_(48555,72748).jpg",0.99999964,3.9347455e-07,1
"images/TEST/MSIH/TCGA-D5-6927-01Z-00-DX1.ff21d627-dbb8-4200-937b-f8be8b86b6d4_(90774,13443).jpg",0.99999905,9.710243e-07,1
"images/TEST/MSIH/TCGA-AZ-6598-01Z-00-DX1.1fc4cd61-4524-413b-b36d-ad438785bc06_(38590,52112).jpg",0.9999995,4.221277e-07,1
"images/TEST/MSIH/TCGA-A6-6653-01Z-00-DX1.e130666d-2681-4382-9e7a-4a4d27cb77a4_(97460,24682).jpg",0.9999995,4.843412e-07,1
"images/TEST/MSIH/TCGA-AA-3864-01Z-00-DX1.f6992bc7-ba05-4c30-9500-8f7b07b30f9a_(19103,16829).jpg",0.99999964,3.6087837e-07,1
"images/TEST/MSIH/TCGA-QG-A5Z2-01Z-00-DX1.51896C31-235E-48EF-90F7-FC05350CA564_(81735,24594).jpg",0.9999988,1.2114427e-06,1
"images/TEST/MSIH/TCGA-AZ-6598-01Z-00-DX1.1fc4cd61-4524-413b-b36d-ad438785bc06_(27414,57192).jpg",0.9999999,1.288857e-07,1
"images/TEST/MSIH/TCGA-D5-6927-01Z-00-DX1.ff21d627-dbb8-4200-937b-f8be8b86b6d4_(67406,22587).jpg",0.9999994,5.4209085e-07,1
"images/TEST/MSIH/TCGA-AD-6889-01Z-00-DX1.5269A81E-5391-4875-8F2A-6505BC5BBFD9_(6755,37726).jpg",0.99999964,3.8393182e-07,1
"images/TEST/MSIH/TCGA-AA-3950-01Z-00-DX1.2a81cf11-4c16-4e9e-8809-6f63152060da_(54150,71202).jpg",0.99999976,2.1468544e-07,1
"images/TEST/MSIH/TCGA-A6-6653-01Z-00-DX1.e130666d-2681-4382-9e7a-4a4d27cb77a4_(89332,14522).jpg",0.9999999,1.1767609e-07,1
"images/TEST/MSIH/TCGA-G4-6309-01Z-00-DX1.3eb20fdc-eb86-4bd5-8194-76b02d4fa472_(36486,62486).jpg",0.99999976,2.3011705e-07,1
"images/TEST/MSIH/TCGA-D5-6927-01Z-00-DX1.ff21d627-dbb8-4200-937b-f8be8b86b6d4_(70454,19539).jpg",0.99999905,8.975317e-07,1
"images/TEST/MSIH/TCGA-AA-3715-01Z-00-DX1.24d6e746-ad61-4587-a2b9-8903331b279c_(34094,46065).jpg",0.9999999,1.2584411e-07,1
"images/TEST/MSIH/TCGA-AD-6889-01Z-00-DX1.5269A81E-5391-4875-8F2A-6505BC5BBFD9_(38251,19438).jpg",0.99999845,1.5704675e-06,1
"images/TEST/MSIH/TCGA-CM-4746-01Z-00-DX1.c83b9795-bf45-4100-9052-a7e485e0f770_(36189,28219).jpg",0.99999905,9.134613e-07,1
"images/TEST/MSIH/TCGA-CM-4743-01Z-00-DX1.f54a6355-5623-498c-96b9-2ff1de6576c6_(30227,34841).jpg",0.9999995,5.196921e-07,1
"images/TEST/MSIH/TCGA-AD-A5EJ-01Z-00-DX1.FA56CEAF-8B70-45EF-A2C9-8AA7BEB3D88A_(14950,20043).jpg",0.9999994,5.9644844e-07,1
"images/TEST/MSIH/TCGA-AD-A5EJ-01Z-00-DX1.FA56CEAF-8B70-45EF-A2C9-8AA7BEB3D88A_(8854,14963).jpg",0.99999964,3.5384573e-07,1
"images/TEST/MSIH/TCGA-AD-6895-01Z-00-DX1.7FB1FBC6-683B-4285-89D1-A7A20F07A9D4_(4763,6957).jpg",0.99999964,3.212561e-07,1
"images/TEST/MSIH/TCGA-AD-6895-01Z-00-DX1.7FB1FBC6-683B-4285-89D1-A7A20F07A9D4_(9843,8989).jpg",0.99999905,9.885983e-07,1
"images/TEST/MSIH/TCGA-QG-A5Z2-01Z-00-DX2.F2352352-8F00-4BB3-8A62-8D1C1E374F95_(43744,76462).jpg",0.9999993,7.1726515e-07,1
"images/TEST/MSIH/TCGA-CM-6674-01Z-00-DX1.4a08b16a-788e-43dc-85d2-baff6e911de2_(95676,57425).jpg",0.99999976,1.8403553e-07,1
"images/TEST/MSIH/TCGA-AA-3715-01Z-00-DX1.24d6e746-ad61-4587-a2b9-8903331b279c_(35195,53772).jpg",0.9999999,1.7269525e-07,1
"images/TEST/MSIH/TCGA-CM-4746-01Z-00-DX1.c83b9795-bf45-4100-9052-a7e485e0f770_(58541,21107).jpg",0.9999999,1.526471e-07,1
"images/TEST/MSIH/TCGA-D5-6530-01Z-00-DX1.5c4bbcd1-51ba-467d-93f9-f2a9e7c5e010_(17059,55476).jpg",0.9999989,1.1192642e-06,1
"images/TEST/MSIH/TCGA-AD-A5EJ-01Z-00-DX1.FA56CEAF-8B70-45EF-A2C9-8AA7BEB3D88A_(20030,19027).jpg",0.99999976,2.2885799e-07,1
"images/TEST/MSIH/TCGA-G4-6309-01Z-00-DX1.3eb20fdc-eb86-4bd5-8194-76b02d4fa472_(82206,45214).jpg",0.9999968,3.2418404e-06,1
"images/TEST/MSIH/TCGA-CM-4743-01Z-00-DX1.f54a6355-5623-498c-96b9-2ff1de6576c6_(41403,41953).jpg",0.9999994,6.314132e-07,1
"images/TEST/MSIH/TCGA-G4-6309-01Z-00-DX1.3eb20fdc-eb86-4bd5-8194-76b02d4fa472_(85254,37086).jpg",0.99999964,3.1679164e-07,1
"images/TEST/MSIH/TCGA-AA-3811-01Z-00-DX1.369d7946-911e-4e97-8ae7-32ef12b6b106_(11435,101429).jpg",0.9999999,1.0050195e-07,1
"images/TEST/MSIH/TCGA-AA-3950-01Z-00-DX1.2a81cf11-4c16-4e9e-8809-6f63152060da_(43140,75606).jpg",0.99999976,2.1351346e-07,1
"images/TEST/MSIH/TCGA-A6-6653-01Z-00-DX1.e130666d-2681-4382-9e7a-4a4d27cb77a4_(94412,4362).jpg",0.99999976,2.3341342e-07,1
"images/TEST/MSIH/TCGA-F4-6703-01Z-00-DX1.28225f5d-d880-4605-831f-f22ec0272cde_(64880,45653).jpg",0.9999989,1.0299842e-06,1
"images/TEST/MSIH/TCGA-AD-6895-01Z-00-DX1.7FB1FBC6-683B-4285-89D1-A7A20F07A9D4_(14923,2893).jpg",0.9999989,1.0724953e-06,1
"images/TEST/MSIH/TCGA-AA-3877-01Z-00-DX1.36902310-bc0b-4437-9f86-6df85703e0ad_(54617,96355).jpg",0.99999976,2.537913e-07,1
"images/TEST/MSIH/TCGA-AD-6889-01Z-00-DX1.5269A81E-5391-4875-8F2A-6505BC5BBFD9_(41299,16390).jpg",0.99999833,1.7112088e-06,1
"images/TEST/MSIH/TCGA-QG-A5Z2-01Z-00-DX2.F2352352-8F00-4BB3-8A62-8D1C1E374F95_(39692,17708).jpg",0.9999993,7.6183005e-07,1
"images/TEST/MSIH/TCGA-A6-6653-01Z-00-DX1.e130666d-2681-4382-9e7a-4a4d27cb77a4_(101524,7410).jpg",0.99999976,1.8088762e-07,1
"images/TEST/MSIH/TCGA-A6-6653-01Z-00-DX1.e130666d-2681-4382-9e7a-4a4d27cb77a4_(88316,8426).jpg",0.99999976,2.9410478e-07,1
"images/TEST/MSIH/TCGA-CM-6674-01Z-00-DX1.4a08b16a-788e-43dc-85d2-baff6e911de2_(45892,77745).jpg",0.9999995,4.2079967e-07,1
"images/TEST/MSIH/TCGA-QG-A5Z2-01Z-00-DX2.F2352352-8F00-4BB3-8A62-8D1C1E374F95_(57926,74436).jpg",0.9999999,1.16367474e-07,1
"images/TEST/MSIH/TCGA-AZ-6598-01Z-00-DX1.1fc4cd61-4524-413b-b36d-ad438785bc06_(76182,42968).jpg",0.99999976,2.0640745e-07,1
"images/TEST/MSIH/TCGA-A6-6653-01Z-00-DX1.e130666d-2681-4382-9e7a-4a4d27cb77a4_(93396,18586).jpg",0.9999995,5.2509796e-07,1
"images/TEST/MSIH/TCGA-AA-A01P-01Z-00-DX1.D7AAA4F0-C956-4346-8948-DADACDFB3B69_(40309,70267).jpg",0.99999976,2.1168103e-07,1
"images/TEST/MSIH/TCGA-CK-6747-01Z-00-DX1.7824596c-84db-4bee-b149-cd8f617c285f_(37800,24278).jpg",0.99999833,1.6750347e-06,1
"images/TEST/MSIH/TCGA-AA-3715-01Z-00-DX1.24d6e746-ad61-4587-a2b9-8903331b279c_(46205,50469).jpg",0.9999995,4.5051283e-07,1
"images/TEST/MSIH/TCGA-AZ-6598-01Z-00-DX1.1fc4cd61-4524-413b-b36d-ad438785bc06_(54846,53128).jpg",0.99999964,3.2394283e-07,1
"images/TEST/MSIH/TCGA-QG-A5Z2-01Z-00-DX1.51896C31-235E-48EF-90F7-FC05350CA564_(83761,39789).jpg",0.9999987,1.2746885e-06,1
"images/TEST/MSIH/TCGA-CK-6746-01Z-00-DX1.0aae8eec-1e82-494b-8779-d79fea8bec0c_(63264,53645).jpg",0.99999976,2.1631396e-07,1
"images/TEST/MSIH/TCGA-D5-6927-01Z-00-DX1.ff21d627-dbb8-4200-937b-f8be8b86b6d4_(72486,13443).jpg",0.99999964,4.1511188e-07,1
"images/TEST/MSIH/TCGA-F4-6703-01Z-00-DX1.28225f5d-d880-4605-831f-f22ec0272cde_(73008,54797).jpg",0.99999976,2.4656427e-07,1
"images/TEST/MSIH/TCGA-AA-3715-01Z-00-DX1.24d6e746-ad61-4587-a2b9-8903331b279c_(52811,41661).jpg",0.9999995,4.264345e-07,1
"images/TEST/MSIH/TCGA-AZ-6598-01Z-00-DX1.1fc4cd61-4524-413b-b36d-ad438785bc06_(96502,50080).jpg",0.9999975,2.5579309e-06,1
"images/TEST/MSIH/TCGA-AD-6895-01Z-00-DX1.7FB1FBC6-683B-4285-89D1-A7A20F07A9D4_(7811,7973).jpg",0.99999976,2.3095492e-07,1
"images/TEST/MSIH/TCGA-AA-A01P-01Z-00-DX1.D7AAA4F0-C956-4346-8948-DADACDFB3B69_(41410,66964).jpg",0.9999995,4.959849e-07,1
"images/TEST/MSIH/TCGA-F4-6703-01Z-00-DX1.28225f5d-d880-4605-831f-f22ec0272cde_(97392,63941).jpg",0.99999976,2.6827752e-07,1
"images/TEST/MSIH/TCGA-QG-A5Z2-01Z-00-DX1.51896C31-235E-48EF-90F7-FC05350CA564_(60462,75244).jpg",0.9999995,4.3731714e-07,1
"images/TEST/MSIH/TCGA-CM-6674-01Z-00-DX1.4a08b16a-788e-43dc-85d2-baff6e911de2_(110916,66569).jpg",0.99999964,3.5034557e-07,1
"images/TEST/MSIH/TCGA-CK-6747-01Z-00-DX1.7824596c-84db-4bee-b149-cd8f617c285f_(83520,20214).jpg",0.99999976,2.2961548e-07,1
"images/TEST/MSIH/TCGA-AA-3811-01Z-00-DX1.369d7946-911e-4e97-8ae7-32ef12b6b106_(5930,106934).jpg",0.99999976,2.1227132e-07,1
"images/TEST/MSIH/TCGA-CK-6746-01Z-00-DX1.0aae8eec-1e82-494b-8779-d79fea8bec0c_(27704,59741).jpg",1.0,5.058928e-08,1
"images/TEST/MSIH/TCGA-F4-6703-01Z-00-DX1.28225f5d-d880-4605-831f-f22ec0272cde_(95360,57845).jpg",0.9999995,4.5734475e-07,1
"images/TEST/MSIH/TCGA-CK-6747-01Z-00-DX1.7824596c-84db-4bee-b149-cd8f617c285f_(36784,31390).jpg",0.9999995,4.974003e-07,1
"images/TEST/MSIH/TCGA-AA-3811-01Z-00-DX1.369d7946-911e-4e97-8ae7-32ef12b6b106_(5930,92621).jpg",0.99999964,3.36835e-07,1
"images/TEST/MSIH/TCGA-AA-3950-01Z-00-DX1.2a81cf11-4c16-4e9e-8809-6f63152060da_(42039,83313).jpg",0.9999999,1.6123808e-07,1
"images/TEST/MSIH/TCGA-QG-A5Z2-01Z-00-DX2.F2352352-8F00-4BB3-8A62-8D1C1E374F95_(48809,76462).jpg",0.9999993,6.967065e-07,1
"images/TEST/MSIH/TCGA-CK-6746-01Z-00-DX1.0aae8eec-1e82-494b-8779-d79fea8bec0c_(67328,47549).jpg",0.99999976,2.3689883e-07,1
"images/TEST/MSIH/TCGA-AA-3715-01Z-00-DX1.24d6e746-ad61-4587-a2b9-8903331b279c_(46205,44964).jpg",0.9999974,2.581304e-06,1
"images/TEST/MSIH/TCGA-AD-A5EJ-01Z-00-DX1.FA56CEAF-8B70-45EF-A2C9-8AA7BEB3D88A_(7838,18011).jpg",0.99999976,1.8074691e-07,1
"images/TEST/MSIH/TCGA-AA-3877-01Z-00-DX1.36902310-bc0b-4437-9f86-6df85703e0ad_(50213,73234).jpg",0.99999964,3.7827596e-07,1
"images/TEST/MSIH/TCGA-QG-A5Z2-01Z-00-DX1.51896C31-235E-48EF-90F7-FC05350CA564_(77683,45867).jpg",0.9999995,4.5237874e-07,1
"images/TEST/MSIH/TCGA-F4-6703-01Z-00-DX1.28225f5d-d880-4605-831f-f22ec0272cde_(88248,53781).jpg",0.9999999,8.827277e-08,1
"images/TEST/MSIH/TCGA-D5-6530-01Z-00-DX1.5c4bbcd1-51ba-467d-93f9-f2a9e7c5e010_(16043,51412).jpg",0.9999994,6.495215e-07,1
"images/TEST/MSIH/TCGA-G4-6309-01Z-00-DX1.3eb20fdc-eb86-4bd5-8194-76b02d4fa472_(27342,65534).jpg",0.99999964,4.0333984e-07,1
"images/TEST/MSIH/TCGA-AD-A5EJ-01Z-00-DX1.FA56CEAF-8B70-45EF-A2C9-8AA7BEB3D88A_(12918,28171).jpg",0.9999993,6.820455e-07,1
"images/TEST/MSIH/TCGA-AD-6889-01Z-00-DX1.5269A81E-5391-4875-8F2A-6505BC5BBFD9_(45363,29598).jpg",0.99999964,4.153241e-07,1
"images/TEST/MSIH/TCGA-AA-A01P-01Z-00-DX1.D7AAA4F0-C956-4346-8948-DADACDFB3B69_(39208,58156).jpg",0.9999999,1.1699819e-07,1
"images/TEST/MSIH/TCGA-AD-A5EJ-01Z-00-DX1.FA56CEAF-8B70-45EF-A2C9-8AA7BEB3D88A_(12918,36299).jpg",0.9999995,4.9912376e-07,1
"images/TEST/MSIH/TCGA-CK-6747-01Z-00-DX1.7824596c-84db-4bee-b149-cd8f617c285f_(43896,8022).jpg",0.9999993,7.5005835e-07,1
"images/TEST/MSIH/TCGA-AA-3950-01Z-00-DX1.2a81cf11-4c16-4e9e-8809-6f63152060da_(35433,92121).jpg",1.0,2.889139e-08,1
"images/TEST/MSIH/TCGA-AD-A5EJ-01Z-00-DX1.FA56CEAF-8B70-45EF-A2C9-8AA7BEB3D88A_(5806,28171).jpg",0.9999989,1.059299e-06,1
"images/TEST/MSIH/TCGA-AD-A5EJ-01Z-00-DX1.FA56CEAF-8B70-45EF-A2C9-8AA7BEB3D88A_(5806,22075).jpg",0.9999982,1.7299736e-06,1
"images/TEST/MSIH/TCGA-AD-A5EJ-01Z-00-DX1.FA56CEAF-8B70-45EF-A2C9-8AA7BEB3D88A_(3774,19027).jpg",0.9999982,1.8342296e-06,1
"images/TEST/MSIH/TCGA-CM-4743-01Z-00-DX1.f54a6355-5623-498c-96b9-2ff1de6576c6_(58675,23665).jpg",0.9999995,5.220327e-07,1
"images/TEST/MSIH/TCGA-AD-6889-01Z-00-DX1.5269A81E-5391-4875-8F2A-6505BC5BBFD9_(31139,13342).jpg",0.99999857,1.3736218e-06,1
"images/TEST/MSIH/TCGA-AA-A01P-01Z-00-DX1.D7AAA4F0-C956-4346-8948-DADACDFB3B69_(60127,70267).jpg",0.99999976,2.9139753e-07,1
"images/TEST/MSIH/TCGA-AD-6889-01Z-00-DX1.5269A81E-5391-4875-8F2A-6505BC5BBFD9_(35203,47886).jpg",0.999998,2.015654e-06,1
"images/TEST/MSIH/TCGA-F4-6703-01Z-00-DX1.28225f5d-d880-4605-831f-f22ec0272cde_(77072,49717).jpg",0.9999999,1.7526331e-07,1
"images/TEST/MSIH/TCGA-AD-A5EJ-01Z-00-DX1.FA56CEAF-8B70-45EF-A2C9-8AA7BEB3D88A_(6822,24107).jpg",0.99999845,1.5331457e-06,1
"images/TEST/MSIH/TCGA-CM-4743-01Z-00-DX1.f54a6355-5623-498c-96b9-2ff1de6576c6_(66803,55161).jpg",0.99999964,3.7619762e-07,1
"images/TEST/MSIH/TCGA-G4-6309-01Z-00-DX1.3eb20fdc-eb86-4bd5-8194-76b02d4fa472_(72046,52326).jpg",0.9999987,1.2610581e-06,1
"images/TEST/MSIH/TCGA-AA-A01P-01Z-00-DX1.D7AAA4F0-C956-4346-8948-DADACDFB3B69_(34804,77974).jpg",0.99999964,3.4485376e-07,1
"images/TEST/MSIH/TCGA-D5-6530-01Z-00-DX1.5c4bbcd1-51ba-467d-93f9-f2a9e7c5e010_(3851,57508).jpg",0.9999994,5.8894943e-07,1
"images/TEST/MSIH/TCGA-A6-6653-01Z-00-DX1.e130666d-2681-4382-9e7a-4a4d27cb77a4_(97460,7410).jpg",0.9999999,1.2719913e-07,1
"images/TEST/MSIH/TCGA-QG-A5Z2-01Z-00-DX1.51896C31-235E-48EF-90F7-FC05350CA564_(85787,23581).jpg",0.99999917,8.492962e-07,1
"images/TEST/MSIH/TCGA-AD-6889-01Z-00-DX1.5269A81E-5391-4875-8F2A-6505BC5BBFD9_(28091,24518).jpg",0.99999976,2.9687968e-07,1
"images/TEST/MSIH/TCGA-AA-3950-01Z-00-DX1.2a81cf11-4c16-4e9e-8809-6f63152060da_(45342,77808).jpg",0.9999999,1.13360905e-07,1
"images/TEST/MSIH/TCGA-AZ-6598-01Z-00-DX1.1fc4cd61-4524-413b-b36d-ad438785bc06_(82278,52112).jpg",0.99999976,2.0968007e-07,1
"images/TEST/MSIH/TCGA-QG-A5Z2-01Z-00-DX2.F2352352-8F00-4BB3-8A62-8D1C1E374F95_(48809,71397).jpg",0.9999999,1.0404804e-07,1
"images/TEST/MSIH/TCGA-AA-A01P-01Z-00-DX1.D7AAA4F0-C956-4346-8948-DADACDFB3B69_(74440,97792).jpg",0.99999976,1.8065987e-07,1
"images/TEST/MSIH/TCGA-CM-6674-01Z-00-DX1.4a08b16a-788e-43dc-85d2-baff6e911de2_(38780,82825).jpg",0.99999964,4.002247e-07,1
"images/TEST/MSIH/TCGA-AA-3715-01Z-00-DX1.24d6e746-ad61-4587-a2b9-8903331b279c_(57215,38358).jpg",0.9999969,3.1006107e-06,1
"images/TEST/MSIH/TCGA-AD-6895-01Z-00-DX1.7FB1FBC6-683B-4285-89D1-A7A20F07A9D4_(7811,3909).jpg",0.99999976,2.6571368e-07,1
"images/TEST/MSIH/TCGA-G4-6309-01Z-00-DX1.3eb20fdc-eb86-4bd5-8194-76b02d4fa472_(57822,59438).jpg",0.99999964,3.7782814e-07,1
"images/TEST/MSIH/TCGA-CK-6747-01Z-00-DX1.7824596c-84db-4bee-b149-cd8f617c285f_(78440,7006).jpg",0.9999995,4.66624e-07,1
"images/TEST/MSIH/TCGA-CM-4743-01Z-00-DX1.f54a6355-5623-498c-96b9-2ff1de6576c6_(82043,72433).jpg",0.99999976,2.480835e-07,1
"images/TEST/MSIH/TCGA-D5-6530-01Z-00-DX1.5c4bbcd1-51ba-467d-93f9-f2a9e7c5e010_(47539,76812).jpg",0.9999995,4.85177e-07,1
"images/TEST/MSIH/TCGA-AD-6895-01Z-00-DX1.7FB1FBC6-683B-4285-89D1-A7A20F07A9D4_(7811,1877).jpg",0.9999995,4.2398278e-07,1
"images/TEST/MSIH/TCGA-AA-3811-01Z-00-DX1.369d7946-911e-4e97-8ae7-32ef12b6b106_(8132,104732).jpg",0.9999999,1.06147574e-07,1
"images/TEST/MSIH/TCGA-QG-A5Z2-01Z-00-DX2.F2352352-8F00-4BB3-8A62-8D1C1E374F95_(35640,21760).jpg",0.9999999,8.9867626e-08,1
"images/TEST/MSIH/TCGA-AA-3864-01Z-00-DX1.f6992bc7-ba05-4c30-9500-8f7b07b30f9a_(14699,15728).jpg",0.9999999,1.7579933e-07,1
"images/TEST/MSIH/TCGA-AA-3715-01Z-00-DX1.24d6e746-ad61-4587-a2b9-8903331b279c_(26387,55974).jpg",0.9999975,2.5013298e-06,1
"images/TEST/MSIH/TCGA-AA-A01P-01Z-00-DX1.D7AAA4F0-C956-4346-8948-DADACDFB3B69_(32602,76873).jpg",0.99999964,3.1086557e-07,1
"images/TEST/MSIH/TCGA-AZ-6598-01Z-00-DX1.1fc4cd61-4524-413b-b36d-ad438785bc06_(75166,48048).jpg",0.99999976,1.8346987e-07,1
"images/TEST/MSIH/TCGA-AD-A5EJ-01Z-00-DX1.FA56CEAF-8B70-45EF-A2C9-8AA7BEB3D88A_(16982,26139).jpg",0.99999917,8.549277e-07,1
"images/TEST/MSIH/TCGA-QG-A5Z2-01Z-00-DX2.F2352352-8F00-4BB3-8A62-8D1C1E374F95_(35640,14669).jpg",0.9999994,5.746161e-07,1
"images/TEST/MSIH/TCGA-AA-3811-01Z-00-DX1.369d7946-911e-4e97-8ae7-32ef12b6b106_(8132,108035).jpg",0.99999964,3.6198207e-07,1
"images/TEST/MSIH/TCGA-CK-6746-01Z-00-DX1.0aae8eec-1e82-494b-8779-d79fea8bec0c_(72408,57709).jpg",0.9999999,7.503038e-08,1
"images/TEST/MSIH/TCGA-AZ-6598-01Z-00-DX1.1fc4cd61-4524-413b-b36d-ad438785bc06_(93454,61256).jpg",0.9999995,4.278019e-07,1
"images/TEST/MSIH/TCGA-AA-3811-01Z-00-DX1.369d7946-911e-4e97-8ae7-32ef12b6b106_(14738,90419).jpg",0.9999999,7.064374e-08,1
"images/TEST/MSIH/TCGA-AD-6895-01Z-00-DX1.7FB1FBC6-683B-4285-89D1-A7A20F07A9D4_(17971,13053).jpg",0.9999993,7.487184e-07,1
"images/TEST/MSIH/TCGA-CM-4743-01Z-00-DX1.f54a6355-5623-498c-96b9-2ff1de6576c6_(76963,73449).jpg",0.9999999,8.0050306e-08,1
"images/TEST/MSIH/TCGA-CK-6746-01Z-00-DX1.0aae8eec-1e82-494b-8779-d79fea8bec0c_(42944,40437).jpg",0.9999994,6.1135665e-07,1
"images/TEST/MSIH/TCGA-F4-6703-01Z-00-DX1.28225f5d-d880-4605-831f-f22ec0272cde_(80120,50733).jpg",0.9999988,1.1505689e-06,1
"images/TEST/MSIH/TCGA-AZ-6598-01Z-00-DX1.1fc4cd61-4524-413b-b36d-ad438785bc06_(53830,36872).jpg",0.9999999,1.4508555e-07,1
"images/TEST/MSIH/TCGA-D5-6530-01Z-00-DX1.5c4bbcd1-51ba-467d-93f9-f2a9e7c5e010_(28235,67668).jpg",0.99999964,4.0270183e-07,1
"images/TEST/MSIH/TCGA-F4-6703-01Z-00-DX1.28225f5d-d880-4605-831f-f22ec0272cde_(79104,64957).jpg",0.9999999,1.7292928e-07,1
"images/TEST/MSIH/TCGA-AD-A5EJ-01Z-00-DX1.FA56CEAF-8B70-45EF-A2C9-8AA7BEB3D88A_(22062,30203).jpg",0.99999976,2.1403476e-07,1
"images/TEST/MSIH/TCGA-AA-3811-01Z-00-DX1.369d7946-911e-4e97-8ae7-32ef12b6b106_(7031,94823).jpg",0.9999993,7.6639253e-07,1
"images/TEST/MSIH/TCGA-AA-3811-01Z-00-DX1.369d7946-911e-4e97-8ae7-32ef12b6b106_(11435,88217).jpg",0.9999999,1.1307046e-07,1
"images/TEST/MSIH/TCGA-CK-6746-01Z-00-DX1.0aae8eec-1e82-494b-8779-d79fea8bec0c_(34816,58725).jpg",1.0,5.396902e-08,1
"images/TEST/MSIH/TCGA-AZ-6598-01Z-00-DX1.1fc4cd61-4524-413b-b36d-ad438785bc06_(46718,56176).jpg",0.99999976,1.7890966e-07,1
"images/TEST/MSIH/TCGA-CK-6746-01Z-00-DX1.0aae8eec-1e82-494b-8779-d79fea8bec0c_(13480,64821).jpg",0.9999999,6.0967864e-08,1
"images/TEST/MSIH/TCGA-AA-3877-01Z-00-DX1.36902310-bc0b-4437-9f86-6df85703e0ad_(44708,87547).jpg",0.99999976,2.2431934e-07,1
"images/TEST/MSIH/TCGA-CM-4746-01Z-00-DX1.c83b9795-bf45-4100-9052-a7e485e0f770_(72765,15011).jpg",0.99999964,3.177399e-07,1
"images/TEST/MSIH/TCGA-CK-6746-01Z-00-DX1.0aae8eec-1e82-494b-8779-d79fea8bec0c_(17544,54661).jpg",0.9999999,7.188389e-08,1
"images/TEST/MSIH/TCGA-CM-4746-01Z-00-DX1.c83b9795-bf45-4100-9052-a7e485e0f770_(84957,9931).jpg",0.9999995,4.344182e-07,1
"images/TEST/MSIH/TCGA-QG-A5Z2-01Z-00-DX2.F2352352-8F00-4BB3-8A62-8D1C1E374F95_(29562,65319).jpg",0.99999976,2.2993366e-07,1
"images/TEST/MSIH/TCGA-A6-6653-01Z-00-DX1.e130666d-2681-4382-9e7a-4a4d27cb77a4_(92380,29762).jpg",0.9999995,5.13981e-07,1
"images/TEST/MSIH/TCGA-AA-3715-01Z-00-DX1.24d6e746-ad61-4587-a2b9-8903331b279c_(37397,40560).jpg",0.99999857,1.4489061e-06,1
"images/TEST/MSIH/TCGA-F4-6703-01Z-00-DX1.28225f5d-d880-4605-831f-f22ec0272cde_(79104,43621).jpg",0.99999917,7.8331766e-07,1
"images/TEST/MSIH/TCGA-AA-3811-01Z-00-DX1.369d7946-911e-4e97-8ae7-32ef12b6b106_(5930,93722).jpg",0.9999999,1.2178191e-07,1
"images/TEST/MSIH/TCGA-D5-6927-01Z-00-DX1.ff21d627-dbb8-4200-937b-f8be8b86b6d4_(88742,16491).jpg",0.99999845,1.5903091e-06,1
"images/TEST/MSIH/TCGA-CK-6747-01Z-00-DX1.7824596c-84db-4bee-b149-cd8f617c285f_(34752,25294).jpg",0.9999999,1.4077928e-07,1
"images/TEST/MSIH/TCGA-F4-6703-01Z-00-DX1.28225f5d-d880-4605-831f-f22ec0272cde_(56752,54797).jpg",0.99999976,2.1996277e-07,1
"images/TEST/MSIH/TCGA-AA-3811-01Z-00-DX1.369d7946-911e-4e97-8ae7-32ef12b6b106_(7031,103631).jpg",0.9999999,1.0441643e-07,1
"images/TEST/MSIH/TCGA-AA-3811-01Z-00-DX1.369d7946-911e-4e97-8ae7-32ef12b6b106_(11435,105833).jpg",0.9999988,1.2236019e-06,1
"images/TEST/MSIH/TCGA-AA-3950-01Z-00-DX1.2a81cf11-4c16-4e9e-8809-6f63152060da_(40938,69000).jpg",1.0,3.546592e-08,1
"images/TEST/MSIH/TCGA-AA-3950-01Z-00-DX1.2a81cf11-4c16-4e9e-8809-6f63152060da_(53049,84414).jpg",0.9999999,1.7024664e-07,1
"images/TEST/MSIH/TCGA-D5-6530-01Z-00-DX1.5c4bbcd1-51ba-467d-93f9-f2a9e7c5e010_(63795,75796).jpg",0.9999993,6.7042527e-07,1
"images/TEST/MSIH/TCGA-QG-A5Z2-01Z-00-DX2.F2352352-8F00-4BB3-8A62-8D1C1E374F95_(35640,8591).jpg",0.9999989,1.0936672e-06,1
"images/TEST/MSIH/TCGA-CM-4746-01Z-00-DX1.c83b9795-bf45-4100-9052-a7e485e0f770_(72765,13995).jpg",0.99999976,2.4215805e-07,1
"images/TEST/MSIH/TCGA-AA-3864-01Z-00-DX1.f6992bc7-ba05-4c30-9500-8f7b07b30f9a_(10295,16829).jpg",0.9999995,4.9163356e-07,1
"images/TEST/MSIH/TCGA-AA-3950-01Z-00-DX1.2a81cf11-4c16-4e9e-8809-6f63152060da_(44241,93222).jpg",0.9999999,9.361524e-08,1
"images/TEST/MSIH/TCGA-D5-6927-01Z-00-DX1.ff21d627-dbb8-4200-937b-f8be8b86b6d4_(71470,17507).jpg",0.9999995,4.196895e-07,1
"images/TEST/MSIH/TCGA-AD-A5EJ-01Z-00-DX1.FA56CEAF-8B70-45EF-A2C9-8AA7BEB3D88A_(9870,29187).jpg",0.9999995,5.283359e-07,1
"images/TEST/MSIH/TCGA-F4-6703-01Z-00-DX1.28225f5d-d880-4605-831f-f22ec0272cde_(57768,45653).jpg",0.99999976,2.367649e-07,1
"images/TEST/MSIH/TCGA-AA-3877-01Z-00-DX1.36902310-bc0b-4437-9f86-6df85703e0ad_(71132,93052).jpg",0.99999964,4.1432008e-07,1
"images/TEST/MSIH/TCGA-AD-A5EJ-01Z-00-DX1.FA56CEAF-8B70-45EF-A2C9-8AA7BEB3D88A_(6822,15979).jpg",0.99999964,3.9095724e-07,1
"images/TEST/MSIH/TCGA-A6-6653-01Z-00-DX1.e130666d-2681-4382-9e7a-4a4d27cb77a4_(90348,5378).jpg",0.99999964,3.6291328e-07,1
"images/TEST/MSIH/TCGA-D5-6530-01Z-00-DX1.5c4bbcd1-51ba-467d-93f9-f2a9e7c5e010_(28235,51412).jpg",0.99999905,9.473579e-07,1
"images/TEST/MSIH/TCGA-CM-4746-01Z-00-DX1.c83b9795-bf45-4100-9052-a7e485e0f770_(44317,25171).jpg",0.9999999,8.286593e-08,1
"images/TEST/MSIH/TCGA-AD-6889-01Z-00-DX1.5269A81E-5391-4875-8F2A-6505BC5BBFD9_(16915,32646).jpg",0.9999988,1.1663717e-06,1
"images/TEST/MSIH/TCGA-AA-3950-01Z-00-DX1.2a81cf11-4c16-4e9e-8809-6f63152060da_(39837,78909).jpg",0.9999999,1.4143045e-07,1
"images/TEST/MSIH/TCGA-AZ-6598-01Z-00-DX1.1fc4cd61-4524-413b-b36d-ad438785bc06_(85326,46016).jpg",0.99999976,2.827108e-07,1
"images/TEST/MSIH/TCGA-AD-A5EJ-01Z-00-DX1.FA56CEAF-8B70-45EF-A2C9-8AA7BEB3D88A_(16982,13947).jpg",0.9999999,1.0406372e-07,1
"images/TEST/MSIH/TCGA-F4-6703-01Z-00-DX1.28225f5d-d880-4605-831f-f22ec0272cde_(82152,63941).jpg",0.9999999,1.2056483e-07,1
"images/TEST/MSIH/TCGA-G4-6309-01Z-00-DX1.3eb20fdc-eb86-4bd5-8194-76b02d4fa472_(77126,46230).jpg",0.99999976,2.4643967e-07,1
"images/TEST/MSIH/TCGA-A6-6653-01Z-00-DX1.e130666d-2681-4382-9e7a-4a4d27cb77a4_(91364,16554).jpg",0.9999989,1.0938185e-06,1
"images/TEST/MSIH/TCGA-G4-6309-01Z-00-DX1.3eb20fdc-eb86-4bd5-8194-76b02d4fa472_(72046,51310).jpg",0.9999994,5.8080263e-07,1
"images/TEST/MSIH/TCGA-AZ-6598-01Z-00-DX1.1fc4cd61-4524-413b-b36d-ad438785bc06_(75166,68368).jpg",0.99999976,1.8477839e-07,1
"images/TEST/MSIH/TCGA-F4-6703-01Z-00-DX1.28225f5d-d880-4605-831f-f22ec0272cde_(94344,65973).jpg",0.9999975,2.532872e-06,1
"images/TEST/MSIH/TCGA-CM-4746-01Z-00-DX1.c83b9795-bf45-4100-9052-a7e485e0f770_(74797,18059).jpg",0.9999999,1.0779345e-07,1
"images/TEST/MSIH/TCGA-D5-6530-01Z-00-DX1.5c4bbcd1-51ba-467d-93f9-f2a9e7c5e010_(60747,70716).jpg",0.9999989,1.1298386e-06,1
"images/TEST/MSIH/TCGA-AA-3950-01Z-00-DX1.2a81cf11-4c16-4e9e-8809-6f63152060da_(59655,67899).jpg",0.9999999,9.3220926e-08,1
"images/TEST/MSIH/TCGA-D5-6530-01Z-00-DX1.5c4bbcd1-51ba-467d-93f9-f2a9e7c5e010_(8931,47348).jpg",0.99999464,5.3985514e-06,1
"images/TEST/MSIH/TCGA-CM-4746-01Z-00-DX1.c83b9795-bf45-4100-9052-a7e485e0f770_(43301,29235).jpg",0.99999964,3.263783e-07,1
"images/TEST/MSIH/TCGA-CM-4743-01Z-00-DX1.f54a6355-5623-498c-96b9-2ff1de6576c6_(33275,74465).jpg",0.99999964,3.8745003e-07,1
"images/TEST/MSIH/TCGA-F4-6703-01Z-00-DX1.28225f5d-d880-4605-831f-f22ec0272cde_(68944,61909).jpg",0.9999989,1.0174838e-06,1
"images/TEST/MSIH/TCGA-AD-6895-01Z-00-DX1.7FB1FBC6-683B-4285-89D1-A7A20F07A9D4_(10859,11021).jpg",0.99999964,3.055054e-07,1
"images/TEST/MSIH/TCGA-F4-6703-01Z-00-DX1.28225f5d-d880-4605-831f-f22ec0272cde_(55736,57845).jpg",0.99999976,2.407479e-07,1
"images/TEST/MSIH/TCGA-AA-A01P-01Z-00-DX1.D7AAA4F0-C956-4346-8948-DADACDFB3B69_(74440,96691).jpg",0.9999999,1.4740588e-07,1
"images/TEST/MSIH/TCGA-CK-6747-01Z-00-DX1.7824596c-84db-4bee-b149-cd8f617c285f_(8336,42566).jpg",0.9999999,1.7120465e-07,1
"images/TEST/MSIH/TCGA-CK-6747-01Z-00-DX1.7824596c-84db-4bee-b149-cd8f617c285f_(67264,14118).jpg",0.9999994,5.4660933e-07,1
"images/TEST/MSIH/TCGA-F4-6703-01Z-00-DX1.28225f5d-d880-4605-831f-f22ec0272cde_(83168,38541).jpg",0.99999976,2.2257642e-07,1
"images/TEST/MSIH/TCGA-A6-6653-01Z-00-DX1.e130666d-2681-4382-9e7a-4a4d27cb77a4_(93396,24682).jpg",0.9999995,5.1351753e-07,1
"images/TEST/MSIH/TCGA-AA-A01P-01Z-00-DX1.D7AAA4F0-C956-4346-8948-DADACDFB3B69_(67834,86782).jpg",0.9999976,2.419663e-06,1
"images/TEST/MSIH/TCGA-AD-6889-01Z-00-DX1.5269A81E-5391-4875-8F2A-6505BC5BBFD9_(26059,39758).jpg",0.9999993,7.7025476e-07,1
"images/TEST/MSIH/TCGA-CM-4746-01Z-00-DX1.c83b9795-bf45-4100-9052-a7e485e0f770_(71749,28219).jpg",0.9999999,1.597953e-07,1
"images/TEST/MSIH/TCGA-AD-6889-01Z-00-DX1.5269A81E-5391-4875-8F2A-6505BC5BBFD9_(31139,20454).jpg",0.9999999,1.2472911e-07,1
"images/TEST/MSIH/TCGA-A6-6653-01Z-00-DX1.e130666d-2681-4382-9e7a-4a4d27cb77a4_(93396,4362).jpg",0.99999964,3.2005124e-07,1
"images/TEST/MSIH/TCGA-CM-4743-01Z-00-DX1.f54a6355-5623-498c-96b9-2ff1de6576c6_(43435,78529).jpg",0.9999999,1.6343223e-07,1
"images/TEST/MSIH/TCGA-CM-4746-01Z-00-DX1.c83b9795-bf45-4100-9052-a7e485e0f770_(86989,29235).jpg",0.99999976,2.6722165e-07,1
"images/TEST/MSIH/TCGA-CM-4743-01Z-00-DX1.f54a6355-5623-498c-96b9-2ff1de6576c6_(57659,57193).jpg",0.99999964,3.411343e-07,1
"images/TEST/MSIH/TCGA-CM-4743-01Z-00-DX1.f54a6355-5623-498c-96b9-2ff1de6576c6_(66803,46017).jpg",0.99999964,3.2460864e-07,1
"images/TEST/MSIH/TCGA-AD-6889-01Z-00-DX1.5269A81E-5391-4875-8F2A-6505BC5BBFD9_(10819,6230).jpg",0.99999964,3.8691132e-07,1
"images/TEST/MSIH/TCGA-CK-6746-01Z-00-DX1.0aae8eec-1e82-494b-8779-d79fea8bec0c_(45992,49581).jpg",0.99999964,3.7614882e-07,1
"images/TEST/MSIH/TCGA-AA-3950-01Z-00-DX1.2a81cf11-4c16-4e9e-8809-6f63152060da_(42039,76707).jpg",0.99999905,9.298339e-07,1
"images/TEST/MSIH/TCGA-AA-3811-01Z-00-DX1.369d7946-911e-4e97-8ae7-32ef12b6b106_(12536,87116).jpg",0.9999999,1.1123342e-07,1
"images/TEST/MSIH/TCGA-AA-3877-01Z-00-DX1.36902310-bc0b-4437-9f86-6df85703e0ad_(70031,88648).jpg",0.9999995,4.644826e-07,1
"images/TEST/MSIH/TCGA-AA-3811-01Z-00-DX1.369d7946-911e-4e97-8ae7-32ef12b6b106_(8132,109136).jpg",0.99999976,2.1840967e-07,1
"images/TEST/MSIH/TCGA-CM-4746-01Z-00-DX1.c83b9795-bf45-4100-9052-a7e485e0f770_(71749,6883).jpg",0.99999917,8.289002e-07,1
"images/TEST/MSIH/TCGA-CK-6747-01Z-00-DX1.7824596c-84db-4bee-b149-cd8f617c285f_(76408,16150).jpg",0.9999993,7.396477e-07,1
"images/TEST/MSIH/TCGA-AA-3715-01Z-00-DX1.24d6e746-ad61-4587-a2b9-8903331b279c_(17579,44964).jpg",0.99999964,3.0559312e-07,1
"images/TEST/MSIH/TCGA-AA-3715-01Z-00-DX1.24d6e746-ad61-4587-a2b9-8903331b279c_(59417,39459).jpg",0.9999962,3.8013075e-06,1
"images/TEST/MSIH/TCGA-AA-3877-01Z-00-DX1.36902310-bc0b-4437-9f86-6df85703e0ad_(41405,86446).jpg",0.9999999,1.5828708e-07,1
"images/TEST/MSIH/TCGA-D5-6530-01Z-00-DX1.5c4bbcd1-51ba-467d-93f9-f2a9e7c5e010_(78019,74780).jpg",0.99999964,3.629562e-07,1
"images/TEST/MSIH/TCGA-AZ-6598-01Z-00-DX1.1fc4cd61-4524-413b-b36d-ad438785bc06_(48750,57192).jpg",0.99999845,1.5840955e-06,1
"images/TEST/MSIH/TCGA-AA-3715-01Z-00-DX1.24d6e746-ad61-4587-a2b9-8903331b279c_(51710,44964).jpg",0.99999976,2.6898587e-07,1
"images/TEST/MSIH/TCGA-AZ-6598-01Z-00-DX1.1fc4cd61-4524-413b-b36d-ad438785bc06_(78214,60240).jpg",0.9999994,5.9092025e-07,1
"images/TEST/MSIH/TCGA-CM-4746-01Z-00-DX1.c83b9795-bf45-4100-9052-a7e485e0f770_(83941,21107).jpg",0.99999976,2.0103332e-07,1
"images/TEST/MSIH/TCGA-AD-A5EJ-01Z-00-DX1.FA56CEAF-8B70-45EF-A2C9-8AA7BEB3D88A_(7838,16995).jpg",0.9999993,7.254474e-07,1
"images/TEST/MSIH/TCGA-AA-3715-01Z-00-DX1.24d6e746-ad61-4587-a2b9-8903331b279c_(15377,41661).jpg",0.9999981,1.9427719e-06,1
"images/TEST/MSIH/TCGA-A6-6653-01Z-00-DX1.e130666d-2681-4382-9e7a-4a4d27cb77a4_(97460,8426).jpg",0.99999976,1.8979163e-07,1
"images/TEST/MSIH/TCGA-CM-4746-01Z-00-DX1.c83b9795-bf45-4100-9052-a7e485e0f770_(14853,35331).jpg",0.99999857,1.3868081e-06,1
"images/TEST/MSIH/TCGA-G4-6309-01Z-00-DX1.3eb20fdc-eb86-4bd5-8194-76b02d4fa472_(74078,51310).jpg",0.99999964,3.1335722e-07,1
"images/TEST/MSIH/TCGA-AZ-6598-01Z-00-DX1.1fc4cd61-4524-413b-b36d-ad438785bc06_(79230,51096).jpg",0.9999989,1.038943e-06,1
"images/TEST/MSIH/TCGA-D5-6927-01Z-00-DX1.ff21d627-dbb8-4200-937b-f8be8b86b6d4_(69438,19539).jpg",0.9999993,7.6119386e-07,1
"images/TEST/MSIH/TCGA-AD-A5EJ-01Z-00-DX1.FA56CEAF-8B70-45EF-A2C9-8AA7BEB3D88A_(24094,10899).jpg",0.9999989,1.0819052e-06,1
"images/TEST/MSIH/TCGA-AZ-6598-01Z-00-DX1.1fc4cd61-4524-413b-b36d-ad438785bc06_(58910,37888).jpg",0.99999964,3.6149805e-07,1
"images/TEST/MSIH/TCGA-AA-A01P-01Z-00-DX1.D7AAA4F0-C956-4346-8948-DADACDFB3B69_(32602,72469).jpg",0.9999995,4.610601e-07,1
"images/TEST/MSIH/TCGA-F4-6703-01Z-00-DX1.28225f5d-d880-4605-831f-f22ec0272cde_(90280,51749).jpg",0.99999964,3.0611466e-07,1
"images/TEST/MSIH/TCGA-AD-A5EJ-01Z-00-DX1.FA56CEAF-8B70-45EF-A2C9-8AA7BEB3D88A_(14950,35283).jpg",0.99999917,8.7702483e-07,1
"images/TEST/MSIH/TCGA-AA-3715-01Z-00-DX1.24d6e746-ad61-4587-a2b9-8903331b279c_(17579,50469).jpg",0.99999833,1.6956898e-06,1
"images/TEST/MSIH/TCGA-F4-6703-01Z-00-DX1.28225f5d-d880-4605-831f-f22ec0272cde_(94344,61909).jpg",0.99999976,2.0473497e-07,1
"images/TEST/MSIH/TCGA-AD-A5EJ-01Z-00-DX1.FA56CEAF-8B70-45EF-A2C9-8AA7BEB3D88A_(14950,9883).jpg",0.99999964,3.281495e-07,1
"images/TEST/MSIH/TCGA-AA-A01P-01Z-00-DX1.D7AAA4F0-C956-4346-8948-DADACDFB3B69_(35905,76873).jpg",0.9999999,1.6882512e-07,1
"images/TEST/MSIH/TCGA-QG-A5Z2-01Z-00-DX1.51896C31-235E-48EF-90F7-FC05350CA564_(72618,18516).jpg",0.9999999,1.4345066e-07,1
"images/TEST/MSIH/TCGA-AA-3950-01Z-00-DX1.2a81cf11-4c16-4e9e-8809-6f63152060da_(55251,72303).jpg",0.9999999,1.6562718e-07,1
"images/TEST/MSIH/TCGA-AA-3715-01Z-00-DX1.24d6e746-ad61-4587-a2b9-8903331b279c_(49508,48267).jpg",0.9999993,6.707424e-07,1
"images/TEST/MSIH/TCGA-CM-4746-01Z-00-DX1.c83b9795-bf45-4100-9052-a7e485e0f770_(28061,18059).jpg",0.99999976,1.9648147e-07,1
"images/TEST/MSIH/TCGA-AA-3950-01Z-00-DX1.2a81cf11-4c16-4e9e-8809-6f63152060da_(47544,71202).jpg",0.9999999,1.2622779e-07,1
"images/TEST/MSIH/TCGA-F4-6703-01Z-00-DX1.28225f5d-d880-4605-831f-f22ec0272cde_(84184,39557).jpg",0.99999976,1.8862059e-07,1
"images/TEST/MSIH/TCGA-QG-A5Z2-01Z-00-DX2.F2352352-8F00-4BB3-8A62-8D1C1E374F95_(44757,76462).jpg",0.99999833,1.6262312e-06,1
"images/TEST/MSIH/TCGA-CM-4746-01Z-00-DX1.c83b9795-bf45-4100-9052-a7e485e0f770_(84957,37363).jpg",0.99999976,2.30352e-07,1
"images/TEST/MSIH/TCGA-QG-A5Z2-01Z-00-DX2.F2352352-8F00-4BB3-8A62-8D1C1E374F95_(44757,71397).jpg",0.99999964,2.993665e-07,1
"images/TEST/MSIH/TCGA-QG-A5Z2-01Z-00-DX1.51896C31-235E-48EF-90F7-FC05350CA564_(82748,23581).jpg",0.9999999,1.09834815e-07,1
"images/TEST/MSIH/TCGA-CM-4743-01Z-00-DX1.f54a6355-5623-498c-96b9-2ff1de6576c6_(47499,39921).jpg",0.9999981,1.9483457e-06,1
"images/TEST/MSIH/TCGA-CK-6746-01Z-00-DX1.0aae8eec-1e82-494b-8779-d79fea8bec0c_(67328,63805).jpg",0.99999917,8.6528917e-07,1
"images/TEST/MSIH/TCGA-CM-4743-01Z-00-DX1.f54a6355-5623-498c-96b9-2ff1de6576c6_(47499,33825).jpg",0.99999976,1.9295258e-07,1
"images/TEST/MSIH/TCGA-G4-6309-01Z-00-DX1.3eb20fdc-eb86-4bd5-8194-76b02d4fa472_(94398,36070).jpg",0.9999989,1.0656379e-06,1
"images/TEST/MSIH/TCGA-AD-6889-01Z-00-DX1.5269A81E-5391-4875-8F2A-6505BC5BBFD9_(34187,56014).jpg",0.99999905,1.0083572e-06,1
"images/TEST/MSIH/TCGA-CM-4743-01Z-00-DX1.f54a6355-5623-498c-96b9-2ff1de6576c6_(72899,73449).jpg",0.9999999,1.00720335e-07,1
"images/TEST/MSIH/TCGA-CM-6674-01Z-00-DX1.4a08b16a-788e-43dc-85d2-baff6e911de2_(110916,59457).jpg",0.99999964,3.908167e-07,1
"images/TEST/MSIH/TCGA-AD-6889-01Z-00-DX1.5269A81E-5391-4875-8F2A-6505BC5BBFD9_(29107,37726).jpg",0.9999994,6.391748e-07,1
"images/TEST/MSIH/TCGA-QG-A5Z2-01Z-00-DX1.51896C31-235E-48EF-90F7-FC05350CA564_(61475,75244).jpg",0.9999995,4.6684565e-07,1
"images/TEST/MSIH/TCGA-QG-A5Z2-01Z-00-DX1.51896C31-235E-48EF-90F7-FC05350CA564_(56410,15477).jpg",0.99999917,8.663791e-07,1
"images/TEST/MSIH/TCGA-D5-6927-01Z-00-DX1.ff21d627-dbb8-4200-937b-f8be8b86b6d4_(71470,21571).jpg",0.99999976,2.5610572e-07,1
"images/TEST/MSIH/TCGA-D5-6927-01Z-00-DX1.ff21d627-dbb8-4200-937b-f8be8b86b6d4_(76550,13443).jpg",0.99999964,4.0518503e-07,1
"images/TEST/MSIH/TCGA-AA-A01P-01Z-00-DX1.D7AAA4F0-C956-4346-8948-DADACDFB3B69_(52420,92287).jpg",0.9999993,7.207471e-07,1
"images/TEST/MSIH/TCGA-D5-6927-01Z-00-DX1.ff21d627-dbb8-4200-937b-f8be8b86b6d4_(62326,22587).jpg",0.99999845,1.5387558e-06,1
"images/TEST/MSIH/TCGA-QG-A5Z2-01Z-00-DX1.51896C31-235E-48EF-90F7-FC05350CA564_(66540,61062).jpg",0.9999995,4.89602e-07,1
"images/TEST/MSIH/TCGA-AZ-6598-01Z-00-DX1.1fc4cd61-4524-413b-b36d-ad438785bc06_(15222,61256).jpg",0.99999976,2.1685801e-07,1
"images/TEST/MSIH/TCGA-D5-6530-01Z-00-DX1.5c4bbcd1-51ba-467d-93f9-f2a9e7c5e010_(25187,50396).jpg",0.999998,2.005111e-06,1
"images/TEST/MSIH/TCGA-AA-3715-01Z-00-DX1.24d6e746-ad61-4587-a2b9-8903331b279c_(62720,40560).jpg",0.9999988,1.1675114e-06,1
"images/TEST/MSIH/TCGA-AD-6895-01Z-00-DX1.7FB1FBC6-683B-4285-89D1-A7A20F07A9D4_(4763,8989).jpg",0.9999993,6.794985e-07,1
"images/TEST/MSIH/TCGA-D5-6530-01Z-00-DX1.5c4bbcd1-51ba-467d-93f9-f2a9e7c5e010_(46523,67668).jpg",0.99999964,3.3299239e-07,1
"images/TEST/MSIH/TCGA-CK-6747-01Z-00-DX1.7824596c-84db-4bee-b149-cd8f617c285f_(35768,32406).jpg",0.9999994,5.876517e-07,1
"images/TEST/MSIH/TCGA-AD-6895-01Z-00-DX1.7FB1FBC6-683B-4285-89D1-A7A20F07A9D4_(9843,6957).jpg",0.99999976,1.9010956e-07,1
"images/TEST/MSIH/TCGA-AA-3950-01Z-00-DX1.2a81cf11-4c16-4e9e-8809-6f63152060da_(51948,71202).jpg",0.9999999,1.6409506e-07,1
"images/TEST/MSIH/TCGA-AA-3715-01Z-00-DX1.24d6e746-ad61-4587-a2b9-8903331b279c_(35195,52671).jpg",0.9999999,1.10452035e-07,1
"images/TEST/MSIH/TCGA-D5-6927-01Z-00-DX1.ff21d627-dbb8-4200-937b-f8be8b86b6d4_(74518,2267).jpg",0.9999982,1.7317002e-06,1
"images/TEST/MSIH/TCGA-CM-4746-01Z-00-DX1.c83b9795-bf45-4100-9052-a7e485e0f770_(10789,30251).jpg",0.9999995,4.9722104e-07,1
"images/TEST/MSIH/TCGA-QG-A5Z2-01Z-00-DX1.51896C31-235E-48EF-90F7-FC05350CA564_(89839,27633).jpg",0.9999999,1.2377664e-07,1
"images/TEST/MSIH/TCGA-QG-A5Z2-01Z-00-DX2.F2352352-8F00-4BB3-8A62-8D1C1E374F95_(17406,62280).jpg",0.9999994,5.602515e-07,1
"images/TEST/MSIH/TCGA-QG-A5Z2-01Z-00-DX1.51896C31-235E-48EF-90F7-FC05350CA564_(64514,63088).jpg",0.99999964,3.0709538e-07,1
"images/TEST/MSIH/TCGA-CM-4743-01Z-00-DX1.f54a6355-5623-498c-96b9-2ff1de6576c6_(27179,75481).jpg",0.9999988,1.1779853e-06,1
"images/TEST/MSIH/TCGA-CM-4743-01Z-00-DX1.f54a6355-5623-498c-96b9-2ff1de6576c6_(39371,50081).jpg",0.9999999,1.6848543e-07,1
"images/TEST/MSIH/TCGA-QG-A5Z2-01Z-00-DX2.F2352352-8F00-4BB3-8A62-8D1C1E374F95_(11328,33916).jpg",0.9999994,5.389207e-07,1
"images/TEST/MSIH/TCGA-AA-3811-01Z-00-DX1.369d7946-911e-4e97-8ae7-32ef12b6b106_(11435,102530).jpg",0.99999964,3.4570925e-07,1
"images/TEST/MSIH/TCGA-AD-6895-01Z-00-DX1.7FB1FBC6-683B-4285-89D1-A7A20F07A9D4_(2731,5941).jpg",0.99999976,2.0386192e-07,1
"images/TEST/MSIH/TCGA-AD-A5EJ-01Z-00-DX1.FA56CEAF-8B70-45EF-A2C9-8AA7BEB3D88A_(4790,28171).jpg",0.99999964,4.029769e-07,1
"images/TEST/MSIH/TCGA-G4-6309-01Z-00-DX1.3eb20fdc-eb86-4bd5-8194-76b02d4fa472_(56806,57406).jpg",0.9999999,1.5780205e-07,1
"images/TEST/MSIH/TCGA-AA-3715-01Z-00-DX1.24d6e746-ad61-4587-a2b9-8903331b279c_(61619,32853).jpg",0.9999995,4.4032737e-07,1
"images/TEST/MSIH/TCGA-A6-6653-01Z-00-DX1.e130666d-2681-4382-9e7a-4a4d27cb77a4_(90348,14522).jpg",0.99999976,1.834172e-07,1
"images/TEST/MSIH/TCGA-AZ-6598-01Z-00-DX1.1fc4cd61-4524-413b-b36d-ad438785bc06_(82278,70400).jpg",0.99999845,1.5828723e-06,1
"images/TEST/MSIH/TCGA-CM-4746-01Z-00-DX1.c83b9795-bf45-4100-9052-a7e485e0f770_(88005,40411).jpg",0.9999993,7.259194e-07,1
"images/TEST/MSIH/TCGA-QG-A5Z2-01Z-00-DX2.F2352352-8F00-4BB3-8A62-8D1C1E374F95_(13354,62280).jpg",0.99999964,3.7147348e-07,1
"images/TEST/MSIH/TCGA-QG-A5Z2-01Z-00-DX2.F2352352-8F00-4BB3-8A62-8D1C1E374F95_(43744,14669).jpg",0.9999995,4.7224688e-07,1
"images/TEST/MSIH/TCGA-AA-3811-01Z-00-DX1.369d7946-911e-4e97-8ae7-32ef12b6b106_(5930,97025).jpg",0.99999976,2.1736406e-07,1
"images/TEST/MSIH/TCGA-AD-6895-01Z-00-DX1.7FB1FBC6-683B-4285-89D1-A7A20F07A9D4_(10859,5941).jpg",0.9999999,1.584653e-07,1
"images/TEST/MSIH/TCGA-AD-6889-01Z-00-DX1.5269A81E-5391-4875-8F2A-6505BC5BBFD9_(27075,20454).jpg",0.99999976,2.2155565e-07,1
"images/TEST/MSIH/TCGA-A6-6653-01Z-00-DX1.e130666d-2681-4382-9e7a-4a4d27cb77a4_(100508,4362).jpg",0.99999976,2.1385357e-07,1
"images/TEST/MSIH/TCGA-CK-6746-01Z-00-DX1.0aae8eec-1e82-494b-8779-d79fea8bec0c_(17544,65837).jpg",0.9999999,1.5060276e-07,1
"images/TEST/MSIH/TCGA-AA-3950-01Z-00-DX1.2a81cf11-4c16-4e9e-8809-6f63152060da_(46443,65697).jpg",0.99999976,2.1913364e-07,1
"images/TEST/MSIH/TCGA-AZ-6598-01Z-00-DX1.1fc4cd61-4524-413b-b36d-ad438785bc06_(80246,58208).jpg",0.9999999,6.743432e-08,1
"images/TEST/MSIH/TCGA-G4-6309-01Z-00-DX1.3eb20fdc-eb86-4bd5-8194-76b02d4fa472_(35470,59438).jpg",0.99999976,2.2661726e-07,1
"images/TEST/MSIH/TCGA-CM-4746-01Z-00-DX1.c83b9795-bf45-4100-9052-a7e485e0f770_(34157,31267).jpg",0.9999999,1.1428422e-07,1
"images/TEST/MSIH/TCGA-AA-A01P-01Z-00-DX1.D7AAA4F0-C956-4346-8948-DADACDFB3B69_(33703,77974).jpg",0.99999964,3.634737e-07,1
"images/TEST/MSIH/TCGA-AA-A01P-01Z-00-DX1.D7AAA4F0-C956-4346-8948-DADACDFB3B69_(35905,81277).jpg",0.99999964,3.5479258e-07,1
"images/TEST/MSIH/TCGA-AA-3950-01Z-00-DX1.2a81cf11-4c16-4e9e-8809-6f63152060da_(50847,73404).jpg",0.9999999,1.07113415e-07,1
"images/TEST/MSIH/TCGA-CK-6747-01Z-00-DX1.7824596c-84db-4bee-b149-cd8f617c285f_(8336,36470).jpg",0.99999976,2.0893253e-07,1
"images/TEST/MSIH/TCGA-F4-6703-01Z-00-DX1.28225f5d-d880-4605-831f-f22ec0272cde_(75040,52765).jpg",0.9999993,7.6387875e-07,1
"images/TEST/MSIH/TCGA-AA-3950-01Z-00-DX1.2a81cf11-4c16-4e9e-8809-6f63152060da_(38736,93222).jpg",1.0,4.6128527e-08,1
"images/TEST/MSIH/TCGA-F4-6703-01Z-00-DX1.28225f5d-d880-4605-831f-f22ec0272cde_(80120,60893).jpg",0.99999976,2.1962028e-07,1
"images/TEST/MSIH/TCGA-AD-6889-01Z-00-DX1.5269A81E-5391-4875-8F2A-6505BC5BBFD9_(9803,35694).jpg",0.9999999,1.1603645e-07,1
"images/TEST/MSIH/TCGA-AD-6895-01Z-00-DX1.7FB1FBC6-683B-4285-89D1-A7A20F07A9D4_(12891,10005).jpg",0.99999976,2.083881e-07,1
"images/TEST/MSIH/TCGA-D5-6927-01Z-00-DX1.ff21d627-dbb8-4200-937b-f8be8b86b6d4_(86710,16491).jpg",0.99999976,2.3379927e-07,1
"images/TEST/MSIH/TCGA-AA-3950-01Z-00-DX1.2a81cf11-4c16-4e9e-8809-6f63152060da_(58554,67899).jpg",0.9999999,1.0309056e-07,1
"images/TEST/MSIH/TCGA-D5-6927-01Z-00-DX1.ff21d627-dbb8-4200-937b-f8be8b86b6d4_(63342,21571).jpg",0.99999917,7.9628467e-07,1
"images/TEST/MSIH/TCGA-F4-6703-01Z-00-DX1.28225f5d-d880-4605-831f-f22ec0272cde_(81136,39557).jpg",0.99999917,8.1628747e-07,1
"images/TEST/MSIH/TCGA-G4-6309-01Z-00-DX1.3eb20fdc-eb86-4bd5-8194-76b02d4fa472_(25310,67566).jpg",0.99999976,2.1004732e-07,1
"images/TEST/MSIH/TCGA-G4-6309-01Z-00-DX1.3eb20fdc-eb86-4bd5-8194-76b02d4fa472_(44614,54358).jpg",0.9999968,3.160082e-06,1
"images/TEST/MSIH/TCGA-AD-6889-01Z-00-DX1.5269A81E-5391-4875-8F2A-6505BC5BBFD9_(20979,22486).jpg",0.99999917,7.868891e-07,1
"images/TEST/MSIH/TCGA-CM-4746-01Z-00-DX1.c83b9795-bf45-4100-9052-a7e485e0f770_(51429,9931).jpg",0.99999964,4.1312381e-07,1
"images/TEST/MSIH/TCGA-CM-4743-01Z-00-DX1.f54a6355-5623-498c-96b9-2ff1de6576c6_(54611,55161).jpg",0.99999976,2.2546914e-07,1
"images/TEST/MSIH/TCGA-CK-6747-01Z-00-DX1.7824596c-84db-4bee-b149-cd8f617c285f_(90632,24278).jpg",0.9999995,4.203689e-07,1
"images/TEST/MSIH/TCGA-D5-6530-01Z-00-DX1.5c4bbcd1-51ba-467d-93f9-f2a9e7c5e010_(47539,62588).jpg",0.9999988,1.2500115e-06,1
"images/TEST/MSIH/TCGA-QG-A5Z2-01Z-00-DX2.F2352352-8F00-4BB3-8A62-8D1C1E374F95_(72108,71397).jpg",0.99999964,3.0543202e-07,1
"images/TEST/MSIH/TCGA-AA-3864-01Z-00-DX1.f6992bc7-ba05-4c30-9500-8f7b07b30f9a_(18002,16829).jpg",0.99999964,3.6296794e-07,1
"images/TEST/MSIH/TCGA-QG-A5Z2-01Z-00-DX1.51896C31-235E-48EF-90F7-FC05350CA564_(35137,9399).jpg",0.9999995,4.4207982e-07,1
"images/TEST/MSIH/TCGA-A6-6653-01Z-00-DX1.e130666d-2681-4382-9e7a-4a4d27cb77a4_(99492,3346).jpg",0.99999976,2.7670777e-07,1
"images/TEST/MSIH/TCGA-CM-4746-01Z-00-DX1.c83b9795-bf45-4100-9052-a7e485e0f770_(60573,4851).jpg",0.9999994,5.4395827e-07,1
"images/TEST/MSIH/TCGA-F4-6703-01Z-00-DX1.28225f5d-d880-4605-831f-f22ec0272cde_(73008,43621).jpg",0.99999976,2.7200608e-07,1
"images/TEST/MSIH/TCGA-CM-6674-01Z-00-DX1.4a08b16a-788e-43dc-85d2-baff6e911de2_(16428,71649).jpg",0.99999964,3.8501057e-07,1
"images/TEST/MSIH/TCGA-AD-A5EJ-01Z-00-DX1.FA56CEAF-8B70-45EF-A2C9-8AA7BEB3D88A_(9870,11915).jpg",0.9999989,1.1319967e-06,1
"images/TEST/MSIH/TCGA-QG-A5Z2-01Z-00-DX2.F2352352-8F00-4BB3-8A62-8D1C1E374F95_(22471,73423).jpg",0.99999976,2.780346e-07,1
"images/TEST/MSIH/TCGA-D5-6530-01Z-00-DX1.5c4bbcd1-51ba-467d-93f9-f2a9e7c5e010_(43475,74780).jpg",0.9999999,1.3785309e-07,1
"images/TEST/MSIH/TCGA-D5-6927-01Z-00-DX1.ff21d627-dbb8-4200-937b-f8be8b86b6d4_(78582,11411).jpg",0.9999999,1.1065045e-07,1
"images/TEST/MSIH/TCGA-QG-A5Z2-01Z-00-DX1.51896C31-235E-48EF-90F7-FC05350CA564_(41215,4334).jpg",0.9999988,1.1511571e-06,1
"images/TEST/MSIH/TCGA-QG-A5Z2-01Z-00-DX1.51896C31-235E-48EF-90F7-FC05350CA564_(74644,46880).jpg",0.99999464,5.371216e-06,1
"images/TEST/MSIH/TCGA-AA-3950-01Z-00-DX1.2a81cf11-4c16-4e9e-8809-6f63152060da_(44241,86616).jpg",0.9999995,4.4302016e-07,1
"images/TEST/MSIH/TCGA-A6-6653-01Z-00-DX1.e130666d-2681-4382-9e7a-4a4d27cb77a4_(92380,12490).jpg",0.9999982,1.7609594e-06,1
"images/TEST/MSIH/TCGA-AA-3811-01Z-00-DX1.369d7946-911e-4e97-8ae7-32ef12b6b106_(13637,105833).jpg",0.9999999,1.1199236e-07,1
"images/TEST/MSIH/TCGA-F4-6703-01Z-00-DX1.28225f5d-d880-4605-831f-f22ec0272cde_(77072,38541).jpg",0.9999999,1.5795291e-07,1
"images/TEST/MSIH/TCGA-A6-6653-01Z-00-DX1.e130666d-2681-4382-9e7a-4a4d27cb77a4_(86284,15538).jpg",0.99999917,8.834282e-07,1
"images/TEST/MSIH/TCGA-G4-6309-01Z-00-DX1.3eb20fdc-eb86-4bd5-8194-76b02d4fa472_(34454,62486).jpg",0.99999976,2.0928272e-07,1
"images/TEST/MSIH/TCGA-AD-6889-01Z-00-DX1.5269A81E-5391-4875-8F2A-6505BC5BBFD9_(33171,10294).jpg",0.9999987,1.2830186e-06,1
"images/TEST/MSIH/TCGA-AA-3811-01Z-00-DX1.369d7946-911e-4e97-8ae7-32ef12b6b106_(13637,87116).jpg",0.9999999,8.7965866e-08,1
"images/TEST/MSIH/TCGA-D5-6530-01Z-00-DX1.5c4bbcd1-51ba-467d-93f9-f2a9e7c5e010_(31283,62588).jpg",0.99999976,2.852269e-07,1
"images/TEST/MSIH/TCGA-AD-6889-01Z-00-DX1.5269A81E-5391-4875-8F2A-6505BC5BBFD9_(13867,12326).jpg",0.99999845,1.6037529e-06,1
"images/TEST/MSIH/TCGA-D5-6927-01Z-00-DX1.ff21d627-dbb8-4200-937b-f8be8b86b6d4_(72486,19539).jpg",0.9999994,6.311555e-07,1
"images/TEST/MSIH/TCGA-CM-6674-01Z-00-DX1.4a08b16a-788e-43dc-85d2-baff6e911de2_(61132,65553).jpg",0.9999995,4.6307215e-07,1
"images/TEST/MSIH/TCGA-AD-6889-01Z-00-DX1.5269A81E-5391-4875-8F2A-6505BC5BBFD9_(43331,45854).jpg",0.9999994,6.0785453e-07,1
"images/TEST/MSIH/TCGA-AD-6889-01Z-00-DX1.5269A81E-5391-4875-8F2A-6505BC5BBFD9_(26059,36710).jpg",0.9999969,3.0559274e-06,1
"images/TEST/MSIH/TCGA-AZ-6598-01Z-00-DX1.1fc4cd61-4524-413b-b36d-ad438785bc06_(76182,65320).jpg",0.9999994,6.062058e-07,1
"images/TEST/MSIH/TCGA-AA-3715-01Z-00-DX1.24d6e746-ad61-4587-a2b9-8903331b279c_(37397,38358).jpg",0.9999995,4.633637e-07,1
"images/TEST/MSIH/TCGA-AA-3950-01Z-00-DX1.2a81cf11-4c16-4e9e-8809-6f63152060da_(34332,89919).jpg",0.9999999,6.280105e-08,1
"images/TEST/MSIH/TCGA-D5-6530-01Z-00-DX1.5c4bbcd1-51ba-467d-93f9-f2a9e7c5e010_(21123,59540).jpg",0.9999989,1.1203791e-06,1
"images/TEST/MSIH/TCGA-D5-6530-01Z-00-DX1.5c4bbcd1-51ba-467d-93f9-f2a9e7c5e010_(25187,54460).jpg",0.9999995,4.7373317e-07,1
"images/TEST/MSIH/TCGA-G4-6309-01Z-00-DX1.3eb20fdc-eb86-4bd5-8194-76b02d4fa472_(45630,61470).jpg",0.9999988,1.2237116e-06,1
"images/TEST/MSIH/TCGA-AA-3950-01Z-00-DX1.2a81cf11-4c16-4e9e-8809-6f63152060da_(47544,67899).jpg",0.9999999,6.993227e-08,1
"images/TEST/MSIH/TCGA-AZ-6598-01Z-00-DX1.1fc4cd61-4524-413b-b36d-ad438785bc06_(77198,48048).jpg",0.9999989,1.0243136e-06,1
"images/TEST/MSIH/TCGA-CM-6674-01Z-00-DX1.4a08b16a-788e-43dc-85d2-baff6e911de2_(63164,79777).jpg",0.9999994,5.909411e-07,1
"images/TEST/MSIH/TCGA-AD-6889-01Z-00-DX1.5269A81E-5391-4875-8F2A-6505BC5BBFD9_(31139,23502).jpg",0.99999785,2.1126891e-06,1
"images/TEST/MSIH/TCGA-AD-6889-01Z-00-DX1.5269A81E-5391-4875-8F2A-6505BC5BBFD9_(37235,49918).jpg",0.9999989,1.0330408e-06,1
"images/TEST/MSIH/TCGA-AA-3877-01Z-00-DX1.36902310-bc0b-4437-9f86-6df85703e0ad_(55718,98557).jpg",0.99999976,2.7822188e-07,1
"images/TEST/MSIH/TCGA-CM-4746-01Z-00-DX1.c83b9795-bf45-4100-9052-a7e485e0f770_(89021,33299).jpg",0.99999774,2.2782694e-06,1
"images/TEST/MSIH/TCGA-AA-3950-01Z-00-DX1.2a81cf11-4c16-4e9e-8809-6f63152060da_(45342,82212).jpg",0.9999999,1.679083e-07,1
"images/TEST/MSIH/TCGA-CK-6747-01Z-00-DX1.7824596c-84db-4bee-b149-cd8f617c285f_(52024,27326).jpg",0.999998,2.080796e-06,1
"images/TEST/MSIH/TCGA-AA-3877-01Z-00-DX1.36902310-bc0b-4437-9f86-6df85703e0ad_(75536,86446).jpg",0.99999917,8.153538e-07,1
"images/TEST/MSIH/TCGA-G4-6309-01Z-00-DX1.3eb20fdc-eb86-4bd5-8194-76b02d4fa472_(27342,59438).jpg",0.9999993,7.288593e-07,1
"images/TEST/MSIH/TCGA-AA-3715-01Z-00-DX1.24d6e746-ad61-4587-a2b9-8903331b279c_(40700,43863).jpg",0.99999285,7.1801783e-06,1
"images/TEST/MSIH/TCGA-AZ-6598-01Z-00-DX1.1fc4cd61-4524-413b-b36d-ad438785bc06_(61958,53128).jpg",0.9999999,1.6208773e-07,1
"images/TEST/MSIH/TCGA-CM-6674-01Z-00-DX1.4a08b16a-788e-43dc-85d2-baff6e911de2_(54020,59457).jpg",1.0,5.376354e-08,1
"images/TEST/MSIH/TCGA-AZ-6598-01Z-00-DX1.1fc4cd61-4524-413b-b36d-ad438785bc06_(74150,42968).jpg",0.99999964,3.7680334e-07,1
"images/TEST/MSIH/TCGA-QG-A5Z2-01Z-00-DX1.51896C31-235E-48EF-90F7-FC05350CA564_(48306,15477).jpg",0.99999976,2.2646688e-07,1
"images/TEST/MSIH/TCGA-CM-4743-01Z-00-DX1.f54a6355-5623-498c-96b9-2ff1de6576c6_(87123,30777).jpg",0.9999999,1.6862512e-07,1
"images/TEST/MSIH/TCGA-CM-4743-01Z-00-DX1.f54a6355-5623-498c-96b9-2ff1de6576c6_(76963,30777).jpg",0.99999976,2.3950145e-07,1
"images/TEST/MSIH/TCGA-F4-6703-01Z-00-DX1.28225f5d-d880-4605-831f-f22ec0272cde_(78088,57845).jpg",0.9999995,4.6771996e-07,1
"images/TEST/MSIH/TCGA-AA-3877-01Z-00-DX1.36902310-bc0b-4437-9f86-6df85703e0ad_(49112,83143).jpg",0.9999999,1.7343632e-07,1
"images/TEST/MSIH/TCGA-QG-A5Z2-01Z-00-DX2.F2352352-8F00-4BB3-8A62-8D1C1E374F95_(42731,7578).jpg",0.99999964,3.5474653e-07,1
"images/TEST/MSIH/TCGA-AA-3950-01Z-00-DX1.2a81cf11-4c16-4e9e-8809-6f63152060da_(51948,67899).jpg",0.99999976,2.6914827e-07,1
"images/TEST/MSIH/TCGA-AD-6889-01Z-00-DX1.5269A81E-5391-4875-8F2A-6505BC5BBFD9_(31139,48902).jpg",0.99999666,3.3257454e-06,1
"images/TEST/MSIH/TCGA-G4-6309-01Z-00-DX1.3eb20fdc-eb86-4bd5-8194-76b02d4fa472_(36486,61470).jpg",0.99999964,3.1550093e-07,1
"images/TEST/MSIH/TCGA-D5-6927-01Z-00-DX1.ff21d627-dbb8-4200-937b-f8be8b86b6d4_(70454,13443).jpg",0.99999976,2.1247305e-07,1
"images/TEST/MSIH/TCGA-D5-6927-01Z-00-DX1.ff21d627-dbb8-4200-937b-f8be8b86b6d4_(67406,21571).jpg",0.9999995,4.2400944e-07,1
"images/TEST/MSIH/TCGA-CM-4743-01Z-00-DX1.f54a6355-5623-498c-96b9-2ff1de6576c6_(75947,67353).jpg",0.99999964,3.1046412e-07,1
"images/TEST/MSIH/TCGA-AZ-6598-01Z-00-DX1.1fc4cd61-4524-413b-b36d-ad438785bc06_(56878,49064).jpg",0.9999995,4.2459945e-07,1
"images/TEST/MSIH/TCGA-AD-6889-01Z-00-DX1.5269A81E-5391-4875-8F2A-6505BC5BBFD9_(46379,17406).jpg",0.9999993,6.7124023e-07,1
"images/TEST/MSIH/TCGA-D5-6530-01Z-00-DX1.5c4bbcd1-51ba-467d-93f9-f2a9e7c5e010_(57699,72748).jpg",0.9999995,4.474428e-07,1
"images/TEST/MSIH/TCGA-AZ-6598-01Z-00-DX1.1fc4cd61-4524-413b-b36d-ad438785bc06_(55862,54144).jpg",0.99999976,2.615488e-07,1
"images/TEST/MSIH/TCGA-CM-6674-01Z-00-DX1.4a08b16a-788e-43dc-85d2-baff6e911de2_(63164,66569).jpg",1.0,4.5140304e-08,1
"images/TEST/MSIH/TCGA-AD-6889-01Z-00-DX1.5269A81E-5391-4875-8F2A-6505BC5BBFD9_(14883,29598).jpg",0.9999975,2.490963e-06,1
"images/TEST/MSIH/TCGA-AZ-6598-01Z-00-DX1.1fc4cd61-4524-413b-b36d-ad438785bc06_(51798,41952).jpg",0.9999995,5.0442395e-07,1
"images/TEST/MSIH/TCGA-QG-A5Z2-01Z-00-DX2.F2352352-8F00-4BB3-8A62-8D1C1E374F95_(10315,49111).jpg",0.9999988,1.1404551e-06,1
"images/TEST/MSIH/TCGA-AA-3950-01Z-00-DX1.2a81cf11-4c16-4e9e-8809-6f63152060da_(47544,87717).jpg",0.99999976,2.5476882e-07,1
"images/TEST/MSIH/TCGA-QG-A5Z2-01Z-00-DX1.51896C31-235E-48EF-90F7-FC05350CA564_(64514,16490).jpg",0.9999993,7.070453e-07,1
"images/TEST/MSIH/TCGA-AA-A01P-01Z-00-DX1.D7AAA4F0-C956-4346-8948-DADACDFB3B69_(56824,93388).jpg",0.99999976,2.7991504e-07,1
"images/TEST/MSIH/TCGA-G4-6309-01Z-00-DX1.3eb20fdc-eb86-4bd5-8194-76b02d4fa472_(58838,55374).jpg",0.99999905,1.0086045e-06,1
"images/TEST/MSIH/TCGA-AA-A01P-01Z-00-DX1.D7AAA4F0-C956-4346-8948-DADACDFB3B69_(63430,81277).jpg",0.9999994,6.2758005e-07,1
"images/TEST/MSIH/TCGA-CM-4746-01Z-00-DX1.c83b9795-bf45-4100-9052-a7e485e0f770_(50413,10947).jpg",0.99999833,1.6562434e-06,1
"images/TEST/MSIH/TCGA-A6-6653-01Z-00-DX1.e130666d-2681-4382-9e7a-4a4d27cb77a4_(91364,13506).jpg",0.9999999,1.5388835e-07,1
"images/TEST/MSIH/TCGA-CM-6674-01Z-00-DX1.4a08b16a-788e-43dc-85d2-baff6e911de2_(60116,77745).jpg",0.99999905,9.0193356e-07,1
"images/TEST/MSIH/TCGA-F4-6703-01Z-00-DX1.28225f5d-d880-4605-831f-f22ec0272cde_(80120,47685).jpg",0.9999999,1.1658541e-07,1
"images/TEST/MSIH/TCGA-D5-6530-01Z-00-DX1.5c4bbcd1-51ba-467d-93f9-f2a9e7c5e010_(45507,70716).jpg",0.99999976,2.3725019e-07,1
"images/TEST/MSIH/TCGA-AA-3877-01Z-00-DX1.36902310-bc0b-4437-9f86-6df85703e0ad_(55718,99658).jpg",0.9999999,1.573254e-07,1
"images/TEST/MSIH/TCGA-CK-6747-01Z-00-DX1.7824596c-84db-4bee-b149-cd8f617c285f_(40848,31390).jpg",0.99999976,2.3278852e-07,1
"images/TEST/MSIH/TCGA-AA-3864-01Z-00-DX1.f6992bc7-ba05-4c30-9500-8f7b07b30f9a_(14699,13526).jpg",0.9999995,4.204944e-07,1
"images/TEST/MSIH/TCGA-AA-3715-01Z-00-DX1.24d6e746-ad61-4587-a2b9-8903331b279c_(34094,57075).jpg",0.9999957,4.2920215e-06,1
"images/TEST/MSIH/TCGA-CM-4743-01Z-00-DX1.f54a6355-5623-498c-96b9-2ff1de6576c6_(14987,42969).jpg",0.9999999,6.737055e-08,1
"images/TEST/MSIH/TCGA-AA-3877-01Z-00-DX1.36902310-bc0b-4437-9f86-6df85703e0ad_(54617,95254).jpg",0.9999999,1.3188804e-07,1
"images/TEST/MSIH/TCGA-QG-A5Z2-01Z-00-DX2.F2352352-8F00-4BB3-8A62-8D1C1E374F95_(37666,20747).jpg",0.99999964,3.173553e-07,1
"images/TEST/MSIH/TCGA-AZ-6598-01Z-00-DX1.1fc4cd61-4524-413b-b36d-ad438785bc06_(65006,55160).jpg",0.9999999,6.337817e-08,1
"images/TEST/MSIH/TCGA-AZ-6598-01Z-00-DX1.1fc4cd61-4524-413b-b36d-ad438785bc06_(88374,49064).jpg",0.9999999,8.700424e-08,1
"images/TEST/MSIH/TCGA-G4-6309-01Z-00-DX1.3eb20fdc-eb86-4bd5-8194-76b02d4fa472_(89318,36070).jpg",0.99999917,8.343782e-07,1
"images/TEST/MSIH/TCGA-A6-6653-01Z-00-DX1.e130666d-2681-4382-9e7a-4a4d27cb77a4_(93396,17570).jpg",0.99999964,3.0472705e-07,1
"images/TEST/MSIH/TCGA-AA-3715-01Z-00-DX1.24d6e746-ad61-4587-a2b9-8903331b279c_(40700,48267).jpg",0.9999993,6.7361816e-07,1
"images/TEST/MSIH/TCGA-F4-6703-01Z-00-DX1.28225f5d-d880-4605-831f-f22ec0272cde_(63864,60893).jpg",0.99999964,3.399301e-07,1
"images/TEST/MSIH/TCGA-G4-6309-01Z-00-DX1.3eb20fdc-eb86-4bd5-8194-76b02d4fa472_(45630,57406).jpg",0.9999988,1.1659836e-06,1
"images/TEST/MSIH/TCGA-AZ-6598-01Z-00-DX1.1fc4cd61-4524-413b-b36d-ad438785bc06_(46718,42968).jpg",0.9999993,7.02808e-07,1
"images/TEST/MSIH/TCGA-G4-6309-01Z-00-DX1.3eb20fdc-eb86-4bd5-8194-76b02d4fa472_(58838,59438).jpg",0.9999995,4.3528038e-07,1
"images/TEST/MSIH/TCGA-AD-6895-01Z-00-DX1.7FB1FBC6-683B-4285-89D1-A7A20F07A9D4_(3747,5941).jpg",0.99999964,3.2830224e-07,1
"images/TEST/MSIH/TCGA-AA-3950-01Z-00-DX1.2a81cf11-4c16-4e9e-8809-6f63152060da_(60756,69000).jpg",0.9999999,1.00773946e-07,1
"images/TEST/MSIH/TCGA-AA-3950-01Z-00-DX1.2a81cf11-4c16-4e9e-8809-6f63152060da_(43140,76707).jpg",0.9999999,1.5937708e-07,1
"images/TEST/MSIH/TCGA-AA-3715-01Z-00-DX1.24d6e746-ad61-4587-a2b9-8903331b279c_(73730,44964).jpg",0.9999999,1.5019971e-07,1
"images/TEST/MSIH/TCGA-CM-4743-01Z-00-DX1.f54a6355-5623-498c-96b9-2ff1de6576c6_(77979,65321).jpg",0.9999999,1.0986708e-07,1
"images/TEST/MSIH/TCGA-QG-A5Z2-01Z-00-DX1.51896C31-235E-48EF-90F7-FC05350CA564_(81735,28646).jpg",0.9999993,7.7349216e-07,1
"images/TEST/MSIH/TCGA-D5-6927-01Z-00-DX1.ff21d627-dbb8-4200-937b-f8be8b86b6d4_(67406,6331).jpg",0.99999964,3.9394504e-07,1
"images/TEST/MSIH/TCGA-D5-6927-01Z-00-DX1.ff21d627-dbb8-4200-937b-f8be8b86b6d4_(65374,3283).jpg",0.99999905,9.602772e-07,1
"images/TEST/MSIH/TCGA-AA-3877-01Z-00-DX1.36902310-bc0b-4437-9f86-6df85703e0ad_(56819,100759).jpg",0.9999999,1.7736139e-07,1
"images/TEST/MSIH/TCGA-CM-6674-01Z-00-DX1.4a08b16a-788e-43dc-85d2-baff6e911de2_(87548,76729).jpg",0.99999964,3.3461973e-07,1
"images/TEST/MSIH/TCGA-AD-6889-01Z-00-DX1.5269A81E-5391-4875-8F2A-6505BC5BBFD9_(47395,21470).jpg",0.99999976,2.8842481e-07,1
"images/TEST/MSIH/TCGA-AZ-6598-01Z-00-DX1.1fc4cd61-4524-413b-b36d-ad438785bc06_(44686,47032).jpg",0.9999993,6.6869984e-07,1
"images/TEST/MSIH/TCGA-D5-6927-01Z-00-DX1.ff21d627-dbb8-4200-937b-f8be8b86b6d4_(69438,3283).jpg",0.9999994,6.376934e-07,1
"images/TEST/MSIH/TCGA-F4-6703-01Z-00-DX1.28225f5d-d880-4605-831f-f22ec0272cde_(98408,50733).jpg",0.99999857,1.4509693e-06,1
"images/TEST/MSIH/TCGA-CK-6746-01Z-00-DX1.0aae8eec-1e82-494b-8779-d79fea8bec0c_(45992,64821).jpg",0.9999994,6.138694e-07,1
"images/TEST/MSIH/TCGA-AA-3877-01Z-00-DX1.36902310-bc0b-4437-9f86-6df85703e0ad_(54617,68830).jpg",0.9999994,6.362064e-07,1
"images/TEST/MSIH/TCGA-AA-3715-01Z-00-DX1.24d6e746-ad61-4587-a2b9-8903331b279c_(61619,33954).jpg",0.99999905,9.798354e-07,1
"images/TEST/MSIH/TCGA-CK-6747-01Z-00-DX1.7824596c-84db-4bee-b149-cd8f617c285f_(39832,23262).jpg",0.9999995,4.8137196e-07,1
"images/TEST/MSIH/TCGA-AD-6889-01Z-00-DX1.5269A81E-5391-4875-8F2A-6505BC5BBFD9_(27075,48902).jpg",0.9999988,1.2093951e-06,1
"images/TEST/MSIH/TCGA-D5-6530-01Z-00-DX1.5c4bbcd1-51ba-467d-93f9-f2a9e7c5e010_(29251,64620).jpg",0.99999964,4.120567e-07,1
"images/TEST/MSIH/TCGA-CM-4746-01Z-00-DX1.c83b9795-bf45-4100-9052-a7e485e0f770_(85973,27203).jpg",0.9999993,6.796055e-07,1
"images/TEST/MSIH/TCGA-CK-6746-01Z-00-DX1.0aae8eec-1e82-494b-8779-d79fea8bec0c_(60216,49581).jpg",0.9999995,4.5963415e-07,1
"images/TEST/MSIH/TCGA-AZ-6598-01Z-00-DX1.1fc4cd61-4524-413b-b36d-ad438785bc06_(88374,68368).jpg",0.9999995,5.363797e-07,1
"images/TEST/MSIH/TCGA-CK-6747-01Z-00-DX1.7824596c-84db-4bee-b149-cd8f617c285f_(76408,13102).jpg",0.9999994,6.3156733e-07,1
"images/TEST/MSIH/TCGA-AD-A5EJ-01Z-00-DX1.FA56CEAF-8B70-45EF-A2C9-8AA7BEB3D88A_(14950,26139).jpg",0.9999999,1.3243732e-07,1
"images/TEST/MSIH/TCGA-AA-3950-01Z-00-DX1.2a81cf11-4c16-4e9e-8809-6f63152060da_(51948,87717).jpg",0.99999976,1.9154307e-07,1
"images/TEST/MSIH/TCGA-AA-3950-01Z-00-DX1.2a81cf11-4c16-4e9e-8809-6f63152060da_(54150,72303).jpg",0.9999999,1.1440025e-07,1
"images/TEST/MSIH/TCGA-AA-3811-01Z-00-DX1.369d7946-911e-4e97-8ae7-32ef12b6b106_(12536,111338).jpg",0.9999999,9.528373e-08,1
"images/TEST/MSIH/TCGA-AD-6895-01Z-00-DX1.7FB1FBC6-683B-4285-89D1-A7A20F07A9D4_(6795,12037).jpg",0.99999964,3.236047e-07,1
"images/TEST/MSIH/TCGA-AA-3877-01Z-00-DX1.36902310-bc0b-4437-9f86-6df85703e0ad_(71132,78739).jpg",0.99999976,2.1266482e-07,1
"images/TEST/MSIH/TCGA-QG-A5Z2-01Z-00-DX2.F2352352-8F00-4BB3-8A62-8D1C1E374F95_(41718,17708).jpg",0.99999964,3.8914382e-07,1
"images/TEST/MSIH/TCGA-CK-6747-01Z-00-DX1.7824596c-84db-4bee-b149-cd8f617c285f_(14432,19198).jpg",0.99999976,2.3073191e-07,1
"images/TEST/MSIH/TCGA-QG-A5Z2-01Z-00-DX1.51896C31-235E-48EF-90F7-FC05350CA564_(55397,22568).jpg",0.9999995,4.790697e-07,1
"images/TEST/MSIH/TCGA-AA-3950-01Z-00-DX1.2a81cf11-4c16-4e9e-8809-6f63152060da_(48645,65697).jpg",0.9999995,4.608249e-07,1
"images/TEST/MSIH/TCGA-AA-A01P-01Z-00-DX1.D7AAA4F0-C956-4346-8948-DADACDFB3B69_(39208,87883).jpg",0.99999905,9.545778e-07,1
"images/TEST/MSIH/TCGA-AA-3811-01Z-00-DX1.369d7946-911e-4e97-8ae7-32ef12b6b106_(13637,102530).jpg",0.99999964,3.19637e-07,1
"images/TEST/MSIH/TCGA-QG-A5Z2-01Z-00-DX1.51896C31-235E-48EF-90F7-FC05350CA564_(82748,41815).jpg",0.9999993,7.199516e-07,1
"images/TEST/MSIH/TCGA-AA-A01P-01Z-00-DX1.D7AAA4F0-C956-4346-8948-DADACDFB3B69_(75541,97792).jpg",0.9999994,5.811018e-07,1
"images/TEST/MSIH/TCGA-AA-3950-01Z-00-DX1.2a81cf11-4c16-4e9e-8809-6f63152060da_(38736,86616).jpg",0.99999976,2.0019934e-07,1
"images/TEST/MSIH/TCGA-AZ-6598-01Z-00-DX1.1fc4cd61-4524-413b-b36d-ad438785bc06_(39606,40936).jpg",0.9999993,7.410937e-07,1
"images/TEST/MSIH/TCGA-D5-6927-01Z-00-DX1.ff21d627-dbb8-4200-937b-f8be8b86b6d4_(75534,14459).jpg",0.99999976,2.5701544e-07,1
"images/TEST/MSIH/TCGA-D5-6927-01Z-00-DX1.ff21d627-dbb8-4200-937b-f8be8b86b6d4_(83662,15475).jpg",0.9999994,6.193234e-07,1
"images/TEST/MSIH/TCGA-D5-6530-01Z-00-DX1.5c4bbcd1-51ba-467d-93f9-f2a9e7c5e010_(34331,75796).jpg",0.9999993,6.8880894e-07,1
"images/TEST/MSIH/TCGA-CK-6746-01Z-00-DX1.0aae8eec-1e82-494b-8779-d79fea8bec0c_(19576,56693).jpg",0.9999999,1.017823e-07,1
"images/TEST/MSIH/TCGA-G4-6309-01Z-00-DX1.3eb20fdc-eb86-4bd5-8194-76b02d4fa472_(28358,65534).jpg",0.9999995,4.1903442e-07,1
"images/TEST/MSIH/TCGA-AD-A5EJ-01Z-00-DX1.FA56CEAF-8B70-45EF-A2C9-8AA7BEB3D88A_(9870,21059).jpg",0.99999964,3.9690036e-07,1
"images/TEST/MSIH/TCGA-AA-3715-01Z-00-DX1.24d6e746-ad61-4587-a2b9-8903331b279c_(49508,38358).jpg",0.9999994,6.400062e-07,1
"images/TEST/MSIH/TCGA-G4-6309-01Z-00-DX1.3eb20fdc-eb86-4bd5-8194-76b02d4fa472_(54774,56390).jpg",0.9999999,1.3791254e-07,1
"images/TEST/MSIH/TCGA-CK-6746-01Z-00-DX1.0aae8eec-1e82-494b-8779-d79fea8bec0c_(37864,58725).jpg",0.99999976,2.4176575e-07,1
"images/TEST/MSIH/TCGA-CK-6747-01Z-00-DX1.7824596c-84db-4bee-b149-cd8f617c285f_(21544,18182).jpg",0.9999989,1.0395318e-06,1
"images/TEST/MSIH/TCGA-D5-6927-01Z-00-DX1.ff21d627-dbb8-4200-937b-f8be8b86b6d4_(75534,5315).jpg",0.99999976,2.7232093e-07,1
"images/TEST/MSIH/TCGA-AD-6889-01Z-00-DX1.5269A81E-5391-4875-8F2A-6505BC5BBFD9_(29107,44838).jpg",0.99999845,1.5773811e-06,1
"images/TEST/MSIH/TCGA-D5-6530-01Z-00-DX1.5c4bbcd1-51ba-467d-93f9-f2a9e7c5e010_(31283,59540).jpg",0.9999993,6.866224e-07,1
"images/TEST/MSIH/TCGA-AA-3950-01Z-00-DX1.2a81cf11-4c16-4e9e-8809-6f63152060da_(39837,84414).jpg",0.99999976,2.6791497e-07,1
"images/TEST/MSIH/TCGA-AA-3950-01Z-00-DX1.2a81cf11-4c16-4e9e-8809-6f63152060da_(50847,71202).jpg",0.9999994,5.551823e-07,1
"images/TEST/MSIH/TCGA-AD-A5EJ-01Z-00-DX1.FA56CEAF-8B70-45EF-A2C9-8AA7BEB3D88A_(16982,36299).jpg",0.9999989,1.112476e-06,1
"images/TEST/MSIH/TCGA-AD-6889-01Z-00-DX1.5269A81E-5391-4875-8F2A-6505BC5BBFD9_(25043,37726).jpg",0.9999974,2.6680405e-06,1
"images/TEST/MSIH/TCGA-CK-6746-01Z-00-DX1.0aae8eec-1e82-494b-8779-d79fea8bec0c_(49040,51613).jpg",0.9999999,1.735311e-07,1
"images/TEST/MSIH/TCGA-D5-6927-01Z-00-DX1.ff21d627-dbb8-4200-937b-f8be8b86b6d4_(70454,15475).jpg",0.99999964,3.1402138e-07,1
"images/TEST/MSIH/TCGA-CM-4743-01Z-00-DX1.f54a6355-5623-498c-96b9-2ff1de6576c6_(69851,73449).jpg",0.9999994,6.135973e-07,1
"images/TEST/MSIH/TCGA-CM-6674-01Z-00-DX1.4a08b16a-788e-43dc-85d2-baff6e911de2_(89580,66569).jpg",0.99999976,2.9074488e-07,1
"images/TEST/MSIH/TCGA-CM-4746-01Z-00-DX1.c83b9795-bf45-4100-9052-a7e485e0f770_(20949,35331).jpg",0.99999964,3.0506843e-07,1
"images/TEST/MSIH/TCGA-AD-6889-01Z-00-DX1.5269A81E-5391-4875-8F2A-6505BC5BBFD9_(48411,19438).jpg",0.9999995,4.945e-07,1
"images/TEST/MSIH/TCGA-G4-6309-01Z-00-DX1.3eb20fdc-eb86-4bd5-8194-76b02d4fa472_(33438,64518).jpg",0.9999944,5.571241e-06,1
"images/TEST/MSIH/TCGA-AA-3877-01Z-00-DX1.36902310-bc0b-4437-9f86-6df85703e0ad_(50213,93052).jpg",0.99999964,3.4715765e-07,1
"images/TEST/MSIH/TCGA-QG-A5Z2-01Z-00-DX1.51896C31-235E-48EF-90F7-FC05350CA564_(83761,24594).jpg",0.9999994,6.301643e-07,1
"images/TEST/MSIH/TCGA-QG-A5Z2-01Z-00-DX2.F2352352-8F00-4BB3-8A62-8D1C1E374F95_(11328,35942).jpg",0.99999964,3.4657282e-07,1
"images/TEST/MSIH/TCGA-AA-A01P-01Z-00-DX1.D7AAA4F0-C956-4346-8948-DADACDFB3B69_(38107,58156).jpg",0.99999964,3.2409082e-07,1
"images/TEST/MSIH/TCGA-QG-A5Z2-01Z-00-DX2.F2352352-8F00-4BB3-8A62-8D1C1E374F95_(40705,9604).jpg",0.9999999,1.5516011e-07,1
"images/TEST/MSIH/TCGA-AA-3811-01Z-00-DX1.369d7946-911e-4e97-8ae7-32ef12b6b106_(10334,91520).jpg",0.99999976,2.669145e-07,1
"images/TEST/MSIH/TCGA-AA-3950-01Z-00-DX1.2a81cf11-4c16-4e9e-8809-6f63152060da_(57453,73404).jpg",0.9999989,1.0222408e-06,1
"images/TEST/MSIH/TCGA-A6-6653-01Z-00-DX1.e130666d-2681-4382-9e7a-4a4d27cb77a4_(95428,23666).jpg",0.9999989,1.0324922e-06,1
"images/TEST/MSIH/TCGA-AA-3877-01Z-00-DX1.36902310-bc0b-4437-9f86-6df85703e0ad_(57920,99658).jpg",0.99999976,2.8549005e-07,1
"images/TEST/MSIH/TCGA-G4-6309-01Z-00-DX1.3eb20fdc-eb86-4bd5-8194-76b02d4fa472_(40550,61470).jpg",0.9999999,1.7405651e-07,1
"images/TEST/MSIH/TCGA-F4-6703-01Z-00-DX1.28225f5d-d880-4605-831f-f22ec0272cde_(103488,66989).jpg",0.9999999,1.1140838e-07,1
"images/TEST/MSIH/TCGA-A6-6653-01Z-00-DX1.e130666d-2681-4382-9e7a-4a4d27cb77a4_(100508,6394).jpg",0.99999964,3.5121064e-07,1
"images/TEST/MSIH/TCGA-CM-4746-01Z-00-DX1.c83b9795-bf45-4100-9052-a7e485e0f770_(20949,13995).jpg",0.9999995,4.4783386e-07,1
"images/TEST/MSIH/TCGA-D5-6927-01Z-00-DX1.ff21d627-dbb8-4200-937b-f8be8b86b6d4_(69438,14459).jpg",0.99999857,1.4428047e-06,1
"images/TEST/MSIH/TCGA-D5-6530-01Z-00-DX1.5c4bbcd1-51ba-467d-93f9-f2a9e7c5e010_(73955,69700).jpg",0.99999976,1.9367583e-07,1
"images/TEST/MSIH/TCGA-CM-6674-01Z-00-DX1.4a08b16a-788e-43dc-85d2-baff6e911de2_(47924,74697).jpg",0.999997,3.0003412e-06,1
"images/TEST/MSIH/TCGA-AA-3811-01Z-00-DX1.369d7946-911e-4e97-8ae7-32ef12b6b106_(12536,112439).jpg",0.99999976,2.4107803e-07,1
"images/TEST/MSIH/TCGA-F4-6703-01Z-00-DX1.28225f5d-d880-4605-831f-f22ec0272cde_(100440,55813).jpg",0.99999964,3.2521348e-07,1
"images/TEST/MSIH/TCGA-AD-A5EJ-01Z-00-DX1.FA56CEAF-8B70-45EF-A2C9-8AA7BEB3D88A_(16982,28171).jpg",0.9999989,1.1205597e-06,1
"images/TEST/MSIH/TCGA-AA-3877-01Z-00-DX1.36902310-bc0b-4437-9f86-6df85703e0ad_(65627,90850).jpg",0.9999995,5.0866385e-07,1
"images/TEST/MSIH/TCGA-AZ-6598-01Z-00-DX1.1fc4cd61-4524-413b-b36d-ad438785bc06_(36558,53128).jpg",0.9999999,1.651022e-07,1
"images/TEST/MSIH/TCGA-AA-3950-01Z-00-DX1.2a81cf11-4c16-4e9e-8809-6f63152060da_(51948,73404).jpg",0.9999999,9.589487e-08,1
"images/TEST/MSIH/TCGA-F4-6703-01Z-00-DX1.28225f5d-d880-4605-831f-f22ec0272cde_(91296,39557).jpg",0.9999995,5.2624597e-07,1
"images/TEST/MSIH/TCGA-CK-6746-01Z-00-DX1.0aae8eec-1e82-494b-8779-d79fea8bec0c_(35832,56693).jpg",0.99999917,8.7338907e-07,1
"images/TEST/MSIH/TCGA-CK-6746-01Z-00-DX1.0aae8eec-1e82-494b-8779-d79fea8bec0c_(62248,44501).jpg",0.9999994,6.25475e-07,1
"images/TEST/MSIH/TCGA-AD-A5EJ-01Z-00-DX1.FA56CEAF-8B70-45EF-A2C9-8AA7BEB3D88A_(16982,22075).jpg",0.9999995,4.2441886e-07,1
"images/TEST/MSIH/TCGA-D5-6530-01Z-00-DX1.5c4bbcd1-51ba-467d-93f9-f2a9e7c5e010_(27219,54460).jpg",0.99999857,1.4688263e-06,1
"images/TEST/MSIH/TCGA-CM-4746-01Z-00-DX1.c83b9795-bf45-4100-9052-a7e485e0f770_(18917,35331).jpg",0.99999964,3.4941263e-07,1
"images/TEST/MSIH/TCGA-CK-6747-01Z-00-DX1.7824596c-84db-4bee-b149-cd8f617c285f_(5288,36470).jpg",0.9999999,1.6486602e-07,1
"images/TEST/MSIH/TCGA-A6-6653-01Z-00-DX1.e130666d-2681-4382-9e7a-4a4d27cb77a4_(96444,22650).jpg",0.9999994,6.2276683e-07,1
"images/TEST/MSIH/TCGA-CM-4743-01Z-00-DX1.f54a6355-5623-498c-96b9-2ff1de6576c6_(70867,50081).jpg",0.99999964,3.390721e-07,1
"images/TEST/MSIH/TCGA-AD-6895-01Z-00-DX1.7FB1FBC6-683B-4285-89D1-A7A20F07A9D4_(11875,6957).jpg",0.9999999,1.5639047e-07,1
"images/TEST/MSIH/TCGA-AA-3811-01Z-00-DX1.369d7946-911e-4e97-8ae7-32ef12b6b106_(10334,99227).jpg",0.9999995,5.0609646e-07,1
"images/TEST/MSIH/TCGA-AD-A5EJ-01Z-00-DX1.FA56CEAF-8B70-45EF-A2C9-8AA7BEB3D88A_(19014,16995).jpg",0.99999964,3.61232e-07,1
"images/TEST/MSIH/TCGA-CK-6746-01Z-00-DX1.0aae8eec-1e82-494b-8779-d79fea8bec0c_(56152,46533).jpg",0.9999999,8.0186005e-08,1
"images/TEST/MSIH/TCGA-CK-6747-01Z-00-DX1.7824596c-84db-4bee-b149-cd8f617c285f_(67264,30374).jpg",0.9999995,5.048277e-07,1
"images/TEST/MSIH/TCGA-AA-3811-01Z-00-DX1.369d7946-911e-4e97-8ae7-32ef12b6b106_(10334,104732).jpg",0.99999976,2.3762563e-07,1
"images/TEST/MSIH/TCGA-QG-A5Z2-01Z-00-DX2.F2352352-8F00-4BB3-8A62-8D1C1E374F95_(41718,15682).jpg",0.9999994,6.0606936e-07,1
"images/TEST/MSIH/TCGA-AA-3715-01Z-00-DX1.24d6e746-ad61-4587-a2b9-8903331b279c_(21983,53772).jpg",0.99999833,1.697756e-06,1
"images/TEST/MSIH/TCGA-QG-A5Z2-01Z-00-DX1.51896C31-235E-48EF-90F7-FC05350CA564_(75657,44854).jpg",0.99999905,9.009802e-07,1
"images/TEST/MSIH/TCGA-QG-A5Z2-01Z-00-DX2.F2352352-8F00-4BB3-8A62-8D1C1E374F95_(20445,70384).jpg",0.9999999,1.0399943e-07,1
"images/TEST/MSIH/TCGA-QG-A5Z2-01Z-00-DX2.F2352352-8F00-4BB3-8A62-8D1C1E374F95_(14367,57215).jpg",0.9999999,1.5679727e-07,1
"images/TEST/MSIH/TCGA-AA-3715-01Z-00-DX1.24d6e746-ad61-4587-a2b9-8903331b279c_(48407,48267).jpg",0.9999981,1.9187248e-06,1
"images/TEST/MSIH/TCGA-G4-6309-01Z-00-DX1.3eb20fdc-eb86-4bd5-8194-76b02d4fa472_(93382,43182).jpg",0.99999976,1.9386562e-07,1
"images/TEST/MSIH/TCGA-D5-6530-01Z-00-DX1.5c4bbcd1-51ba-467d-93f9-f2a9e7c5e010_(47539,72748).jpg",0.99999976,2.7987582e-07,1
"images/TEST/MSIH/TCGA-AA-A01P-01Z-00-DX1.D7AAA4F0-C956-4346-8948-DADACDFB3B69_(62329,86782).jpg",0.99999917,8.318738e-07,1
"images/TEST/MSIH/TCGA-CM-6674-01Z-00-DX1.4a08b16a-788e-43dc-85d2-baff6e911de2_(48940,65553).jpg",1.0,5.3189297e-08,1
"images/TEST/MSIH/TCGA-AZ-6598-01Z-00-DX1.1fc4cd61-4524-413b-b36d-ad438785bc06_(53830,46016).jpg",0.9999999,1.054003e-07,1
"images/TEST/MSIH/TCGA-G4-6309-01Z-00-DX1.3eb20fdc-eb86-4bd5-8194-76b02d4fa472_(66966,47246).jpg",0.9999995,4.236255e-07,1
"images/TEST/MSIH/TCGA-AA-3811-01Z-00-DX1.369d7946-911e-4e97-8ae7-32ef12b6b106_(18041,90419).jpg",0.9999981,1.9484442e-06,1
"images/TEST/MSIH/TCGA-CM-4746-01Z-00-DX1.c83b9795-bf45-4100-9052-a7e485e0f770_(85973,29235).jpg",0.99999976,2.6760728e-07,1
"images/TEST/MSIH/TCGA-AA-3811-01Z-00-DX1.369d7946-911e-4e97-8ae7-32ef12b6b106_(4829,97025).jpg",0.99999976,2.2685859e-07,1
"images/TEST/MSIH/TCGA-AA-3950-01Z-00-DX1.2a81cf11-4c16-4e9e-8809-6f63152060da_(47544,73404).jpg",0.9999999,6.856763e-08,1
"images/TEST/MSIH/TCGA-AD-A5EJ-01Z-00-DX1.FA56CEAF-8B70-45EF-A2C9-8AA7BEB3D88A_(23078,19027).jpg",0.9999994,5.4141606e-07,1
"images/TEST/MSIH/TCGA-AA-3864-01Z-00-DX1.f6992bc7-ba05-4c30-9500-8f7b07b30f9a_(16901,25637).jpg",0.9999987,1.2576844e-06,1
"images/TEST/MSIH/TCGA-CK-6747-01Z-00-DX1.7824596c-84db-4bee-b149-cd8f617c285f_(25608,24278).jpg",0.99999964,3.6317675e-07,1
"images/TEST/MSIH/TCGA-CK-6747-01Z-00-DX1.7824596c-84db-4bee-b149-cd8f617c285f_(73360,8022).jpg",0.9999994,5.5212513e-07,1
"images/TEST/MSIH/TCGA-AA-3715-01Z-00-DX1.24d6e746-ad61-4587-a2b9-8903331b279c_(59417,31752).jpg",0.9999995,5.318402e-07,1
"images/TEST/MSIH/TCGA-CM-6674-01Z-00-DX1.4a08b16a-788e-43dc-85d2-baff6e911de2_(75356,73681).jpg",0.9999995,4.438761e-07,1
"images/TEST/MSIH/TCGA-CM-6674-01Z-00-DX1.4a08b16a-788e-43dc-85d2-baff6e911de2_(36748,66569).jpg",0.99999833,1.6630714e-06,1
"images/TEST/MSIH/TCGA-F4-6703-01Z-00-DX1.28225f5d-d880-4605-831f-f22ec0272cde_(70976,44637).jpg",0.9999995,5.070772e-07,1
"images/TEST/MSIH/TCGA-F4-6703-01Z-00-DX1.28225f5d-d880-4605-831f-f22ec0272cde_(81136,44637).jpg",0.99999976,2.0102104e-07,1
"images/TEST/MSIH/TCGA-AD-6889-01Z-00-DX1.5269A81E-5391-4875-8F2A-6505BC5BBFD9_(18947,22486).jpg",0.99999976,2.1298266e-07,1
"images/TEST/MSIH/TCGA-G4-6309-01Z-00-DX1.3eb20fdc-eb86-4bd5-8194-76b02d4fa472_(39534,55374).jpg",0.99999976,2.6098715e-07,1
"images/TEST/MSIH/TCGA-AD-6895-01Z-00-DX1.7FB1FBC6-683B-4285-89D1-A7A20F07A9D4_(13907,4925).jpg",0.9999999,1.4264685e-07,1
"images/TEST/MSIH/TCGA-CM-6674-01Z-00-DX1.4a08b16a-788e-43dc-85d2-baff6e911de2_(42844,78761).jpg",0.9999994,5.5728657e-07,1
"images/TEST/MSIH/TCGA-AA-3811-01Z-00-DX1.369d7946-911e-4e97-8ae7-32ef12b6b106_(10334,108035).jpg",0.99999964,4.0622467e-07,1
"images/TEST/MSIH/TCGA-D5-6530-01Z-00-DX1.5c4bbcd1-51ba-467d-93f9-f2a9e7c5e010_(55667,76812).jpg",0.9999993,7.301603e-07,1
"images/TEST/MSIH/TCGA-AD-6889-01Z-00-DX1.5269A81E-5391-4875-8F2A-6505BC5BBFD9_(21995,38742).jpg",0.99999964,3.282293e-07,1
"images/TEST/MSIH/TCGA-D5-6530-01Z-00-DX1.5c4bbcd1-51ba-467d-93f9-f2a9e7c5e010_(31283,72748).jpg",0.9999993,7.712912e-07,1
"images/TEST/MSIH/TCGA-CM-4746-01Z-00-DX1.c83b9795-bf45-4100-9052-a7e485e0f770_(20949,16027).jpg",0.9999995,4.3406084e-07,1
"images/TEST/MSIH/TCGA-AA-3877-01Z-00-DX1.36902310-bc0b-4437-9f86-6df85703e0ad_(57920,100759).jpg",0.9999999,1.5446354e-07,1
"images/TEST/MSIH/TCGA-CM-4746-01Z-00-DX1.c83b9795-bf45-4100-9052-a7e485e0f770_(5709,10947).jpg",0.99999976,1.9526577e-07,1
"images/TEST/MSIH/TCGA-CM-6674-01Z-00-DX1.4a08b16a-788e-43dc-85d2-baff6e911de2_(40812,55393).jpg",0.9999995,4.5425543e-07,1
"images/TEST/MSIH/TCGA-D5-6530-01Z-00-DX1.5c4bbcd1-51ba-467d-93f9-f2a9e7c5e010_(75987,71732).jpg",0.99999976,2.549662e-07,1
"images/TEST/MSIH/TCGA-QG-A5Z2-01Z-00-DX2.F2352352-8F00-4BB3-8A62-8D1C1E374F95_(73121,77475).jpg",0.99999976,2.83374e-07,1
"images/TEST/MSIH/TCGA-CM-4746-01Z-00-DX1.c83b9795-bf45-4100-9052-a7e485e0f770_(47365,27203).jpg",0.99999976,2.1801593e-07,1
"images/TEST/MSIH/TCGA-AD-6889-01Z-00-DX1.5269A81E-5391-4875-8F2A-6505BC5BBFD9_(24027,21470).jpg",0.99999714,2.8249754e-06,1
"images/TEST/MSIH/TCGA-CM-4743-01Z-00-DX1.f54a6355-5623-498c-96b9-2ff1de6576c6_(35307,74465).jpg",0.99999833,1.6997326e-06,1
"images/TEST/MSIH/TCGA-D5-6530-01Z-00-DX1.5c4bbcd1-51ba-467d-93f9-f2a9e7c5e010_(67859,62588).jpg",0.9999994,5.644922e-07,1
"images/TEST/MSIH/TCGA-A6-6653-01Z-00-DX1.e130666d-2681-4382-9e7a-4a4d27cb77a4_(86284,18586).jpg",0.9999968,3.2709454e-06,1
"images/TEST/MSIH/TCGA-AA-3811-01Z-00-DX1.369d7946-911e-4e97-8ae7-32ef12b6b106_(4829,93722).jpg",0.99999964,3.3268353e-07,1
"images/TEST/MSIH/TCGA-AA-3950-01Z-00-DX1.2a81cf11-4c16-4e9e-8809-6f63152060da_(53049,82212).jpg",0.9999999,9.1182955e-08,1
"images/TEST/MSIH/TCGA-AD-6889-01Z-00-DX1.5269A81E-5391-4875-8F2A-6505BC5BBFD9_(20979,44838).jpg",0.9999956,4.43911e-06,1
"images/TEST/MSIH/TCGA-D5-6927-01Z-00-DX1.ff21d627-dbb8-4200-937b-f8be8b86b6d4_(64358,20555).jpg",0.99999964,3.1711144e-07,1
"images/TEST/MSIH/TCGA-CM-6674-01Z-00-DX1.4a08b16a-788e-43dc-85d2-baff6e911de2_(18460,59457).jpg",0.99999833,1.6571533e-06,1
"images/TEST/MSIH/TCGA-CK-6747-01Z-00-DX1.7824596c-84db-4bee-b149-cd8f617c285f_(41864,37486).jpg",0.9999988,1.1629473e-06,1
"images/TEST/MSIH/TCGA-D5-6927-01Z-00-DX1.ff21d627-dbb8-4200-937b-f8be8b86b6d4_(61310,16491).jpg",0.9999989,1.0243654e-06,1
"images/TEST/MSIH/TCGA-CM-6674-01Z-00-DX1.4a08b16a-788e-43dc-85d2-baff6e911de2_(73324,68601).jpg",0.99999964,3.5688365e-07,1
"images/TEST/MSIH/TCGA-AD-6889-01Z-00-DX1.5269A81E-5391-4875-8F2A-6505BC5BBFD9_(50443,13342).jpg",0.9999989,1.122592e-06,1
"images/TEST/MSIH/TCGA-AZ-6598-01Z-00-DX1.1fc4cd61-4524-413b-b36d-ad438785bc06_(66022,45000).jpg",0.99999976,2.9445224e-07,1
"images/TEST/MSIH/TCGA-QG-A5Z2-01Z-00-DX1.51896C31-235E-48EF-90F7-FC05350CA564_(74644,16490).jpg",0.99999976,2.867083e-07,1
"images/TEST/MSIH/TCGA-CM-4746-01Z-00-DX1.c83b9795-bf45-4100-9052-a7e485e0f770_(91053,39395).jpg",0.99999964,3.918972e-07,1
"images/TEST/MSIH/TCGA-CM-4746-01Z-00-DX1.c83b9795-bf45-4100-9052-a7e485e0f770_(60573,25171).jpg",0.99999976,2.892021e-07,1
"images/TEST/MSIH/TCGA-CM-4743-01Z-00-DX1.f54a6355-5623-498c-96b9-2ff1de6576c6_(60707,25697).jpg",0.99999964,3.263114e-07,1
"images/TEST/MSIH/TCGA-F4-6703-01Z-00-DX1.28225f5d-d880-4605-831f-f22ec0272cde_(85200,58861).jpg",0.9999999,8.601603e-08,1
"images/TEST/MSIH/TCGA-AD-6889-01Z-00-DX1.5269A81E-5391-4875-8F2A-6505BC5BBFD9_(23011,14358).jpg",0.99999976,1.8724413e-07,1
"images/TEST/MSIH/TCGA-D5-6927-01Z-00-DX1.ff21d627-dbb8-4200-937b-f8be8b86b6d4_(79598,13443).jpg",0.9999995,4.1836358e-07,1
"images/TEST/MSIH/TCGA-QG-A5Z2-01Z-00-DX1.51896C31-235E-48EF-90F7-FC05350CA564_(74644,41815).jpg",0.99999976,2.5896307e-07,1
"images/TEST/MSIH/TCGA-AD-6889-01Z-00-DX1.5269A81E-5391-4875-8F2A-6505BC5BBFD9_(40283,56014).jpg",0.99999964,4.053234e-07,1
"images/TEST/MSIH/TCGA-AA-3877-01Z-00-DX1.36902310-bc0b-4437-9f86-6df85703e0ad_(70031,84244).jpg",0.9999994,6.4999927e-07,1
"images/TEST/MSIH/TCGA-A6-6653-01Z-00-DX1.e130666d-2681-4382-9e7a-4a4d27cb77a4_(93396,6394).jpg",0.9999993,6.5762794e-07,1
"images/TEST/MSIH/TCGA-CK-6746-01Z-00-DX1.0aae8eec-1e82-494b-8779-d79fea8bec0c_(66312,45517).jpg",0.99999976,2.597999e-07,1
"images/TEST/MSIH/TCGA-G4-6309-01Z-00-DX1.3eb20fdc-eb86-4bd5-8194-76b02d4fa472_(78142,48262).jpg",0.9999999,1.551604e-07,1
"images/TEST/MSIH/TCGA-CM-4743-01Z-00-DX1.f54a6355-5623-498c-96b9-2ff1de6576c6_(30227,36873).jpg",0.99999964,3.767559e-07,1
"images/TEST/MSIH/TCGA-AA-3877-01Z-00-DX1.36902310-bc0b-4437-9f86-6df85703e0ad_(54617,72133).jpg",0.99999976,2.2799314e-07,1
"images/TEST/MSIH/TCGA-CM-4746-01Z-00-DX1.c83b9795-bf45-4100-9052-a7e485e0f770_(35173,4851).jpg",0.9999995,4.3830082e-07,1
"images/TEST/MSIH/TCGA-AZ-6598-01Z-00-DX1.1fc4cd61-4524-413b-b36d-ad438785bc06_(19286,64304).jpg",0.9999999,7.9290515e-08,1
"images/TEST/MSIH/TCGA-AD-6889-01Z-00-DX1.5269A81E-5391-4875-8F2A-6505BC5BBFD9_(5739,16390).jpg",0.9999988,1.1507532e-06,1
"images/TEST/MSIH/TCGA-AD-A5EJ-01Z-00-DX1.FA56CEAF-8B70-45EF-A2C9-8AA7BEB3D88A_(19014,32235).jpg",0.99999976,2.169271e-07,1
"images/TEST/MSIH/TCGA-D5-6530-01Z-00-DX1.5c4bbcd1-51ba-467d-93f9-f2a9e7c5e010_(48555,76812).jpg",0.99999905,9.474004e-07,1
"images/TEST/MSIH/TCGA-CK-6747-01Z-00-DX1.7824596c-84db-4bee-b149-cd8f617c285f_(40848,26310).jpg",0.9999999,7.219704e-08,1
"images/TEST/MSIH/TCGA-CM-6674-01Z-00-DX1.4a08b16a-788e-43dc-85d2-baff6e911de2_(46908,79777).jpg",0.9999999,1.6204415e-07,1
"images/TEST/MSIH/TCGA-QG-A5Z2-01Z-00-DX1.51896C31-235E-48EF-90F7-FC05350CA564_(77683,18516).jpg",0.9999987,1.3486319e-06,1
"images/TEST/MSIH/TCGA-A6-6653-01Z-00-DX1.e130666d-2681-4382-9e7a-4a4d27cb77a4_(91364,20618).jpg",0.9999999,1.6599627e-07,1
"images/TEST/MSIH/TCGA-F4-6703-01Z-00-DX1.28225f5d-d880-4605-831f-f22ec0272cde_(66912,46669).jpg",0.99999905,9.5023444e-07,1
"images/TEST/MSIH/TCGA-D5-6530-01Z-00-DX1.5c4bbcd1-51ba-467d-93f9-f2a9e7c5e010_(17059,59540).jpg",0.9999995,5.281465e-07,1
"images/TEST/MSIH/TCGA-CM-6674-01Z-00-DX1.4a08b16a-788e-43dc-85d2-baff6e911de2_(23540,50313).jpg",0.9999999,1.0178365e-07,1
"images/TEST/MSIH/TCGA-AA-3877-01Z-00-DX1.36902310-bc0b-4437-9f86-6df85703e0ad_(66728,90850).jpg",0.9999993,6.7537803e-07,1
"images/TEST/MSIH/TCGA-QG-A5Z2-01Z-00-DX1.51896C31-235E-48EF-90F7-FC05350CA564_(63501,17503).jpg",0.99999857,1.3709481e-06,1
"images/TEST/MSIH/TCGA-D5-6927-01Z-00-DX1.ff21d627-dbb8-4200-937b-f8be8b86b6d4_(75534,4299).jpg",0.99999833,1.6983779e-06,1
"images/TEST/MSIH/TCGA-F4-6703-01Z-00-DX1.28225f5d-d880-4605-831f-f22ec0272cde_(102472,69021).jpg",0.99999976,1.9265839e-07,1
"images/TEST/MSIH/TCGA-AA-3864-01Z-00-DX1.f6992bc7-ba05-4c30-9500-8f7b07b30f9a_(8093,14627).jpg",0.99999964,3.3470974e-07,1
"images/TEST/MSIH/TCGA-CM-4746-01Z-00-DX1.c83b9795-bf45-4100-9052-a7e485e0f770_(15869,28219).jpg",0.9999999,1.4568508e-07,1
"images/TEST/MSIH/TCGA-D5-6530-01Z-00-DX1.5c4bbcd1-51ba-467d-93f9-f2a9e7c5e010_(10963,53444).jpg",0.9999995,4.4640197e-07,1
"images/TEST/MSIH/TCGA-CK-6746-01Z-00-DX1.0aae8eec-1e82-494b-8779-d79fea8bec0c_(42944,44501).jpg",0.9999995,4.3916484e-07,1
"images/TEST/MSIH/TCGA-AA-3877-01Z-00-DX1.36902310-bc0b-4437-9f86-6df85703e0ad_(57920,98557).jpg",0.9999995,4.2507267e-07,1
"images/TEST/MSIH/TCGA-AA-3811-01Z-00-DX1.369d7946-911e-4e97-8ae7-32ef12b6b106_(8132,92621).jpg",0.9999999,1.0210838e-07,1
"images/TEST/MSIH/TCGA-AA-3715-01Z-00-DX1.24d6e746-ad61-4587-a2b9-8903331b279c_(20882,42762).jpg",0.9999989,1.0455428e-06,1
"images/TEST/MSIH/TCGA-CK-6746-01Z-00-DX1.0aae8eec-1e82-494b-8779-d79fea8bec0c_(5352,61773).jpg",0.9999999,1.4090782e-07,1
"images/TEST/MSIH/TCGA-CM-6674-01Z-00-DX1.4a08b16a-788e-43dc-85d2-baff6e911de2_(72308,65553).jpg",0.9999999,1.4575164e-07,1
"images/TEST/MSIH/TCGA-AA-3811-01Z-00-DX1.369d7946-911e-4e97-8ae7-32ef12b6b106_(12536,106934).jpg",0.9999999,1.750772e-07,1
"images/TEST/MSIH/TCGA-AA-3811-01Z-00-DX1.369d7946-911e-4e97-8ae7-32ef12b6b106_(9233,103631).jpg",0.99999976,2.3086926e-07,1
"images/TEST/MSIH/TCGA-CK-6747-01Z-00-DX1.7824596c-84db-4bee-b149-cd8f617c285f_(83520,11070).jpg",0.99999905,9.757604e-07,1
"images/TEST/MSIH/TCGA-AA-3877-01Z-00-DX1.36902310-bc0b-4437-9f86-6df85703e0ad_(72233,78739).jpg",0.99999976,2.9409804e-07,1
"images/TEST/MSIH/TCGA-CM-4746-01Z-00-DX1.c83b9795-bf45-4100-9052-a7e485e0f770_(43301,8915).jpg",0.99999964,3.9955046e-07,1
"images/TEST/MSIH/TCGA-CK-6747-01Z-00-DX1.7824596c-84db-4bee-b149-cd8f617c285f_(31704,27326).jpg",0.99999976,2.4839338e-07,1
"images/TEST/MSIH/TCGA-A6-6653-01Z-00-DX1.e130666d-2681-4382-9e7a-4a4d27cb77a4_(94412,24682).jpg",0.99999976,2.930378e-07,1
"images/TEST/MSIH/TCGA-QG-A5Z2-01Z-00-DX1.51896C31-235E-48EF-90F7-FC05350CA564_(67553,47893).jpg",0.99999976,2.4150307e-07,1
"images/TEST/MSIH/TCGA-AA-3715-01Z-00-DX1.24d6e746-ad61-4587-a2b9-8903331b279c_(50609,50469).jpg",0.999998,1.9831175e-06,1
"images/TEST/MSIH/TCGA-G4-6309-01Z-00-DX1.3eb20fdc-eb86-4bd5-8194-76b02d4fa472_(83222,44198).jpg",0.99999976,2.02277e-07,1
"images/TEST/MSIH/TCGA-D5-6927-01Z-00-DX1.ff21d627-dbb8-4200-937b-f8be8b86b6d4_(68422,18523).jpg",0.9999988,1.1940507e-06,1
"images/TEST/MSIH/TCGA-AA-A01P-01Z-00-DX1.D7AAA4F0-C956-4346-8948-DADACDFB3B69_(50218,68065).jpg",0.9999993,7.0054017e-07,1
"images/TEST/MSIH/TCGA-AD-6889-01Z-00-DX1.5269A81E-5391-4875-8F2A-6505BC5BBFD9_(23011,9278).jpg",0.99999917,7.8296813e-07,1
"images/TEST/MSIH/TCGA-CK-6747-01Z-00-DX1.7824596c-84db-4bee-b149-cd8f617c285f_(10368,38502).jpg",0.9999993,6.792769e-07,1
"images/TEST/MSIH/TCGA-CM-4746-01Z-00-DX1.c83b9795-bf45-4100-9052-a7e485e0f770_(61589,25171).jpg",0.9999989,1.0711725e-06,1
"images/TEST/MSIH/TCGA-F4-6703-01Z-00-DX1.28225f5d-d880-4605-831f-f22ec0272cde_(68944,44637).jpg",0.99999917,8.797188e-07,1
"images/TEST/MSIH/TCGA-D5-6927-01Z-00-DX1.ff21d627-dbb8-4200-937b-f8be8b86b6d4_(73502,11411).jpg",0.9999993,6.692262e-07,1
"images/TEST/MSIH/TCGA-QG-A5Z2-01Z-00-DX1.51896C31-235E-48EF-90F7-FC05350CA564_(64514,74231).jpg",0.9999994,5.40538e-07,1
"images/TEST/MSIH/TCGA-QG-A5Z2-01Z-00-DX2.F2352352-8F00-4BB3-8A62-8D1C1E374F95_(38679,11630).jpg",0.99999905,9.3155575e-07,1
"images/TEST/MSIH/TCGA-CK-6747-01Z-00-DX1.7824596c-84db-4bee-b149-cd8f617c285f_(38816,22246).jpg",0.9999989,1.0369455e-06,1
"images/TEST/MSIH/TCGA-CK-6747-01Z-00-DX1.7824596c-84db-4bee-b149-cd8f617c285f_(68280,14118).jpg",0.9999999,1.4446825e-07,1
"images/TEST/MSIH/TCGA-CK-6746-01Z-00-DX1.0aae8eec-1e82-494b-8779-d79fea8bec0c_(78504,45517).jpg",0.9999999,1.6446965e-07,1
"images/TEST/MSIH/TCGA-AD-6895-01Z-00-DX1.7FB1FBC6-683B-4285-89D1-A7A20F07A9D4_(7811,5941).jpg",0.99999976,2.2299945e-07,1
"images/TEST/MSIH/TCGA-AA-3811-01Z-00-DX1.369d7946-911e-4e97-8ae7-32ef12b6b106_(14738,110237).jpg",0.9999999,1.3633596e-07,1
"images/TEST/MSIH/TCGA-AA-3950-01Z-00-DX1.2a81cf11-4c16-4e9e-8809-6f63152060da_(42039,70101).jpg",0.9999999,1.4798987e-07,1
"images/TEST/MSIH/TCGA-F4-6703-01Z-00-DX1.28225f5d-d880-4605-831f-f22ec0272cde_(63864,51749).jpg",0.99999964,4.048629e-07,1
"images/TEST/MSIH/TCGA-D5-6927-01Z-00-DX1.ff21d627-dbb8-4200-937b-f8be8b86b6d4_(87726,9379).jpg",0.9999988,1.1828394e-06,1
"images/TEST/MSIH/TCGA-QG-A5Z2-01Z-00-DX1.51896C31-235E-48EF-90F7-FC05350CA564_(60462,12438).jpg",0.99999905,9.952543e-07,1
"images/TEST/MSIH/TCGA-AZ-6598-01Z-00-DX1.1fc4cd61-4524-413b-b36d-ad438785bc06_(90406,68368).jpg",0.9999987,1.3579204e-06,1
"images/TEST/MSIH/TCGA-AA-3877-01Z-00-DX1.36902310-bc0b-4437-9f86-6df85703e0ad_(55718,68830).jpg",0.99999917,8.088444e-07,1
"images/TEST/MSIH/TCGA-D5-6927-01Z-00-DX1.ff21d627-dbb8-4200-937b-f8be8b86b6d4_(64358,15475).jpg",0.9999989,1.1062444e-06,1
"images/TEST/MSIH/TCGA-F4-6703-01Z-00-DX1.28225f5d-d880-4605-831f-f22ec0272cde_(95360,64957).jpg",0.9999999,1.5692173e-07,1
"images/TEST/MSIH/TCGA-G4-6309-01Z-00-DX1.3eb20fdc-eb86-4bd5-8194-76b02d4fa472_(96430,41150).jpg",0.99999976,1.8029516e-07,1
"images/TEST/MSIH/TCGA-AA-3877-01Z-00-DX1.36902310-bc0b-4437-9f86-6df85703e0ad_(48011,79840).jpg",0.99999964,3.7973257e-07,1
"images/TEST/MSIH/TCGA-CM-4746-01Z-00-DX1.c83b9795-bf45-4100-9052-a7e485e0f770_(94101,35331).jpg",0.99999976,2.705026e-07,1
"images/TEST/MSIH/TCGA-CK-6746-01Z-00-DX1.0aae8eec-1e82-494b-8779-d79fea8bec0c_(42944,66853).jpg",0.99999917,8.225249e-07,1
"images/TEST/MSIH/TCGA-CK-6746-01Z-00-DX1.0aae8eec-1e82-494b-8779-d79fea8bec0c_(27704,60757).jpg",0.99999976,1.8391623e-07,1
"images/TEST/MSIH/TCGA-QG-A5Z2-01Z-00-DX1.51896C31-235E-48EF-90F7-FC05350CA564_(80722,44854).jpg",0.99999964,3.578952e-07,1
"images/TEST/MSIH/TCGA-AD-A5EJ-01Z-00-DX1.FA56CEAF-8B70-45EF-A2C9-8AA7BEB3D88A_(22062,18011).jpg",0.9999999,8.329473e-08,1
"images/TEST/MSIH/TCGA-CK-6747-01Z-00-DX1.7824596c-84db-4bee-b149-cd8f617c285f_(73360,27326).jpg",0.99999845,1.5207273e-06,1
"images/TEST/MSIH/TCGA-AD-6889-01Z-00-DX1.5269A81E-5391-4875-8F2A-6505BC5BBFD9_(26059,29598).jpg",0.99999905,9.519396e-07,1
"images/TEST/MSIH/TCGA-QG-A5Z2-01Z-00-DX2.F2352352-8F00-4BB3-8A62-8D1C1E374F95_(10315,38981).jpg",0.9999995,4.5428314e-07,1
"images/TEST/MSIH/TCGA-G4-6309-01Z-00-DX1.3eb20fdc-eb86-4bd5-8194-76b02d4fa472_(24294,64518).jpg",0.99999917,7.863624e-07,1
"images/TEST/MSIH/TCGA-QG-A5Z2-01Z-00-DX2.F2352352-8F00-4BB3-8A62-8D1C1E374F95_(14367,45059).jpg",0.9999988,1.1884783e-06,1
"images/TEST/MSIH/TCGA-QG-A5Z2-01Z-00-DX1.51896C31-235E-48EF-90F7-FC05350CA564_(72618,11425).jpg",0.99999905,9.831527e-07,1
"images/TEST/MSIH/TCGA-D5-6927-01Z-00-DX1.ff21d627-dbb8-4200-937b-f8be8b86b6d4_(74518,10395).jpg",0.9999995,4.5850945e-07,1
"images/TEST/MSIH/TCGA-CK-6747-01Z-00-DX1.7824596c-84db-4bee-b149-cd8f617c285f_(52024,28342).jpg",0.99999905,9.279027e-07,1
"images/TEST/MSIH/TCGA-QG-A5Z2-01Z-00-DX1.51896C31-235E-48EF-90F7-FC05350CA564_(85787,25607).jpg",0.9999994,6.2771113e-07,1
"images/TEST/MSIH/TCGA-AA-3950-01Z-00-DX1.2a81cf11-4c16-4e9e-8809-6f63152060da_(43140,70101).jpg",0.9999999,8.850796e-08,1
"images/TEST/MSIH/TCGA-CK-6746-01Z-00-DX1.0aae8eec-1e82-494b-8779-d79fea8bec0c_(57168,45517).jpg",0.99999976,2.2133517e-07,1
"images/TEST/MSIH/TCGA-QG-A5Z2-01Z-00-DX1.51896C31-235E-48EF-90F7-FC05350CA564_(61475,21555).jpg",0.99999905,9.548664e-07,1
"images/TEST/MSIH/TCGA-AA-A01P-01Z-00-DX1.D7AAA4F0-C956-4346-8948-DADACDFB3B69_(64531,85681).jpg",0.99999964,4.0231413e-07,1
"images/TEST/MSIH/TCGA-A6-6653-01Z-00-DX1.e130666d-2681-4382-9e7a-4a4d27cb77a4_(95428,9442).jpg",0.99999976,2.6127603e-07,1
"images/TEST/MSIH/TCGA-AA-3877-01Z-00-DX1.36902310-bc0b-4437-9f86-6df85703e0ad_(72233,93052).jpg",0.99999976,1.8382644e-07,1
"images/TEST/MSIH/TCGA-CK-6746-01Z-00-DX1.0aae8eec-1e82-494b-8779-d79fea8bec0c_(68344,44501).jpg",0.99999976,2.8237423e-07,1
"images/TEST/MSIH/TCGA-AA-3715-01Z-00-DX1.24d6e746-ad61-4587-a2b9-8903331b279c_(48407,38358).jpg",0.9999988,1.1944755e-06,1
"images/TEST/MSIH/TCGA-AD-6889-01Z-00-DX1.5269A81E-5391-4875-8F2A-6505BC5BBFD9_(29107,51950).jpg",0.99999917,8.499071e-07,1
"images/TEST/MSIH/TCGA-AD-6895-01Z-00-DX1.7FB1FBC6-683B-4285-89D1-A7A20F07A9D4_(15939,8989).jpg",0.999998,2.038984e-06,1
"images/TEST/MSIH/TCGA-CM-6674-01Z-00-DX1.4a08b16a-788e-43dc-85d2-baff6e911de2_(76372,64537).jpg",0.99999833,1.7245741e-06,1
"images/TEST/MSIH/TCGA-AA-3715-01Z-00-DX1.24d6e746-ad61-4587-a2b9-8903331b279c_(72629,44964).jpg",0.9999994,5.871862e-07,1
"images/TEST/MSIH/TCGA-AA-A01P-01Z-00-DX1.D7AAA4F0-C956-4346-8948-DADACDFB3B69_(78844,86782).jpg",0.99999976,2.7853514e-07,1
"images/TEST/MSIH/TCGA-AA-3715-01Z-00-DX1.24d6e746-ad61-4587-a2b9-8903331b279c_(63821,42762).jpg",0.9999987,1.3346322e-06,1
"images/TEST/MSIH/TCGA-CK-6747-01Z-00-DX1.7824596c-84db-4bee-b149-cd8f617c285f_(81488,36470).jpg",0.99999905,9.316153e-07,1
"images/TEST/MSIH/TCGA-AD-A5EJ-01Z-00-DX1.FA56CEAF-8B70-45EF-A2C9-8AA7BEB3D88A_(12918,35283).jpg",0.99999964,3.5661893e-07,1
"images/TEST/MSIH/TCGA-AA-3877-01Z-00-DX1.36902310-bc0b-4437-9f86-6df85703e0ad_(43607,94153).jpg",0.99999964,4.1069023e-07,1
"images/TEST/MSIH/TCGA-AD-6889-01Z-00-DX1.5269A81E-5391-4875-8F2A-6505BC5BBFD9_(13867,27566).jpg",0.9999995,4.1817853e-07,1
"images/TEST/MSIH/TCGA-G4-6309-01Z-00-DX1.3eb20fdc-eb86-4bd5-8194-76b02d4fa472_(28358,66550).jpg",0.99999917,8.066536e-07,1
"images/TEST/MSIH/TCGA-G4-6309-01Z-00-DX1.3eb20fdc-eb86-4bd5-8194-76b02d4fa472_(67982,57406).jpg",0.9999995,4.776049e-07,1
"images/TEST/MSIH/TCGA-AZ-6598-01Z-00-DX1.1fc4cd61-4524-413b-b36d-ad438785bc06_(27414,66336).jpg",0.9999999,6.209652e-08,1
"images/TEST/MSIH/TCGA-F4-6703-01Z-00-DX1.28225f5d-d880-4605-831f-f22ec0272cde_(88248,61909).jpg",0.9999999,1.3096304e-07,1
"images/TEST/MSIH/TCGA-AA-3811-01Z-00-DX1.369d7946-911e-4e97-8ae7-32ef12b6b106_(9233,115742).jpg",0.9999999,1.3053585e-07,1
"images/TEST/MSIH/TCGA-AD-6889-01Z-00-DX1.5269A81E-5391-4875-8F2A-6505BC5BBFD9_(11835,15374).jpg",0.99999905,9.5202137e-07,1
"images/TEST/MSIH/TCGA-CM-4743-01Z-00-DX1.f54a6355-5623-498c-96b9-2ff1de6576c6_(45467,66337).jpg",0.9999999,6.516092e-08,1
"images/TEST/MSIH/TCGA-CM-4743-01Z-00-DX1.f54a6355-5623-498c-96b9-2ff1de6576c6_(66803,59225).jpg",0.99999976,2.554749e-07,1
"images/TEST/MSIH/TCGA-QG-A5Z2-01Z-00-DX1.51896C31-235E-48EF-90F7-FC05350CA564_(85787,22568).jpg",0.99999905,9.078232e-07,1
"images/TEST/MSIH/TCGA-AA-A01P-01Z-00-DX1.D7AAA4F0-C956-4346-8948-DADACDFB3B69_(72238,85681).jpg",0.99999976,2.5424214e-07,1
"images/TEST/MSIH/TCGA-AA-3950-01Z-00-DX1.2a81cf11-4c16-4e9e-8809-6f63152060da_(54150,74505).jpg",0.9999999,7.298485e-08,1
"images/TEST/MSIH/TCGA-AA-3950-01Z-00-DX1.2a81cf11-4c16-4e9e-8809-6f63152060da_(51948,81111).jpg",0.9999999,8.21336e-08,1
"images/TEST/MSIH/TCGA-AA-A01P-01Z-00-DX1.D7AAA4F0-C956-4346-8948-DADACDFB3B69_(51319,69166).jpg",0.99999774,2.3027608e-06,1
"images/TEST/MSIH/TCGA-AA-A01P-01Z-00-DX1.D7AAA4F0-C956-4346-8948-DADACDFB3B69_(37006,88984).jpg",0.9999995,4.6807514e-07,1
"images/TEST/MSIH/TCGA-AA-3864-01Z-00-DX1.f6992bc7-ba05-4c30-9500-8f7b07b30f9a_(18002,25637).jpg",0.9999999,1.4983432e-07,1
"images/TEST/MSIH/TCGA-AA-3877-01Z-00-DX1.36902310-bc0b-4437-9f86-6df85703e0ad_(54617,99658).jpg",0.9999995,5.1532487e-07,1
"images/TEST/MSIH/TCGA-QG-A5Z2-01Z-00-DX1.51896C31-235E-48EF-90F7-FC05350CA564_(66540,58023).jpg",0.99999905,9.3406805e-07,1
"images/TEST/MSIH/TCGA-AA-3715-01Z-00-DX1.24d6e746-ad61-4587-a2b9-8903331b279c_(63821,32853).jpg",0.99999976,2.4504385e-07,1
"images/TEST/MSIH/TCGA-CM-4743-01Z-00-DX1.f54a6355-5623-498c-96b9-2ff1de6576c6_(21083,64305).jpg",0.99999976,2.7115607e-07,1
"images/TEST/MSIH/TCGA-A6-6653-01Z-00-DX1.e130666d-2681-4382-9e7a-4a4d27cb77a4_(92380,5378).jpg",0.9999999,1.17849716e-07,1
"images/TEST/MSIH/TCGA-D5-6927-01Z-00-DX1.ff21d627-dbb8-4200-937b-f8be8b86b6d4_(66390,17507).jpg",0.99999964,3.7255944e-07,1
"images/TEST/MSIH/TCGA-CK-6746-01Z-00-DX1.0aae8eec-1e82-494b-8779-d79fea8bec0c_(30752,51613).jpg",0.9999999,9.955468e-08,1
"images/TEST/MSIH/TCGA-AD-6889-01Z-00-DX1.5269A81E-5391-4875-8F2A-6505BC5BBFD9_(31139,14358).jpg",0.9999981,1.9490928e-06,1
"images/TEST/MSIH/TCGA-G4-6309-01Z-00-DX1.3eb20fdc-eb86-4bd5-8194-76b02d4fa472_(33438,55374).jpg",0.9999993,7.7107865e-07,1
"images/TEST/MSIH/TCGA-AA-3950-01Z-00-DX1.2a81cf11-4c16-4e9e-8809-6f63152060da_(46443,69000).jpg",0.9999999,1.6040451e-07,1
"images/TEST/MSIH/TCGA-AA-A01P-01Z-00-DX1.D7AAA4F0-C956-4346-8948-DADACDFB3B69_(42511,58156).jpg",0.99999905,8.970868e-07,1
"images/TEST/MSIH/TCGA-CM-4746-01Z-00-DX1.c83b9795-bf45-4100-9052-a7e485e0f770_(82925,31267).jpg",0.9999999,9.763285e-08,1
"images/TEST/MSIH/TCGA-CM-4746-01Z-00-DX1.c83b9795-bf45-4100-9052-a7e485e0f770_(77845,20091).jpg",0.99999785,2.1882572e-06,1
"images/TEST/MSIH/TCGA-G4-6309-01Z-00-DX1.3eb20fdc-eb86-4bd5-8194-76b02d4fa472_(68998,45214).jpg",0.99999964,3.212279e-07,1
"images/TEST/MSIH/TCGA-AA-3950-01Z-00-DX1.2a81cf11-4c16-4e9e-8809-6f63152060da_(38736,80010).jpg",0.9999999,6.135165e-08,1
"images/TEST/MSIH/TCGA-G4-6309-01Z-00-DX1.3eb20fdc-eb86-4bd5-8194-76b02d4fa472_(82206,41150).jpg",0.99999976,2.3510998e-07,1
"images/TEST/MSIH/TCGA-A6-6653-01Z-00-DX1.e130666d-2681-4382-9e7a-4a4d27cb77a4_(89332,8426).jpg",0.9999995,5.255328e-07,1
"images/TEST/MSIH/TCGA-AA-3877-01Z-00-DX1.36902310-bc0b-4437-9f86-6df85703e0ad_(55718,95254).jpg",0.99999976,2.6660564e-07,1
"images/TEST/MSIH/TCGA-G4-6309-01Z-00-DX1.3eb20fdc-eb86-4bd5-8194-76b02d4fa472_(90334,38102).jpg",0.99999976,2.706574e-07,1
"images/TEST/MSIH/TCGA-QG-A5Z2-01Z-00-DX1.51896C31-235E-48EF-90F7-FC05350CA564_(70592,63088).jpg",0.9999995,5.076065e-07,1
"images/TEST/MSIH/TCGA-CK-6746-01Z-00-DX1.0aae8eec-1e82-494b-8779-d79fea8bec0c_(53104,50597).jpg",0.99999976,2.8582815e-07,1
"images/TEST/MSIH/TCGA-D5-6530-01Z-00-DX1.5c4bbcd1-51ba-467d-93f9-f2a9e7c5e010_(32299,64620).jpg",0.9999993,7.28309e-07,1
"images/TEST/MSIH/TCGA-AZ-6598-01Z-00-DX1.1fc4cd61-4524-413b-b36d-ad438785bc06_(72118,45000).jpg",0.99999976,2.2215187e-07,1
"images/TEST/MSIH/TCGA-AA-3715-01Z-00-DX1.24d6e746-ad61-4587-a2b9-8903331b279c_(18680,50469).jpg",0.9999993,7.3229836e-07,1
"images/TEST/MSIH/TCGA-AA-3877-01Z-00-DX1.36902310-bc0b-4437-9f86-6df85703e0ad_(68930,94153).jpg",0.9999995,4.3443063e-07,1
"images/TEST/MSIH/TCGA-AD-6889-01Z-00-DX1.5269A81E-5391-4875-8F2A-6505BC5BBFD9_(16915,22486).jpg",0.99999833,1.6130358e-06,1
"images/TEST/MSIH/TCGA-G4-6309-01Z-00-DX1.3eb20fdc-eb86-4bd5-8194-76b02d4fa472_(90334,32006).jpg",0.9999995,4.9838985e-07,1
"images/TEST/MSIH/TCGA-AD-A5EJ-01Z-00-DX1.FA56CEAF-8B70-45EF-A2C9-8AA7BEB3D88A_(29174,19027).jpg",0.99999917,7.913895e-07,1
"images/TEST/MSIH/TCGA-G4-6309-01Z-00-DX1.3eb20fdc-eb86-4bd5-8194-76b02d4fa472_(57822,60454).jpg",0.99999964,3.933695e-07,1
"images/TEST/MSIH/TCGA-F4-6703-01Z-00-DX1.28225f5d-d880-4605-831f-f22ec0272cde_(99424,63941).jpg",0.9999988,1.2347805e-06,1
"images/TEST/MSIH/TCGA-AA-3877-01Z-00-DX1.36902310-bc0b-4437-9f86-6df85703e0ad_(44708,90850).jpg",0.9999999,7.555859e-08,1
"images/TEST/MSIH/TCGA-AA-3877-01Z-00-DX1.36902310-bc0b-4437-9f86-6df85703e0ad_(54617,98557).jpg",0.9999995,4.999956e-07,1
"images/TEST/MSIH/TCGA-CM-4746-01Z-00-DX1.c83b9795-bf45-4100-9052-a7e485e0f770_(10789,20091).jpg",0.99999964,3.8212406e-07,1
"images/TEST/MSIH/TCGA-AA-3877-01Z-00-DX1.36902310-bc0b-4437-9f86-6df85703e0ad_(48011,69931).jpg",0.99999976,2.1683981e-07,1
"images/TEST/MSIH/TCGA-A6-6653-01Z-00-DX1.e130666d-2681-4382-9e7a-4a4d27cb77a4_(96444,7410).jpg",0.9999999,1.1490563e-07,1
"images/TEST/MSIH/TCGA-AA-3715-01Z-00-DX1.24d6e746-ad61-4587-a2b9-8903331b279c_(23084,51570).jpg",0.99999666,3.3168765e-06,1
"images/TEST/MSIH/TCGA-AA-3877-01Z-00-DX1.36902310-bc0b-4437-9f86-6df85703e0ad_(50213,75436).jpg",0.99999964,3.083979e-07,1
"images/TEST/MSIH/TCGA-AA-3715-01Z-00-DX1.24d6e746-ad61-4587-a2b9-8903331b279c_(51710,39459).jpg",0.999998,2.0107273e-06,1
"images/TEST/MSIH/TCGA-QG-A5Z2-01Z-00-DX1.51896C31-235E-48EF-90F7-FC05350CA564_(74644,13451).jpg",0.9999989,1.0147859e-06,1
"images/TEST/MSIH/TCGA-AA-3877-01Z-00-DX1.36902310-bc0b-4437-9f86-6df85703e0ad_(63425,95254).jpg",0.99999976,2.2581429e-07,1
"images/TEST/MSIH/TCGA-AA-3811-01Z-00-DX1.369d7946-911e-4e97-8ae7-32ef12b6b106_(9233,92621).jpg",0.99999976,1.9313633e-07,1
"images/TEST/MSIH/TCGA-CK-6747-01Z-00-DX1.7824596c-84db-4bee-b149-cd8f617c285f_(42880,41550).jpg",0.9999995,5.337579e-07,1
"images/TEST/MSIH/TCGA-AD-A5EJ-01Z-00-DX1.FA56CEAF-8B70-45EF-A2C9-8AA7BEB3D88A_(27142,21059).jpg",0.99999976,1.9915257e-07,1
"images/TEST/MSIH/TCGA-D5-6927-01Z-00-DX1.ff21d627-dbb8-4200-937b-f8be8b86b6d4_(81630,12427).jpg",0.99999905,9.974682e-07,1
"images/TEST/MSIH/TCGA-D5-6927-01Z-00-DX1.ff21d627-dbb8-4200-937b-f8be8b86b6d4_(72486,14459).jpg",0.99999976,2.1698834e-07,1
"images/TEST/MSIH/TCGA-AD-6895-01Z-00-DX1.7FB1FBC6-683B-4285-89D1-A7A20F07A9D4_(12891,5941).jpg",0.9999999,8.012684e-08,1
"images/TEST/MSIH/TCGA-QG-A5Z2-01Z-00-DX1.51896C31-235E-48EF-90F7-FC05350CA564_(38176,10412).jpg",0.99999964,4.1458014e-07,1
"images/TEST/MSIH/TCGA-QG-A5Z2-01Z-00-DX2.F2352352-8F00-4BB3-8A62-8D1C1E374F95_(33614,77475).jpg",0.9999999,1.7557849e-07,1
"images/TEST/MSIH/TCGA-CK-6746-01Z-00-DX1.0aae8eec-1e82-494b-8779-d79fea8bec0c_(51072,50597).jpg",0.99999964,3.9372156e-07,1
"images/TEST/MSIH/TCGA-D5-6927-01Z-00-DX1.ff21d627-dbb8-4200-937b-f8be8b86b6d4_(72486,6331).jpg",0.99999964,3.9891313e-07,1
"images/TEST/MSIH/TCGA-AD-6895-01Z-00-DX1.7FB1FBC6-683B-4285-89D1-A7A20F07A9D4_(1715,5941).jpg",0.99999917,8.159232e-07,1
"images/TEST/MSIH/TCGA-AA-3877-01Z-00-DX1.36902310-bc0b-4437-9f86-6df85703e0ad_(44708,85345).jpg",0.99999964,3.8906592e-07,1
"images/TEST/MSIH/TCGA-CM-4746-01Z-00-DX1.c83b9795-bf45-4100-9052-a7e485e0f770_(34157,18059).jpg",0.99999917,7.781786e-07,1
"images/TEST/MSIH/TCGA-CM-4743-01Z-00-DX1.f54a6355-5623-498c-96b9-2ff1de6576c6_(24131,41953).jpg",0.9999999,1.7874325e-07,1
"images/TEST/MSIH/TCGA-QG-A5Z2-01Z-00-DX1.51896C31-235E-48EF-90F7-FC05350CA564_(79709,33711).jpg",0.9999995,5.116755e-07,1
"images/TEST/MSIH/TCGA-CM-6674-01Z-00-DX1.4a08b16a-788e-43dc-85d2-baff6e911de2_(68244,78761).jpg",0.99999905,9.214557e-07,1
"images/TEST/MSIH/TCGA-D5-6927-01Z-00-DX1.ff21d627-dbb8-4200-937b-f8be8b86b6d4_(87726,6331).jpg",0.99999976,2.3971305e-07,1
"images/TEST/MSIH/TCGA-AA-3715-01Z-00-DX1.24d6e746-ad61-4587-a2b9-8903331b279c_(18680,44964).jpg",0.99999976,1.7897655e-07,1
"images/TEST/MSIH/TCGA-CM-4746-01Z-00-DX1.c83b9795-bf45-4100-9052-a7e485e0f770_(85973,36347).jpg",0.99999976,2.665296e-07,1
"images/TEST/MSIH/TCGA-CM-6674-01Z-00-DX1.4a08b16a-788e-43dc-85d2-baff6e911de2_(33700,74697).jpg",0.9999999,1.0912525e-07,1
"images/TEST/MSIH/TCGA-CK-6747-01Z-00-DX1.7824596c-84db-4bee-b149-cd8f617c285f_(18496,26310).jpg",0.99999976,2.460726e-07,1
"images/TEST/MSIH/TCGA-G4-6309-01Z-00-DX1.3eb20fdc-eb86-4bd5-8194-76b02d4fa472_(97446,39118).jpg",0.99999976,2.303555e-07,1
"images/TEST/MSIH/TCGA-QG-A5Z2-01Z-00-DX2.F2352352-8F00-4BB3-8A62-8D1C1E374F95_(29562,28851).jpg",0.99999976,1.8118129e-07,1
"images/TEST/MSIH/TCGA-AA-3877-01Z-00-DX1.36902310-bc0b-4437-9f86-6df85703e0ad_(53516,67729).jpg",0.9999982,1.7433341e-06,1
"images/TEST/MSIH/TCGA-AA-A01P-01Z-00-DX1.D7AAA4F0-C956-4346-8948-DADACDFB3B69_(79945,97792).jpg",0.99999964,3.483283e-07,1
"images/TEST/MSIH/TCGA-CM-4743-01Z-00-DX1.f54a6355-5623-498c-96b9-2ff1de6576c6_(86107,31793).jpg",0.9999995,4.7317013e-07,1
"images/TEST/MSIH/TCGA-AD-6889-01Z-00-DX1.5269A81E-5391-4875-8F2A-6505BC5BBFD9_(9803,33662).jpg",0.99999857,1.4332255e-06,1
"images/TEST/MSIH/TCGA-CK-6746-01Z-00-DX1.0aae8eec-1e82-494b-8779-d79fea8bec0c_(64280,41453).jpg",0.99999976,1.8121187e-07,1
"images/TEST/MSIH/TCGA-AD-6889-01Z-00-DX1.5269A81E-5391-4875-8F2A-6505BC5BBFD9_(28091,34678).jpg",0.9999989,1.042191e-06,1
"images/TEST/MSIH/TCGA-AD-6889-01Z-00-DX1.5269A81E-5391-4875-8F2A-6505BC5BBFD9_(14883,36710).jpg",0.9999987,1.3353094e-06,1
"images/TEST/MSIH/TCGA-AA-A01P-01Z-00-DX1.D7AAA4F0-C956-4346-8948-DADACDFB3B69_(64531,68065).jpg",0.9999994,6.0392074e-07,1
"images/TEST/MSIH/TCGA-AA-3811-01Z-00-DX1.369d7946-911e-4e97-8ae7-32ef12b6b106_(11435,92621).jpg",0.99999964,3.437141e-07,1
"images/TEST/MSIH/TCGA-CM-4743-01Z-00-DX1.f54a6355-5623-498c-96b9-2ff1de6576c6_(21083,39921).jpg",0.99999976,2.1747229e-07,1
"images/TEST/MSIH/TCGA-CM-4743-01Z-00-DX1.f54a6355-5623-498c-96b9-2ff1de6576c6_(69851,49065).jpg",0.99999845,1.5858549e-06,1
"images/TEST/MSIH/TCGA-G4-6309-01Z-00-DX1.3eb20fdc-eb86-4bd5-8194-76b02d4fa472_(52742,62486).jpg",0.9999999,1.0609575e-07,1
"images/TEST/MSIH/TCGA-CM-4743-01Z-00-DX1.f54a6355-5623-498c-96b9-2ff1de6576c6_(21083,41953).jpg",0.99999976,2.2742309e-07,1
"images/TEST/MSIH/TCGA-CK-6746-01Z-00-DX1.0aae8eec-1e82-494b-8779-d79fea8bec0c_(70376,44501).jpg",0.9999993,7.482129e-07,1
"images/TEST/MSIH/TCGA-CM-6674-01Z-00-DX1.4a08b16a-788e-43dc-85d2-baff6e911de2_(26588,66569).jpg",0.9999999,1.1850429e-07,1
"images/TEST/MSIH/TCGA-CM-4746-01Z-00-DX1.c83b9795-bf45-4100-9052-a7e485e0f770_(23997,19075).jpg",0.9999999,1.589651e-07,1
"images/TEST/MSIH/TCGA-AA-3811-01Z-00-DX1.369d7946-911e-4e97-8ae7-32ef12b6b106_(4829,106934).jpg",0.99999917,8.8271906e-07,1
"images/TEST/MSIH/TCGA-AA-A01P-01Z-00-DX1.D7AAA4F0-C956-4346-8948-DADACDFB3B69_(28198,81277).jpg",0.9999995,5.244543e-07,1
"images/TEST/MSIH/TCGA-AA-A01P-01Z-00-DX1.D7AAA4F0-C956-4346-8948-DADACDFB3B69_(29299,84580).jpg",0.99999964,3.8026056e-07,1
"images/TEST/MSIH/TCGA-AA-A01P-01Z-00-DX1.D7AAA4F0-C956-4346-8948-DADACDFB3B69_(59026,65863).jpg",0.99999976,2.1788436e-07,1
"images/TEST/MSIH/TCGA-QG-A5Z2-01Z-00-DX1.51896C31-235E-48EF-90F7-FC05350CA564_(78696,27633).jpg",0.99999976,2.304768e-07,1
"images/TEST/MSIH/TCGA-D5-6927-01Z-00-DX1.ff21d627-dbb8-4200-937b-f8be8b86b6d4_(66390,21571).jpg",0.99999976,2.2017055e-07,1
"images/TEST/MSIH/TCGA-CM-4743-01Z-00-DX1.f54a6355-5623-498c-96b9-2ff1de6576c6_(54611,32809).jpg",0.9999999,1.4876149e-07,1
"images/TEST/MSIH/TCGA-CM-4743-01Z-00-DX1.f54a6355-5623-498c-96b9-2ff1de6576c6_(77979,47033).jpg",0.9999999,7.603625e-08,1
"images/TEST/MSIH/TCGA-AA-3950-01Z-00-DX1.2a81cf11-4c16-4e9e-8809-6f63152060da_(45342,84414).jpg",0.99999917,8.237071e-07,1
"images/TEST/MSIH/TCGA-CM-4746-01Z-00-DX1.c83b9795-bf45-4100-9052-a7e485e0f770_(56509,28219).jpg",0.99999976,2.9000273e-07,1
"images/TEST/MSIH/TCGA-AA-3811-01Z-00-DX1.369d7946-911e-4e97-8ae7-32ef12b6b106_(5930,88217).jpg",0.9999999,1.4968793e-07,1
"images/TEST/MSIH/TCGA-CK-6746-01Z-00-DX1.0aae8eec-1e82-494b-8779-d79fea8bec0c_(67328,46533).jpg",0.99999976,2.9580377e-07,1
"images/TEST/MSIH/TCGA-F4-6703-01Z-00-DX1.28225f5d-d880-4605-831f-f22ec0272cde_(90280,60893).jpg",0.99999964,3.48534e-07,1
"images/TEST/MSIH/TCGA-D5-6927-01Z-00-DX1.ff21d627-dbb8-4200-937b-f8be8b86b6d4_(76550,15475).jpg",0.9999995,5.1657565e-07,1
"images/TEST/MSIH/TCGA-D5-6927-01Z-00-DX1.ff21d627-dbb8-4200-937b-f8be8b86b6d4_(90774,14459).jpg",0.99999964,3.366054e-07,1
"images/TEST/MSIH/TCGA-D5-6927-01Z-00-DX1.ff21d627-dbb8-4200-937b-f8be8b86b6d4_(89758,9379).jpg",0.99999976,2.458739e-07,1
"images/TEST/MSIH/TCGA-D5-6530-01Z-00-DX1.5c4bbcd1-51ba-467d-93f9-f2a9e7c5e010_(56683,71732).jpg",0.9999995,4.851844e-07,1
"images/TEST/MSIH/TCGA-CM-4746-01Z-00-DX1.c83b9795-bf45-4100-9052-a7e485e0f770_(29077,32283).jpg",0.99999976,2.1798434e-07,1
"images/TEST/MSIH/TCGA-G4-6309-01Z-00-DX1.3eb20fdc-eb86-4bd5-8194-76b02d4fa472_(77126,52326).jpg",0.99999964,3.2350226e-07,1
"images/TEST/MSIH/TCGA-D5-6927-01Z-00-DX1.ff21d627-dbb8-4200-937b-f8be8b86b6d4_(65374,16491).jpg",0.99999976,2.2559989e-07,1
"images/TEST/MSIH/TCGA-D5-6530-01Z-00-DX1.5c4bbcd1-51ba-467d-93f9-f2a9e7c5e010_(45507,74780).jpg",0.9999994,6.220071e-07,1
"images/TEST/MSIH/TCGA-CM-4743-01Z-00-DX1.f54a6355-5623-498c-96b9-2ff1de6576c6_(30227,75481).jpg",0.99999845,1.5009663e-06,1
"images/TEST/MSIH/TCGA-AZ-6598-01Z-00-DX1.1fc4cd61-4524-413b-b36d-ad438785bc06_(41638,58208).jpg",0.99999976,2.143434e-07,1
"images/TEST/MSIH/TCGA-F4-6703-01Z-00-DX1.28225f5d-d880-4605-831f-f22ec0272cde_(88248,65973).jpg",0.9999999,8.217466e-08,1
"images/TEST/MSIH/TCGA-CM-4743-01Z-00-DX1.f54a6355-5623-498c-96b9-2ff1de6576c6_(51563,49065).jpg",0.99999976,2.1626052e-07,1
"images/TEST/MSIH/TCGA-AD-6889-01Z-00-DX1.5269A81E-5391-4875-8F2A-6505BC5BBFD9_(17931,24518).jpg",0.99999905,9.253127e-07,1
"images/TEST/MSIH/TCGA-CM-6674-01Z-00-DX1.4a08b16a-788e-43dc-85d2-baff6e911de2_(30652,51329).jpg",0.99999964,3.757591e-07,1
"images/TEST/MSIH/TCGA-AD-6895-01Z-00-DX1.7FB1FBC6-683B-4285-89D1-A7A20F07A9D4_(6795,2893).jpg",0.9999994,6.237987e-07,1
"images/TEST/MSIH/TCGA-F4-6703-01Z-00-DX1.28225f5d-d880-4605-831f-f22ec0272cde_(91296,61909).jpg",0.99999976,2.2656496e-07,1
"images/TEST/MSIH/TCGA-AA-3715-01Z-00-DX1.24d6e746-ad61-4587-a2b9-8903331b279c_(50609,35055).jpg",0.9999999,1.0692257e-07,1
"images/TEST/MSIH/TCGA-CK-6746-01Z-00-DX1.0aae8eec-1e82-494b-8779-d79fea8bec0c_(76472,50597).jpg",0.9999999,1.2406808e-07,1
"images/TEST/MSIH/TCGA-CM-4746-01Z-00-DX1.c83b9795-bf45-4100-9052-a7e485e0f770_(43301,27203).jpg",0.9999999,1.1675398e-07,1
"images/TEST/MSIH/TCGA-D5-6530-01Z-00-DX1.5c4bbcd1-51ba-467d-93f9-f2a9e7c5e010_(62779,59540).jpg",0.9999999,1.6780328e-07,1
"images/TEST/MSIH/TCGA-CK-6747-01Z-00-DX1.7824596c-84db-4bee-b149-cd8f617c285f_(58120,43582).jpg",0.99999917,8.8000746e-07,1
"images/TEST/MSIH/TCGA-AZ-6598-01Z-00-DX1.1fc4cd61-4524-413b-b36d-ad438785bc06_(19286,59224).jpg",0.9999999,1.7325216e-07,1
"images/TEST/MSIH/TCGA-AA-A01P-01Z-00-DX1.D7AAA4F0-C956-4346-8948-DADACDFB3B69_(44713,65863).jpg",0.9999993,7.4128315e-07,1
"images/TEST/MSIH/TCGA-QG-A5Z2-01Z-00-DX1.51896C31-235E-48EF-90F7-FC05350CA564_(64514,57010).jpg",0.99999964,3.8240916e-07,1
"images/TEST/MSIH/TCGA-AA-3877-01Z-00-DX1.36902310-bc0b-4437-9f86-6df85703e0ad_(59021,93052).jpg",0.99999976,2.8315657e-07,1
"images/TEST/MSIH/TCGA-AA-3811-01Z-00-DX1.369d7946-911e-4e97-8ae7-32ef12b6b106_(9233,93722).jpg",1.0,5.9553734e-08,1
"images/TEST/MSIH/TCGA-AA-3715-01Z-00-DX1.24d6e746-ad61-4587-a2b9-8903331b279c_(42902,51570).jpg",0.9999995,4.6369615e-07,1
"images/TEST/MSIH/TCGA-AA-3715-01Z-00-DX1.24d6e746-ad61-4587-a2b9-8903331b279c_(64922,41661).jpg",0.99999964,3.5531536e-07,1
"images/TEST/MSIH/TCGA-CK-6747-01Z-00-DX1.7824596c-84db-4bee-b149-cd8f617c285f_(82504,14118).jpg",0.9999994,6.0500105e-07,1
"images/TEST/MSIH/TCGA-AA-A01P-01Z-00-DX1.D7AAA4F0-C956-4346-8948-DADACDFB3B69_(57925,88984).jpg",0.9999994,5.7886336e-07,1
"images/TEST/MSIH/TCGA-AD-A5EJ-01Z-00-DX1.FA56CEAF-8B70-45EF-A2C9-8AA7BEB3D88A_(14950,36299).jpg",0.9999989,1.1067331e-06,1
"images/TEST/MSIH/TCGA-F4-6703-01Z-00-DX1.28225f5d-d880-4605-831f-f22ec0272cde_(70976,53781).jpg",0.9999995,5.0620554e-07,1
"images/TEST/MSIH/TCGA-F4-6703-01Z-00-DX1.28225f5d-d880-4605-831f-f22ec0272cde_(81136,53781).jpg",0.9999995,4.879202e-07,1
"images/TEST/MSIH/TCGA-CM-6674-01Z-00-DX1.4a08b16a-788e-43dc-85d2-baff6e911de2_(23540,71649).jpg",0.99999917,8.549261e-07,1
"images/TEST/MSIH/TCGA-AD-6889-01Z-00-DX1.5269A81E-5391-4875-8F2A-6505BC5BBFD9_(19963,14358).jpg",0.99999964,3.160234e-07,1
"images/TEST/MSIH/TCGA-A6-6653-01Z-00-DX1.e130666d-2681-4382-9e7a-4a4d27cb77a4_(93396,26714).jpg",0.9999999,7.3434194e-08,1
"images/TEST/MSIH/TCGA-D5-6927-01Z-00-DX1.ff21d627-dbb8-4200-937b-f8be8b86b6d4_(72486,15475).jpg",0.9999995,4.3365245e-07,1
"images/TEST/MSIH/TCGA-A6-6653-01Z-00-DX1.e130666d-2681-4382-9e7a-4a4d27cb77a4_(94412,10458).jpg",0.9999993,6.8227126e-07,1
"images/TEST/MSIH/TCGA-AD-6889-01Z-00-DX1.5269A81E-5391-4875-8F2A-6505BC5BBFD9_(30123,11310).jpg",0.99999917,8.4991035e-07,1
"images/TEST/MSIH/TCGA-D5-6927-01Z-00-DX1.ff21d627-dbb8-4200-937b-f8be8b86b6d4_(77566,12427).jpg",0.99999857,1.4315043e-06,1
"images/TEST/MSIH/TCGA-AD-A5EJ-01Z-00-DX1.FA56CEAF-8B70-45EF-A2C9-8AA7BEB3D88A_(15966,29187).jpg",0.9999993,6.923839e-07,1
"images/TEST/MSIH/TCGA-CM-4746-01Z-00-DX1.c83b9795-bf45-4100-9052-a7e485e0f770_(65653,19075).jpg",0.9999995,4.949251e-07,1
"images/TEST/MSIH/TCGA-D5-6530-01Z-00-DX1.5c4bbcd1-51ba-467d-93f9-f2a9e7c5e010_(43475,77828).jpg",0.99999976,2.402289e-07,1
"images/TEST/MSIH/TCGA-AA-3877-01Z-00-DX1.36902310-bc0b-4437-9f86-6df85703e0ad_(68930,78739).jpg",0.99999976,2.87325e-07,1
"images/TEST/MSIH/TCGA-CM-4746-01Z-00-DX1.c83b9795-bf45-4100-9052-a7e485e0f770_(81909,22123).jpg",0.99999964,3.885753e-07,1
"images/TEST/MSIH/TCGA-AA-3877-01Z-00-DX1.36902310-bc0b-4437-9f86-6df85703e0ad_(60122,100759).jpg",0.9999994,6.3593706e-07,1
"images/TEST/MSIH/TCGA-AD-6895-01Z-00-DX1.7FB1FBC6-683B-4285-89D1-A7A20F07A9D4_(15939,11021).jpg",0.99999917,7.951972e-07,1
"images/TEST/MSIH/TCGA-CM-4746-01Z-00-DX1.c83b9795-bf45-4100-9052-a7e485e0f770_(23997,18059).jpg",0.9999994,6.1086826e-07,1
"images/TEST/MSIH/TCGA-AA-A01P-01Z-00-DX1.D7AAA4F0-C956-4346-8948-DADACDFB3B69_(79945,96691).jpg",0.99999857,1.3983222e-06,1
"images/TEST/MSIH/TCGA-CK-6746-01Z-00-DX1.0aae8eec-1e82-494b-8779-d79fea8bec0c_(63264,43485).jpg",0.9999999,1.3080202e-07,1
"images/TEST/MSIH/TCGA-AD-A5EJ-01Z-00-DX1.FA56CEAF-8B70-45EF-A2C9-8AA7BEB3D88A_(14950,28171).jpg",0.9999999,1.6300046e-07,1
"images/TEST/MSIH/TCGA-AD-6895-01Z-00-DX1.7FB1FBC6-683B-4285-89D1-A7A20F07A9D4_(3747,7973).jpg",0.99999905,9.935396e-07,1
"images/TEST/MSIH/TCGA-CM-6674-01Z-00-DX1.4a08b16a-788e-43dc-85d2-baff6e911de2_(36748,67585).jpg",0.9999999,6.6317845e-08,1
"images/TEST/MSIH/TCGA-CM-4743-01Z-00-DX1.f54a6355-5623-498c-96b9-2ff1de6576c6_(63755,32809).jpg",0.9999999,1.7499809e-07,1
"images/TEST/MSIH/TCGA-AA-3950-01Z-00-DX1.2a81cf11-4c16-4e9e-8809-6f63152060da_(48645,80010).jpg",1.0,5.5357926e-08,1
"images/TEST/MSIH/TCGA-QG-A5Z2-01Z-00-DX1.51896C31-235E-48EF-90F7-FC05350CA564_(39189,12438).jpg",0.9999999,9.024897e-08,1
"images/TEST/MSIH/TCGA-QG-A5Z2-01Z-00-DX2.F2352352-8F00-4BB3-8A62-8D1C1E374F95_(22471,70384).jpg",0.99999964,3.3719854e-07,1
"images/TEST/MSIH/TCGA-CK-6746-01Z-00-DX1.0aae8eec-1e82-494b-8779-d79fea8bec0c_(59200,45517).jpg",0.9999999,6.6013826e-08,1
"images/TEST/MSIH/TCGA-CM-6674-01Z-00-DX1.4a08b16a-788e-43dc-85d2-baff6e911de2_(98724,66569).jpg",0.99999976,1.9247987e-07,1
"images/TEST/MSIH/TCGA-D5-6927-01Z-00-DX1.ff21d627-dbb8-4200-937b-f8be8b86b6d4_(69438,20555).jpg",0.99999976,2.951852e-07,1
"images/TEST/MSIH/TCGA-AA-3811-01Z-00-DX1.369d7946-911e-4e97-8ae7-32ef12b6b106_(11435,93722).jpg",0.99999976,2.0866251e-07,1
"images/TEST/MSIH/TCGA-AZ-6598-01Z-00-DX1.1fc4cd61-4524-413b-b36d-ad438785bc06_(40622,61256).jpg",0.9999988,1.2380856e-06,1
"images/TEST/MSIH/TCGA-CK-6746-01Z-00-DX1.0aae8eec-1e82-494b-8779-d79fea8bec0c_(27704,43485).jpg",0.99999917,8.439512e-07,1
"images/TEST/MSIH/TCGA-AD-A5EJ-01Z-00-DX1.FA56CEAF-8B70-45EF-A2C9-8AA7BEB3D88A_(14950,22075).jpg",0.99999964,3.5312533e-07,1
"images/TEST/MSIH/TCGA-CK-6747-01Z-00-DX1.7824596c-84db-4bee-b149-cd8f617c285f_(21544,11070).jpg",0.9999987,1.3476176e-06,1
"images/TEST/MSIH/TCGA-AD-6895-01Z-00-DX1.7FB1FBC6-683B-4285-89D1-A7A20F07A9D4_(6795,10005).jpg",0.99999976,2.855941e-07,1
"images/TEST/MSIH/TCGA-QG-A5Z2-01Z-00-DX1.51896C31-235E-48EF-90F7-FC05350CA564_(65527,55997).jpg",0.99999964,3.8272364e-07,1
"images/TEST/MSIH/TCGA-AD-6889-01Z-00-DX1.5269A81E-5391-4875-8F2A-6505BC5BBFD9_(25043,43822).jpg",0.99999976,2.565362e-07,1
"images/TEST/MSIH/TCGA-D5-6927-01Z-00-DX1.ff21d627-dbb8-4200-937b-f8be8b86b6d4_(90774,15475).jpg",0.99999964,4.073194e-07,1
"images/TEST/MSIH/TCGA-D5-6927-01Z-00-DX1.ff21d627-dbb8-4200-937b-f8be8b86b6d4_(76550,14459).jpg",0.99999964,4.158465e-07,1
"images/TEST/MSIH/TCGA-AA-3950-01Z-00-DX1.2a81cf11-4c16-4e9e-8809-6f63152060da_(49746,84414).jpg",0.9999999,7.006177e-08,1
"images/TEST/MSIH/TCGA-AA-3715-01Z-00-DX1.24d6e746-ad61-4587-a2b9-8903331b279c_(67124,35055).jpg",0.9999987,1.3533735e-06,1
"images/TEST/MSIH/TCGA-AA-A01P-01Z-00-DX1.D7AAA4F0-C956-4346-8948-DADACDFB3B69_(64531,82378).jpg",0.99999976,2.7557485e-07,1
"images/TEST/MSIH/TCGA-QG-A5Z2-01Z-00-DX2.F2352352-8F00-4BB3-8A62-8D1C1E374F95_(69069,69371).jpg",0.9999993,6.714855e-07,1
"images/TEST/MSIH/TCGA-A6-6653-01Z-00-DX1.e130666d-2681-4382-9e7a-4a4d27cb77a4_(89332,7410).jpg",0.9999993,6.559574e-07,1
"images/TEST/MSIH/TCGA-AA-3864-01Z-00-DX1.f6992bc7-ba05-4c30-9500-8f7b07b30f9a_(15800,16829).jpg",0.9999995,5.0197457e-07,1
"images/TEST/MSIH/TCGA-AA-3950-01Z-00-DX1.2a81cf11-4c16-4e9e-8809-6f63152060da_(56352,75606).jpg",0.9999999,1.7105907e-07,1
"images/TEST/MSIH/TCGA-CM-6674-01Z-00-DX1.4a08b16a-788e-43dc-85d2-baff6e911de2_(15412,73681).jpg",0.9999994,5.598536e-07,1
"images/TEST/MSIH/TCGA-CM-4743-01Z-00-DX1.f54a6355-5623-498c-96b9-2ff1de6576c6_(73915,48049).jpg",0.99999905,9.622565e-07,1
"images/TEST/MSIH/TCGA-AA-3877-01Z-00-DX1.36902310-bc0b-4437-9f86-6df85703e0ad_(54617,71032).jpg",0.99999976,2.9692694e-07,1
"images/TEST/MSIH/TCGA-AA-3864-01Z-00-DX1.f6992bc7-ba05-4c30-9500-8f7b07b30f9a_(8093,17930).jpg",0.99999964,3.183948e-07,1
"images/TEST/MSIH/TCGA-D5-6530-01Z-00-DX1.5c4bbcd1-51ba-467d-93f9-f2a9e7c5e010_(55667,75796).jpg",0.9999989,1.1103211e-06,1
"images/TEST/MSIH/TCGA-CK-6747-01Z-00-DX1.7824596c-84db-4bee-b149-cd8f617c285f_(40848,38502).jpg",0.99999917,8.52048e-07,1
"images/TEST/MSIH/TCGA-G4-6309-01Z-00-DX1.3eb20fdc-eb86-4bd5-8194-76b02d4fa472_(73062,50294).jpg",0.9999994,6.068837e-07,1
"images/TEST/MSIH/TCGA-AA-A01P-01Z-00-DX1.D7AAA4F0-C956-4346-8948-DADACDFB3B69_(55723,86782).jpg",0.9999989,1.0505784e-06,1
"images/TEST/MSIH/TCGA-CM-4743-01Z-00-DX1.f54a6355-5623-498c-96b9-2ff1de6576c6_(65787,52113).jpg",0.9999999,6.2464046e-08,1
"images/TEST/MSIH/TCGA-D5-6530-01Z-00-DX1.5c4bbcd1-51ba-467d-93f9-f2a9e7c5e010_(77003,70716).jpg",0.99999917,8.1947064e-07,1
"images/TEST/MSIH/TCGA-AA-3715-01Z-00-DX1.24d6e746-ad61-4587-a2b9-8903331b279c_(45104,50469).jpg",0.9999994,6.308462e-07,1
"images/TEST/MSIH/TCGA-D5-6530-01Z-00-DX1.5c4bbcd1-51ba-467d-93f9-f2a9e7c5e010_(2835,48364).jpg",0.99999785,2.1964509e-06,1
"images/TEST/MSIH/TCGA-AA-3864-01Z-00-DX1.f6992bc7-ba05-4c30-9500-8f7b07b30f9a_(13598,16829).jpg",0.9999993,6.6465367e-07,1
"images/TEST/MSIH/TCGA-CM-4746-01Z-00-DX1.c83b9795-bf45-4100-9052-a7e485e0f770_(33141,31267).jpg",0.99999976,2.9518213e-07,1
"images/TEST/MSIH/TCGA-AZ-6598-01Z-00-DX1.1fc4cd61-4524-413b-b36d-ad438785bc06_(19286,58208).jpg",0.99999964,3.942472e-07,1
"images/TEST/MSIH/TCGA-AA-3950-01Z-00-DX1.2a81cf11-4c16-4e9e-8809-6f63152060da_(53049,77808).jpg",0.9999999,1.2338771e-07,1
"images/TEST/MSIH/TCGA-AZ-6598-01Z-00-DX1.1fc4cd61-4524-413b-b36d-ad438785bc06_(61958,55160).jpg",0.99999976,2.8421735e-07,1
"images/TEST/MSIH/TCGA-CM-6674-01Z-00-DX1.4a08b16a-788e-43dc-85d2-baff6e911de2_(63164,77745).jpg",0.99999857,1.468846e-06,1
"images/TEST/MSIH/TCGA-F4-6703-01Z-00-DX1.28225f5d-d880-4605-831f-f22ec0272cde_(101456,65973).jpg",0.99999964,3.657213e-07,1
"images/TEST/MSIH/TCGA-AZ-6598-01Z-00-DX1.1fc4cd61-4524-413b-b36d-ad438785bc06_(88374,50080).jpg",0.99999964,3.4199294e-07,1
"images/TEST/MSIH/TCGA-F4-6703-01Z-00-DX1.28225f5d-d880-4605-831f-f22ec0272cde_(78088,59877).jpg",0.99999976,1.8412014e-07,1
"images/TEST/MSIH/TCGA-AZ-6598-01Z-00-DX1.1fc4cd61-4524-413b-b36d-ad438785bc06_(90406,52112).jpg",0.99999976,2.31086e-07,1
"images/TEST/MSIH/TCGA-CM-4746-01Z-00-DX1.c83b9795-bf45-4100-9052-a7e485e0f770_(20949,12979).jpg",0.99999774,2.3047469e-06,1
"images/TEST/MSIH/TCGA-A6-6653-01Z-00-DX1.e130666d-2681-4382-9e7a-4a4d27cb77a4_(86284,17570).jpg",0.99999964,3.3640902e-07,1
"images/TEST/MSIH/TCGA-AA-A01P-01Z-00-DX1.D7AAA4F0-C956-4346-8948-DADACDFB3B69_(56824,62560).jpg",0.9999995,4.7218876e-07,1
"images/TEST/MSIH/TCGA-CM-6674-01Z-00-DX1.4a08b16a-788e-43dc-85d2-baff6e911de2_(32684,65553).jpg",0.99999964,3.4992485e-07,1
"images/TEST/MSIH/TCGA-F4-6703-01Z-00-DX1.28225f5d-d880-4605-831f-f22ec0272cde_(53704,48701).jpg",0.99999976,2.1467686e-07,1
"images/TEST/MSIH/TCGA-QG-A5Z2-01Z-00-DX2.F2352352-8F00-4BB3-8A62-8D1C1E374F95_(9302,58228).jpg",0.99999833,1.7099005e-06,1
"images/TEST/MSIH/TCGA-AA-3811-01Z-00-DX1.369d7946-911e-4e97-8ae7-32ef12b6b106_(5930,111338).jpg",0.99999976,2.8818036e-07,1
"images/TEST/MSIH/TCGA-QG-A5Z2-01Z-00-DX2.F2352352-8F00-4BB3-8A62-8D1C1E374F95_(43744,12643).jpg",0.99999976,2.92622e-07,1
"images/TEST/MSIH/TCGA-AD-A5EJ-01Z-00-DX1.FA56CEAF-8B70-45EF-A2C9-8AA7BEB3D88A_(26126,21059).jpg",0.9999994,5.4495365e-07,1
"images/TEST/MSIH/TCGA-AA-3950-01Z-00-DX1.2a81cf11-4c16-4e9e-8809-6f63152060da_(57453,74505).jpg",0.99999976,1.815594e-07,1
"images/TEST/MSIH/TCGA-G4-6309-01Z-00-DX1.3eb20fdc-eb86-4bd5-8194-76b02d4fa472_(91350,38102).jpg",0.99999976,2.5929174e-07,1
"images/TEST/MSIH/TCGA-AD-6889-01Z-00-DX1.5269A81E-5391-4875-8F2A-6505BC5BBFD9_(16915,5214).jpg",0.99999976,2.3488676e-07,1
"images/TEST/MSIH/TCGA-AA-A01P-01Z-00-DX1.D7AAA4F0-C956-4346-8948-DADACDFB3B69_(28198,72469).jpg",0.99999976,2.2682333e-07,1
"images/TEST/MSIH/TCGA-G4-6309-01Z-00-DX1.3eb20fdc-eb86-4bd5-8194-76b02d4fa472_(24294,65534).jpg",0.9999994,5.377804e-07,1
"images/TEST/MSIH/TCGA-CM-6674-01Z-00-DX1.4a08b16a-788e-43dc-85d2-baff6e911de2_(32684,70633).jpg",0.9999993,7.46291e-07,1
"images/TEST/MSIH/TCGA-AA-3877-01Z-00-DX1.36902310-bc0b-4437-9f86-6df85703e0ad_(50213,94153).jpg",0.99999976,2.4823993e-07,1
"images/TEST/MSIH/TCGA-D5-6927-01Z-00-DX1.ff21d627-dbb8-4200-937b-f8be8b86b6d4_(66390,23603).jpg",0.9999995,5.108218e-07,1
"images/TEST/MSIH/TCGA-AD-6895-01Z-00-DX1.7FB1FBC6-683B-4285-89D1-A7A20F07A9D4_(3747,1877).jpg",0.9999999,1.5767779e-07,1
"images/TEST/MSIH/TCGA-AA-3877-01Z-00-DX1.36902310-bc0b-4437-9f86-6df85703e0ad_(57920,97456).jpg",0.9999999,1.1072413e-07,1
"images/TEST/MSIH/TCGA-AD-A5EJ-01Z-00-DX1.FA56CEAF-8B70-45EF-A2C9-8AA7BEB3D88A_(22062,9883).jpg",0.99999905,1.0114113e-06,1
"images/TEST/MSIH/TCGA-G4-6309-01Z-00-DX1.3eb20fdc-eb86-4bd5-8194-76b02d4fa472_(91350,32006).jpg",0.99999917,8.50272e-07,1
"images/TEST/MSIH/TCGA-AD-6895-01Z-00-DX1.7FB1FBC6-683B-4285-89D1-A7A20F07A9D4_(13907,11021).jpg",0.99999976,2.4969395e-07,1
"images/TEST/MSIH/TCGA-CM-4746-01Z-00-DX1.c83b9795-bf45-4100-9052-a7e485e0f770_(83941,31267).jpg",0.99999964,4.031645e-07,1
"images/TEST/MSIH/TCGA-CM-4746-01Z-00-DX1.c83b9795-bf45-4100-9052-a7e485e0f770_(15869,23139).jpg",0.99999833,1.6712021e-06,1
"images/TEST/MSIH/TCGA-AD-6889-01Z-00-DX1.5269A81E-5391-4875-8F2A-6505BC5BBFD9_(26059,16390).jpg",0.9999995,4.6398455e-07,1
"images/TEST/MSIH/TCGA-CK-6747-01Z-00-DX1.7824596c-84db-4bee-b149-cd8f617c285f_(11384,20214).jpg",0.99999976,1.8780406e-07,1
"images/TEST/MSIH/TCGA-AA-3950-01Z-00-DX1.2a81cf11-4c16-4e9e-8809-6f63152060da_(55251,73404).jpg",1.0,5.5287863e-08,1
"images/TEST/MSIH/TCGA-AA-3811-01Z-00-DX1.369d7946-911e-4e97-8ae7-32ef12b6b106_(12536,91520).jpg",0.99999976,2.9174927e-07,1
"images/TEST/MSIH/TCGA-AA-3864-01Z-00-DX1.f6992bc7-ba05-4c30-9500-8f7b07b30f9a_(14699,26738).jpg",0.99999976,2.8789196e-07,1
"images/TEST/MSIH/TCGA-CM-6674-01Z-00-DX1.4a08b16a-788e-43dc-85d2-baff6e911de2_(21508,60473).jpg",0.99999917,8.1213864e-07,1
"images/TEST/MSIH/TCGA-AD-6895-01Z-00-DX1.7FB1FBC6-683B-4285-89D1-A7A20F07A9D4_(3747,3909).jpg",0.99999964,3.6888997e-07,1
"images/TEST/MSIH/TCGA-AD-6895-01Z-00-DX1.7FB1FBC6-683B-4285-89D1-A7A20F07A9D4_(12891,12037).jpg",0.9999993,6.977145e-07,1
"images/TEST/MSIH/TCGA-D5-6927-01Z-00-DX1.ff21d627-dbb8-4200-937b-f8be8b86b6d4_(64358,14459).jpg",0.9999995,4.8788115e-07,1
"images/TEST/MSIH/TCGA-AD-6895-01Z-00-DX1.7FB1FBC6-683B-4285-89D1-A7A20F07A9D4_(5779,2893).jpg",0.9999999,8.955553e-08,1
"images/TEST/MSIH/TCGA-QG-A5Z2-01Z-00-DX2.F2352352-8F00-4BB3-8A62-8D1C1E374F95_(72108,78488).jpg",0.99999964,3.5571e-07,1
"images/TEST/MSIH/TCGA-D5-6927-01Z-00-DX1.ff21d627-dbb8-4200-937b-f8be8b86b6d4_(86710,10395).jpg",0.9999994,6.2303417e-07,1
"images/TEST/MSIH/TCGA-AD-A5EJ-01Z-00-DX1.FA56CEAF-8B70-45EF-A2C9-8AA7BEB3D88A_(26126,11915).jpg",0.9999975,2.5233392e-06,1
"images/TEST/MSIH/TCGA-AA-3950-01Z-00-DX1.2a81cf11-4c16-4e9e-8809-6f63152060da_(54150,81111).jpg",0.9999999,1.6162465e-07,1
"images/TEST/MSIH/TCGA-AA-3950-01Z-00-DX1.2a81cf11-4c16-4e9e-8809-6f63152060da_(51948,74505).jpg",0.9999999,1.1581523e-07,1
"images/TEST/MSIH/TCGA-AA-3715-01Z-00-DX1.24d6e746-ad61-4587-a2b9-8903331b279c_(58316,37257).jpg",0.9999993,6.5938195e-07,1
"images/TEST/MSIH/TCGA-AZ-6598-01Z-00-DX1.1fc4cd61-4524-413b-b36d-ad438785bc06_(72118,43984).jpg",0.99999976,2.219799e-07,1
"images/TEST/MSIH/TCGA-CK-6747-01Z-00-DX1.7824596c-84db-4bee-b149-cd8f617c285f_(24592,17166).jpg",0.99999964,3.7357057e-07,1
"images/TEST/MSIH/TCGA-CM-6674-01Z-00-DX1.4a08b16a-788e-43dc-85d2-baff6e911de2_(100756,58441).jpg",0.99999964,3.6415202e-07,1
"images/TEST/MSIH/TCGA-AD-A5EJ-01Z-00-DX1.FA56CEAF-8B70-45EF-A2C9-8AA7BEB3D88A_(5806,20043).jpg",0.99999964,3.2786107e-07,1
"images/TEST/MSIH/TCGA-A6-6653-01Z-00-DX1.e130666d-2681-4382-9e7a-4a4d27cb77a4_(88316,12490).jpg",0.99999976,1.9885383e-07,1
"images/TEST/MSIH/TCGA-AA-A01P-01Z-00-DX1.D7AAA4F0-C956-4346-8948-DADACDFB3B69_(71137,85681).jpg",0.99999917,7.9269324e-07,1
"images/TEST/MSIH/TCGA-CM-4746-01Z-00-DX1.c83b9795-bf45-4100-9052-a7e485e0f770_(36189,33299).jpg",0.99999976,2.614343e-07,1
"images/TEST/MSIH/TCGA-F4-6703-01Z-00-DX1.28225f5d-d880-4605-831f-f22ec0272cde_(86216,59877).jpg",0.99999964,3.4325487e-07,1
"images/TEST/MSIH/TCGA-CM-4746-01Z-00-DX1.c83b9795-bf45-4100-9052-a7e485e0f770_(82925,40411).jpg",0.99999964,3.575425e-07,1
"images/TEST/MSIH/TCGA-AA-3877-01Z-00-DX1.36902310-bc0b-4437-9f86-6df85703e0ad_(50213,82042).jpg",0.9999999,1.579984e-07,1
"images/TEST/MSIH/TCGA-AA-3715-01Z-00-DX1.24d6e746-ad61-4587-a2b9-8903331b279c_(66023,40560).jpg",0.99999297,7.033208e-06,1
"images/TEST/MSIH/TCGA-AD-6889-01Z-00-DX1.5269A81E-5391-4875-8F2A-6505BC5BBFD9_(29107,52966).jpg",0.99999917,7.8351036e-07,1
"images/TEST/MSIH/TCGA-A6-6653-01Z-00-DX1.e130666d-2681-4382-9e7a-4a4d27cb77a4_(96444,8426).jpg",0.9999995,5.083477e-07,1
"images/TEST/MSIH/TCGA-AZ-6598-01Z-00-DX1.1fc4cd61-4524-413b-b36d-ad438785bc06_(92438,59224).jpg",0.99999964,3.2086908e-07,1
"images/TEST/MSIH/TCGA-AA-3715-01Z-00-DX1.24d6e746-ad61-4587-a2b9-8903331b279c_(44003,38358).jpg",0.99999964,3.3609157e-07,1
"images/TEST/MSIH/TCGA-CM-6674-01Z-00-DX1.4a08b16a-788e-43dc-85d2-baff6e911de2_(12364,72665).jpg",0.9999995,5.3167844e-07,1
"images/TEST/MSIH/TCGA-AA-3950-01Z-00-DX1.2a81cf11-4c16-4e9e-8809-6f63152060da_(58554,74505).jpg",1.0,3.9744652e-08,1
"images/TEST/MSIH/TCGA-AA-3950-01Z-00-DX1.2a81cf11-4c16-4e9e-8809-6f63152060da_(43140,85515).jpg",0.9999999,1.08119195e-07,1
"images/TEST/MSIH/TCGA-AD-6889-01Z-00-DX1.5269A81E-5391-4875-8F2A-6505BC5BBFD9_(31139,15374).jpg",0.99999964,3.6205734e-07,1
"images/TEST/MSIH/TCGA-CK-6747-01Z-00-DX1.7824596c-84db-4bee-b149-cd8f617c285f_(19512,9038).jpg",0.9999993,7.125764e-07,1
"images/TEST/MSIH/TCGA-CK-6747-01Z-00-DX1.7824596c-84db-4bee-b149-cd8f617c285f_(37800,40534).jpg",0.99999774,2.2516797e-06,1
"images/TEST/MSIH/TCGA-A6-6653-01Z-00-DX1.e130666d-2681-4382-9e7a-4a4d27cb77a4_(86284,11474).jpg",0.99999964,3.5407868e-07,1
"images/TEST/MSIH/TCGA-AD-6895-01Z-00-DX1.7FB1FBC6-683B-4285-89D1-A7A20F07A9D4_(15939,6957).jpg",0.9999995,4.3431137e-07,1
"images/TEST/MSIH/TCGA-AA-3811-01Z-00-DX1.369d7946-911e-4e97-8ae7-32ef12b6b106_(9233,114641).jpg",0.9999999,1.481596e-07,1
"images/TEST/MSIH/TCGA-AA-3811-01Z-00-DX1.369d7946-911e-4e97-8ae7-32ef12b6b106_(12536,99227).jpg",0.99999964,3.2060507e-07,1
"images/TEST/MSIH/TCGA-CM-6674-01Z-00-DX1.4a08b16a-788e-43dc-85d2-baff6e911de2_(46908,67585).jpg",0.99999964,3.5895349e-07,1
"images/TEST/MSIH/TCGA-CK-6746-01Z-00-DX1.0aae8eec-1e82-494b-8779-d79fea8bec0c_(54120,67869).jpg",0.99999976,2.835124e-07,1
"images/TEST/MSIH/TCGA-CK-6747-01Z-00-DX1.7824596c-84db-4bee-b149-cd8f617c285f_(62184,40534).jpg",0.9999999,1.3642466e-07,1
"images/TEST/MSIH/TCGA-AA-3811-01Z-00-DX1.369d7946-911e-4e97-8ae7-32ef12b6b106_(11435,97025).jpg",0.9999999,1.00090844e-07,1
"images/TEST/MSIH/TCGA-A6-6653-01Z-00-DX1.e130666d-2681-4382-9e7a-4a4d27cb77a4_(94412,19602).jpg",0.9999994,5.7071503e-07,1
"images/TEST/MSIH/TCGA-AA-3950-01Z-00-DX1.2a81cf11-4c16-4e9e-8809-6f63152060da_(40938,86616).jpg",0.99999917,8.76239e-07,1
"images/TEST/MSIH/TCGA-AA-3950-01Z-00-DX1.2a81cf11-4c16-4e9e-8809-6f63152060da_(43140,66798).jpg",0.9999999,7.5539425e-08,1
"images/TEST/MSIH/TCGA-AA-3864-01Z-00-DX1.f6992bc7-ba05-4c30-9500-8f7b07b30f9a_(11396,19031).jpg",0.9999993,7.0116243e-07,1
"images/TEST/MSIH/TCGA-CK-6747-01Z-00-DX1.7824596c-84db-4bee-b149-cd8f617c285f_(53040,22246).jpg",0.9999999,1.4982803e-07,1
"images/TEST/MSIH/TCGA-QG-A5Z2-01Z-00-DX2.F2352352-8F00-4BB3-8A62-8D1C1E374F95_(44757,8591).jpg",0.99999845,1.5734912e-06,1
"images/TEST/MSIH/TCGA-AD-6889-01Z-00-DX1.5269A81E-5391-4875-8F2A-6505BC5BBFD9_(48411,25534).jpg",0.99999845,1.5429262e-06,1
"images/TEST/MSIH/TCGA-F4-6703-01Z-00-DX1.28225f5d-d880-4605-831f-f22ec0272cde_(100440,60893).jpg",0.99999976,2.3174411e-07,1
"images/TEST/MSIH/TCGA-F4-6703-01Z-00-DX1.28225f5d-d880-4605-831f-f22ec0272cde_(54720,56829).jpg",0.99999964,4.1496622e-07,1
"images/TEST/MSIH/TCGA-CM-6674-01Z-00-DX1.4a08b16a-788e-43dc-85d2-baff6e911de2_(37764,56409).jpg",0.99999726,2.697336e-06,1
"images/TEST/MSIH/TCGA-AZ-6598-01Z-00-DX1.1fc4cd61-4524-413b-b36d-ad438785bc06_(65006,41952).jpg",0.9999994,5.556579e-07,1
"images/TEST/MSIH/TCGA-AA-3811-01Z-00-DX1.369d7946-911e-4e97-8ae7-32ef12b6b106_(7031,110237).jpg",0.99999976,2.0431891e-07,1
"images/TEST/MSIH/TCGA-AA-3864-01Z-00-DX1.f6992bc7-ba05-4c30-9500-8f7b07b30f9a_(14699,10223).jpg",0.9999981,1.9066803e-06,1
"images/TEST/MSIH/TCGA-QG-A5Z2-01Z-00-DX2.F2352352-8F00-4BB3-8A62-8D1C1E374F95_(38679,20747).jpg",0.9999994,6.152908e-07,1
"images/TEST/MSIH/TCGA-CM-4746-01Z-00-DX1.c83b9795-bf45-4100-9052-a7e485e0f770_(67685,10947).jpg",0.99999964,4.015636e-07,1
"images/TEST/MSIH/TCGA-AA-3811-01Z-00-DX1.369d7946-911e-4e97-8ae7-32ef12b6b106_(9233,97025).jpg",0.99999976,2.9214462e-07,1
"images/TEST/MSIH/TCGA-AZ-6598-01Z-00-DX1.1fc4cd61-4524-413b-b36d-ad438785bc06_(89390,42968).jpg",0.99999917,8.808715e-07,1
"images/TEST/MSIH/TCGA-AZ-6598-01Z-00-DX1.1fc4cd61-4524-413b-b36d-ad438785bc06_(55862,56176).jpg",0.99999964,3.380647e-07,1
"images/TEST/MSIH/TCGA-QG-A5Z2-01Z-00-DX2.F2352352-8F00-4BB3-8A62-8D1C1E374F95_(56913,74436).jpg",0.99999976,2.8376778e-07,1
"images/TEST/MSIH/TCGA-QG-A5Z2-01Z-00-DX1.51896C31-235E-48EF-90F7-FC05350CA564_(76670,16490).jpg",0.99999976,2.7842174e-07,1
"images/TEST/MSIH/TCGA-QG-A5Z2-01Z-00-DX2.F2352352-8F00-4BB3-8A62-8D1C1E374F95_(58939,75449).jpg",0.9999995,4.7483184e-07,1
"images/TEST/MSIH/TCGA-AZ-6598-01Z-00-DX1.1fc4cd61-4524-413b-b36d-ad438785bc06_(55862,43984).jpg",0.9999999,1.7689584e-07,1
"images/TEST/MSIH/TCGA-AA-3950-01Z-00-DX1.2a81cf11-4c16-4e9e-8809-6f63152060da_(50847,72303).jpg",0.9999999,1.6305736e-07,1
"images/TEST/MSIH/TCGA-AA-3811-01Z-00-DX1.369d7946-911e-4e97-8ae7-32ef12b6b106_(3728,98126).jpg",0.9999999,8.640755e-08,1
"images/TEST/MSIH/TCGA-AA-3950-01Z-00-DX1.2a81cf11-4c16-4e9e-8809-6f63152060da_(47544,74505).jpg",0.9999999,7.0295215e-08,1
"images/TEST/MSIH/TCGA-CK-6746-01Z-00-DX1.0aae8eec-1e82-494b-8779-d79fea8bec0c_(48024,50597).jpg",0.9999999,1.1652605e-07,1
"images/TEST/MSIH/TCGA-CM-4746-01Z-00-DX1.c83b9795-bf45-4100-9052-a7e485e0f770_(29077,8915).jpg",0.9999993,6.9318463e-07,1
"images/TEST/MSIH/TCGA-AZ-6598-01Z-00-DX1.1fc4cd61-4524-413b-b36d-ad438785bc06_(71102,50080).jpg",0.9999995,5.1800333e-07,1
"images/TEST/MSIH/TCGA-AA-A01P-01Z-00-DX1.D7AAA4F0-C956-4346-8948-DADACDFB3B69_(59026,94489).jpg",0.9999995,5.237511e-07,1
"images/TEST/MSIH/TCGA-AA-3811-01Z-00-DX1.369d7946-911e-4e97-8ae7-32ef12b6b106_(4829,92621).jpg",0.9999999,1.7375352e-07,1
"images/TEST/MSIH/TCGA-AZ-6598-01Z-00-DX1.1fc4cd61-4524-413b-b36d-ad438785bc06_(92438,41952).jpg",0.9999995,4.87167e-07,1
"images/TEST/MSIH/TCGA-AD-A5EJ-01Z-00-DX1.FA56CEAF-8B70-45EF-A2C9-8AA7BEB3D88A_(23078,12931).jpg",0.99999845,1.5020503e-06,1
"images/TEST/MSIH/TCGA-AA-3950-01Z-00-DX1.2a81cf11-4c16-4e9e-8809-6f63152060da_(42039,66798).jpg",1.0,5.5341037e-08,1
"images/TEST/MSIH/TCGA-D5-6530-01Z-00-DX1.5c4bbcd1-51ba-467d-93f9-f2a9e7c5e010_(7915,49380).jpg",0.9999994,6.154739e-07,1
"images/TEST/MSIH/TCGA-D5-6927-01Z-00-DX1.ff21d627-dbb8-4200-937b-f8be8b86b6d4_(75534,13443).jpg",0.99999976,1.8561023e-07,1
"images/TEST/MSIH/TCGA-AA-A01P-01Z-00-DX1.D7AAA4F0-C956-4346-8948-DADACDFB3B69_(53521,69166).jpg",0.99999964,3.1579083e-07,1
"images/TEST/MSIH/TCGA-AA-3715-01Z-00-DX1.24d6e746-ad61-4587-a2b9-8903331b279c_(55013,35055).jpg",0.99999857,1.424969e-06,1
"images/TEST/MSIH/TCGA-AA-3950-01Z-00-DX1.2a81cf11-4c16-4e9e-8809-6f63152060da_(42039,85515).jpg",0.9999999,1.0354518e-07,1
"images/TEST/MSIH/TCGA-CM-4746-01Z-00-DX1.c83b9795-bf45-4100-9052-a7e485e0f770_(25013,12979).jpg",0.9999993,7.206083e-07,1
"images/TEST/MSIH/TCGA-AA-A01P-01Z-00-DX1.D7AAA4F0-C956-4346-8948-DADACDFB3B69_(31501,70267).jpg",0.9999994,5.394673e-07,1
"images/TEST/MSIH/TCGA-AA-A01P-01Z-00-DX1.D7AAA4F0-C956-4346-8948-DADACDFB3B69_(50218,82378).jpg",0.99999714,2.843569e-06,1
"images/TEST/MSIH/TCGA-AD-A5EJ-01Z-00-DX1.FA56CEAF-8B70-45EF-A2C9-8AA7BEB3D88A_(15966,11915).jpg",0.9999993,6.965637e-07,1
"images/TEST/MSIH/TCGA-AD-A5EJ-01Z-00-DX1.FA56CEAF-8B70-45EF-A2C9-8AA7BEB3D88A_(8854,32235).jpg",0.9999989,1.0549115e-06,1
"images/TEST/MSIH/TCGA-QG-A5Z2-01Z-00-DX1.51896C31-235E-48EF-90F7-FC05350CA564_(47293,16490).jpg",0.99999976,2.0114204e-07,1
"images/TEST/MSIH/TCGA-CK-6746-01Z-00-DX1.0aae8eec-1e82-494b-8779-d79fea8bec0c_(17544,63805).jpg",1.0,3.62494e-08,1
"images/TEST/MSIH/TCGA-AA-3715-01Z-00-DX1.24d6e746-ad61-4587-a2b9-8903331b279c_(28589,49368).jpg",0.9999994,5.84602e-07,1
"images/TEST/MSIH/TCGA-CK-6746-01Z-00-DX1.0aae8eec-1e82-494b-8779-d79fea8bec0c_(29736,59741).jpg",0.99999976,2.8186682e-07,1
"images/TEST/MSIH/TCGA-G4-6309-01Z-00-DX1.3eb20fdc-eb86-4bd5-8194-76b02d4fa472_(68998,57406).jpg",0.99999976,2.8530525e-07,1
"images/TEST/MSIH/TCGA-G4-6309-01Z-00-DX1.3eb20fdc-eb86-4bd5-8194-76b02d4fa472_(31406,56390).jpg",0.99999964,4.038695e-07,1
"images/TEST/MSIH/TCGA-A6-6653-01Z-00-DX1.e130666d-2681-4382-9e7a-4a4d27cb77a4_(91364,21634).jpg",0.99999905,9.4546346e-07,1
"images/TEST/MSIH/TCGA-AA-3715-01Z-00-DX1.24d6e746-ad61-4587-a2b9-8903331b279c_(44003,43863).jpg",0.99999964,3.5542382e-07,1
"images/TEST/MSIH/TCGA-AA-3877-01Z-00-DX1.36902310-bc0b-4437-9f86-6df85703e0ad_(51314,67729).jpg",0.99999917,8.1644555e-07,1
"images/TEST/MSIH/TCGA-AA-A01P-01Z-00-DX1.D7AAA4F0-C956-4346-8948-DADACDFB3B69_(42511,87883).jpg",0.9999999,1.7524259e-07,1
"images/TEST/MSIH/TCGA-AA-3950-01Z-00-DX1.2a81cf11-4c16-4e9e-8809-6f63152060da_(46443,80010).jpg",1.0,2.0825333e-08,1
"images/TEST/MSIH/TCGA-CM-4743-01Z-00-DX1.f54a6355-5623-498c-96b9-2ff1de6576c6_(48515,79545).jpg",1.0,4.708465e-08,1
"images/TEST/MSIH/TCGA-AD-6889-01Z-00-DX1.5269A81E-5391-4875-8F2A-6505BC5BBFD9_(30123,59062).jpg",0.999998,2.0402385e-06,1
"images/TEST/MSIH/TCGA-D5-6927-01Z-00-DX1.ff21d627-dbb8-4200-937b-f8be8b86b6d4_(69438,4299).jpg",0.9999993,6.5684003e-07,1
"images/TEST/MSIH/TCGA-AA-3950-01Z-00-DX1.2a81cf11-4c16-4e9e-8809-6f63152060da_(38736,69000).jpg",0.9999995,4.3588898e-07,1
"images/TEST/MSIH/TCGA-QG-A5Z2-01Z-00-DX2.F2352352-8F00-4BB3-8A62-8D1C1E374F95_(15380,48098).jpg",0.99999833,1.6675993e-06,1
"images/TEST/MSIH/TCGA-F4-6703-01Z-00-DX1.28225f5d-d880-4605-831f-f22ec0272cde_(67928,61909).jpg",0.99999964,3.4648718e-07,1
"images/TEST/MSIH/TCGA-CM-4746-01Z-00-DX1.c83b9795-bf45-4100-9052-a7e485e0f770_(92069,53619).jpg",0.999997,3.0283693e-06,1
"images/TEST/MSIH/TCGA-AZ-6598-01Z-00-DX1.1fc4cd61-4524-413b-b36d-ad438785bc06_(96502,48048).jpg",0.99999964,3.1709757e-07,1
"images/TEST/MSIH/TCGA-AD-A5EJ-01Z-00-DX1.FA56CEAF-8B70-45EF-A2C9-8AA7BEB3D88A_(19014,18011).jpg",0.9999999,7.053025e-08,1
"images/TEST/MSIH/TCGA-QG-A5Z2-01Z-00-DX2.F2352352-8F00-4BB3-8A62-8D1C1E374F95_(61978,69371).jpg",0.9999995,5.20381e-07,1
"images/TEST/MSIH/TCGA-AA-3811-01Z-00-DX1.369d7946-911e-4e97-8ae7-32ef12b6b106_(8132,93722).jpg",0.99999964,4.1506757e-07,1
"images/TEST/MSIH/TCGA-AZ-6598-01Z-00-DX1.1fc4cd61-4524-413b-b36d-ad438785bc06_(66022,56176).jpg",0.99999976,1.9816456e-07,1
"images/TEST/MSIH/TCGA-G4-6309-01Z-00-DX1.3eb20fdc-eb86-4bd5-8194-76b02d4fa472_(86270,39118).jpg",0.9999981,1.91261e-06,1
"images/TEST/MSIH/TCGA-QG-A5Z2-01Z-00-DX1.51896C31-235E-48EF-90F7-FC05350CA564_(74644,50932).jpg",0.99999964,3.9414155e-07,1
"images/TEST/MSIH/TCGA-AZ-6598-01Z-00-DX1.1fc4cd61-4524-413b-b36d-ad438785bc06_(83294,50080).jpg",0.9999995,5.272436e-07,1
"images/TEST/MSIH/TCGA-AD-6895-01Z-00-DX1.7FB1FBC6-683B-4285-89D1-A7A20F07A9D4_(2731,7973).jpg",0.99999976,2.0038232e-07,1
"images/TEST/MSIH/TCGA-G4-6309-01Z-00-DX1.3eb20fdc-eb86-4bd5-8194-76b02d4fa472_(35470,63502).jpg",0.99999976,2.2679454e-07,1
"images/TEST/MSIH/TCGA-AD-6889-01Z-00-DX1.5269A81E-5391-4875-8F2A-6505BC5BBFD9_(36219,46870).jpg",0.9999995,4.926764e-07,1
"images/TEST/MSIH/TCGA-CM-4743-01Z-00-DX1.f54a6355-5623-498c-96b9-2ff1de6576c6_(31243,36873).jpg",0.9999995,5.318179e-07,1
"images/TEST/MSIH/TCGA-CK-6746-01Z-00-DX1.0aae8eec-1e82-494b-8779-d79fea8bec0c_(67328,65837).jpg",0.99999964,3.5477768e-07,1
"images/TEST/MSIH/TCGA-AA-A01P-01Z-00-DX1.D7AAA4F0-C956-4346-8948-DADACDFB3B69_(45814,70267).jpg",0.9999988,1.212779e-06,1
"images/TEST/MSIH/TCGA-AZ-6598-01Z-00-DX1.1fc4cd61-4524-413b-b36d-ad438785bc06_(65006,59224).jpg",0.99999964,3.7914597e-07,1
"images/TEST/MSIH/TCGA-D5-6927-01Z-00-DX1.ff21d627-dbb8-4200-937b-f8be8b86b6d4_(68422,11411).jpg",0.99999976,2.801928e-07,1
"images/TEST/MSIH/TCGA-AA-3877-01Z-00-DX1.36902310-bc0b-4437-9f86-6df85703e0ad_(59021,94153).jpg",0.9999993,6.934769e-07,1
"images/TEST/MSIH/TCGA-AA-3864-01Z-00-DX1.f6992bc7-ba05-4c30-9500-8f7b07b30f9a_(19103,25637).jpg",0.9999995,5.3281286e-07,1
"images/TEST/MSIH/TCGA-D5-6927-01Z-00-DX1.ff21d627-dbb8-4200-937b-f8be8b86b6d4_(73502,12427).jpg",0.9999994,5.99926e-07,1
"images/TEST/MSIH/TCGA-AD-6889-01Z-00-DX1.5269A81E-5391-4875-8F2A-6505BC5BBFD9_(49427,49918).jpg",0.99999964,3.3358293e-07,1
"images/TEST/MSIH/TCGA-AA-3715-01Z-00-DX1.24d6e746-ad61-4587-a2b9-8903331b279c_(41801,47166).jpg",0.9999989,1.0357357e-06,1
"images/TEST/MSIH/TCGA-D5-6530-01Z-00-DX1.5c4bbcd1-51ba-467d-93f9-f2a9e7c5e010_(25187,70716).jpg",0.99999976,2.3822442e-07,1
"images/TEST/MSIH/TCGA-CK-6747-01Z-00-DX1.7824596c-84db-4bee-b149-cd8f617c285f_(60152,26310).jpg",0.99999976,1.8664757e-07,1
"images/TEST/MSIH/TCGA-QG-A5Z2-01Z-00-DX1.51896C31-235E-48EF-90F7-FC05350CA564_(62488,76257).jpg",0.99999976,2.3469465e-07,1
"images/TEST/MSIH/TCGA-F4-6703-01Z-00-DX1.28225f5d-d880-4605-831f-f22ec0272cde_(82152,61909).jpg",0.9999993,7.24322e-07,1
"images/TEST/MSIH/TCGA-G4-6309-01Z-00-DX1.3eb20fdc-eb86-4bd5-8194-76b02d4fa472_(62902,50294).jpg",0.9999995,5.3204565e-07,1
"images/TEST/MSIH/TCGA-D5-6927-01Z-00-DX1.ff21d627-dbb8-4200-937b-f8be8b86b6d4_(73502,18523).jpg",0.9999993,7.057512e-07,1
"images/TEST/MSIH/TCGA-AA-3715-01Z-00-DX1.24d6e746-ad61-4587-a2b9-8903331b279c_(23084,48267).jpg",0.9999993,7.1177703e-07,1
"images/TEST/MSIH/TCGA-CM-4743-01Z-00-DX1.f54a6355-5623-498c-96b9-2ff1de6576c6_(30227,64305).jpg",0.9999989,1.0376697e-06,1
"images/TEST/MSIH/TCGA-CK-6746-01Z-00-DX1.0aae8eec-1e82-494b-8779-d79fea8bec0c_(25672,64821).jpg",0.9999999,9.845923e-08,1
"images/TEST/MSIH/TCGA-CK-6747-01Z-00-DX1.7824596c-84db-4bee-b149-cd8f617c285f_(15448,32406).jpg",0.99999976,2.892912e-07,1
"images/TEST/MSIH/TCGA-A6-6653-01Z-00-DX1.e130666d-2681-4382-9e7a-4a4d27cb77a4_(87300,14522).jpg",0.99999976,2.3102916e-07,1
"images/TEST/MSIH/TCGA-AA-3811-01Z-00-DX1.369d7946-911e-4e97-8ae7-32ef12b6b106_(12536,113540).jpg",0.9999995,4.794861e-07,1
"images/TEST/MSIH/TCGA-CM-4746-01Z-00-DX1.c83b9795-bf45-4100-9052-a7e485e0f770_(71749,26187).jpg",0.9999995,4.3091586e-07,1
"images/TEST/MSIH/TCGA-AD-6895-01Z-00-DX1.7FB1FBC6-683B-4285-89D1-A7A20F07A9D4_(10859,7973).jpg",0.9999999,1.7554484e-07,1
"images/TEST/MSIH/TCGA-G4-6309-01Z-00-DX1.3eb20fdc-eb86-4bd5-8194-76b02d4fa472_(55790,61470).jpg",0.99999964,3.325538e-07,1
"images/TEST/MSIH/TCGA-CM-4743-01Z-00-DX1.f54a6355-5623-498c-96b9-2ff1de6576c6_(69851,35857).jpg",0.99999976,2.8964732e-07,1
"images/TEST/MSIH/TCGA-D5-6927-01Z-00-DX1.ff21d627-dbb8-4200-937b-f8be8b86b6d4_(80614,10395).jpg",0.9999995,4.2281746e-07,1
"images/TEST/MSIH/TCGA-AA-A01P-01Z-00-DX1.D7AAA4F0-C956-4346-8948-DADACDFB3B69_(73339,85681).jpg",0.99999917,8.652759e-07,1
"images/TEST/MSIH/TCGA-G4-6309-01Z-00-DX1.3eb20fdc-eb86-4bd5-8194-76b02d4fa472_(60870,60454).jpg",0.9999999,1.2126017e-07,1
"images/TEST/MSIH/TCGA-AA-3950-01Z-00-DX1.2a81cf11-4c16-4e9e-8809-6f63152060da_(37635,85515).jpg",0.9999999,1.3605955e-07,1
"images/TEST/MSIH/TCGA-CM-6674-01Z-00-DX1.4a08b16a-788e-43dc-85d2-baff6e911de2_(48940,81809).jpg",0.99999905,9.190159e-07,1
"images/TEST/MSIH/TCGA-CM-6674-01Z-00-DX1.4a08b16a-788e-43dc-85d2-baff6e911de2_(103804,54377).jpg",1.0,5.9245007e-08,1
"images/TEST/MSIH/TCGA-D5-6927-01Z-00-DX1.ff21d627-dbb8-4200-937b-f8be8b86b6d4_(72486,20555).jpg",0.9999995,4.7235767e-07,1
"images/TEST/MSIH/TCGA-G4-6309-01Z-00-DX1.3eb20fdc-eb86-4bd5-8194-76b02d4fa472_(74078,49278).jpg",0.99999964,3.2245592e-07,1
"images/TEST/MSIH/TCGA-A6-6653-01Z-00-DX1.e130666d-2681-4382-9e7a-4a4d27cb77a4_(94412,6394).jpg",0.9999999,1.6116583e-07,1
"images/TEST/MSIH/TCGA-AA-3811-01Z-00-DX1.369d7946-911e-4e97-8ae7-32ef12b6b106_(13637,99227).jpg",0.9999995,5.2634635e-07,1
"images/TEST/MSIH/TCGA-D5-6927-01Z-00-DX1.ff21d627-dbb8-4200-937b-f8be8b86b6d4_(66390,22587).jpg",0.99999964,3.9208e-07,1
"images/TEST/MSIH/TCGA-QG-A5Z2-01Z-00-DX1.51896C31-235E-48EF-90F7-FC05350CA564_(84774,45867).jpg",0.99999964,3.5934016e-07,1
"images/TEST/MSIH/TCGA-G4-6309-01Z-00-DX1.3eb20fdc-eb86-4bd5-8194-76b02d4fa472_(81190,43182).jpg",0.99999905,1.00872e-06,1
"images/TEST/MSIH/TCGA-AD-6889-01Z-00-DX1.5269A81E-5391-4875-8F2A-6505BC5BBFD9_(9803,4198).jpg",0.99999976,2.4177683e-07,1
"images/TEST/MSIH/TCGA-CK-6747-01Z-00-DX1.7824596c-84db-4bee-b149-cd8f617c285f_(45928,18182).jpg",0.9999999,1.1092875e-07,1
"images/TEST/MSIH/TCGA-CM-4746-01Z-00-DX1.c83b9795-bf45-4100-9052-a7e485e0f770_(46349,20091).jpg",0.99999964,3.6009249e-07,1
"images/TEST/MSIH/TCGA-D5-6530-01Z-00-DX1.5c4bbcd1-51ba-467d-93f9-f2a9e7c5e010_(12995,51412).jpg",0.9999999,1.327889e-07,1
"images/TEST/MSIH/TCGA-AD-A5EJ-01Z-00-DX1.FA56CEAF-8B70-45EF-A2C9-8AA7BEB3D88A_(23078,31219).jpg",0.99999917,8.5146155e-07,1
"images/TEST/MSIH/TCGA-D5-6927-01Z-00-DX1.ff21d627-dbb8-4200-937b-f8be8b86b6d4_(70454,14459).jpg",0.99999964,3.0327396e-07,1
"images/TEST/MSIH/TCGA-G4-6309-01Z-00-DX1.3eb20fdc-eb86-4bd5-8194-76b02d4fa472_(96430,33022).jpg",0.99999964,3.6327063e-07,1
"images/TEST/MSIH/TCGA-QG-A5Z2-01Z-00-DX1.51896C31-235E-48EF-90F7-FC05350CA564_(80722,39789).jpg",0.99999976,1.7944024e-07,1
"images/TEST/MSIH/TCGA-AD-A5EJ-01Z-00-DX1.FA56CEAF-8B70-45EF-A2C9-8AA7BEB3D88A_(12918,13947).jpg",0.99999845,1.5053672e-06,1
"images/TEST/MSIH/TCGA-CM-4746-01Z-00-DX1.c83b9795-bf45-4100-9052-a7e485e0f770_(56509,23139).jpg",0.9999993,7.365709e-07,1
"images/TEST/MSIH/TCGA-AA-3877-01Z-00-DX1.36902310-bc0b-4437-9f86-6df85703e0ad_(50213,77638).jpg",0.9999993,6.9206766e-07,1
"images/TEST/MSIH/TCGA-AA-3877-01Z-00-DX1.36902310-bc0b-4437-9f86-6df85703e0ad_(43607,93052).jpg",0.9999994,6.510005e-07,1
"images/TEST/MSIH/TCGA-AD-6889-01Z-00-DX1.5269A81E-5391-4875-8F2A-6505BC5BBFD9_(39267,31630).jpg",0.99999845,1.5566567e-06,1
"images/TEST/MSIH/TCGA-D5-6927-01Z-00-DX1.ff21d627-dbb8-4200-937b-f8be8b86b6d4_(73502,7347).jpg",0.9999999,1.137498e-07,1
"images/TEST/MSIH/TCGA-CK-6746-01Z-00-DX1.0aae8eec-1e82-494b-8779-d79fea8bec0c_(19576,54661).jpg",0.99999976,1.9636101e-07,1
"images/TEST/MSIH/TCGA-AD-A5EJ-01Z-00-DX1.FA56CEAF-8B70-45EF-A2C9-8AA7BEB3D88A_(26126,29187).jpg",0.9999964,3.5421415e-06,1
"images/TEST/MSIH/TCGA-QG-A5Z2-01Z-00-DX1.51896C31-235E-48EF-90F7-FC05350CA564_(66540,13451).jpg",0.99999917,8.504406e-07,1
"images/TEST/MSIH/TCGA-AA-3811-01Z-00-DX1.369d7946-911e-4e97-8ae7-32ef12b6b106_(8132,97025).jpg",0.99999976,2.4317214e-07,1
"images/TEST/MSIH/TCGA-CM-6674-01Z-00-DX1.4a08b16a-788e-43dc-85d2-baff6e911de2_(48940,61489).jpg",0.99999964,3.2984e-07,1
"images/TEST/MSIH/TCGA-QG-A5Z2-01Z-00-DX2.F2352352-8F00-4BB3-8A62-8D1C1E374F95_(11328,44046).jpg",1.0,4.342691e-08,1
"images/TEST/MSIH/TCGA-AA-3715-01Z-00-DX1.24d6e746-ad61-4587-a2b9-8903331b279c_(20882,47166).jpg",0.99999976,2.8648202e-07,1
"images/TEST/MSIH/TCGA-AZ-6598-01Z-00-DX1.1fc4cd61-4524-413b-b36d-ad438785bc06_(24366,65320).jpg",0.9999994,5.8680666e-07,1
"images/TEST/MSIH/TCGA-AA-A01P-01Z-00-DX1.D7AAA4F0-C956-4346-8948-DADACDFB3B69_(44713,57055).jpg",0.99999964,3.4690746e-07,1
"images/TEST/MSIH/TCGA-AD-A5EJ-01Z-00-DX1.FA56CEAF-8B70-45EF-A2C9-8AA7BEB3D88A_(29174,15979).jpg",0.9999999,1.2602258e-07,1
"images/TEST/MSIH/TCGA-QG-A5Z2-01Z-00-DX2.F2352352-8F00-4BB3-8A62-8D1C1E374F95_(38679,16695).jpg",0.99999976,1.9497027e-07,1
"images/TEST/MSIH/TCGA-D5-6927-01Z-00-DX1.ff21d627-dbb8-4200-937b-f8be8b86b6d4_(69438,15475).jpg",0.9999994,5.902748e-07,1
"images/TEST/MSIH/TCGA-AD-6889-01Z-00-DX1.5269A81E-5391-4875-8F2A-6505BC5BBFD9_(31139,24518).jpg",0.99999785,2.1133822e-06,1
"images/TEST/MSIH/TCGA-CM-4743-01Z-00-DX1.f54a6355-5623-498c-96b9-2ff1de6576c6_(85091,30777).jpg",0.99999976,2.406843e-07,1
"images/TEST/MSIH/TCGA-AD-6889-01Z-00-DX1.5269A81E-5391-4875-8F2A-6505BC5BBFD9_(18947,4198).jpg",0.99999976,2.7770707e-07,1
"images/TEST/MSIH/TCGA-QG-A5Z2-01Z-00-DX1.51896C31-235E-48EF-90F7-FC05350CA564_(72618,45867).jpg",0.9999987,1.2699783e-06,1
"images/TEST/MSIH/TCGA-F4-6703-01Z-00-DX1.28225f5d-d880-4605-831f-f22ec0272cde_(55736,54797).jpg",0.99999976,2.0086868e-07,1
"images/TEST/MSIH/TCGA-AD-6895-01Z-00-DX1.7FB1FBC6-683B-4285-89D1-A7A20F07A9D4_(11875,8989).jpg",0.99999917,7.8072526e-07,1
"images/TEST/MSIH/TCGA-G4-6309-01Z-00-DX1.3eb20fdc-eb86-4bd5-8194-76b02d4fa472_(79158,51310).jpg",0.9999994,6.1913386e-07,1
"images/TEST/MSIH/TCGA-QG-A5Z2-01Z-00-DX2.F2352352-8F00-4BB3-8A62-8D1C1E374F95_(15380,38981).jpg",0.9999995,4.393454e-07,1
"images/TEST/MSIH/TCGA-AA-3715-01Z-00-DX1.24d6e746-ad61-4587-a2b9-8903331b279c_(38498,41661).jpg",0.9999988,1.1704456e-06,1
"images/TEST/MSIH/TCGA-CM-4746-01Z-00-DX1.c83b9795-bf45-4100-9052-a7e485e0f770_(52445,16027).jpg",0.99999905,9.652923e-07,1
"images/TEST/MSIH/TCGA-AA-3877-01Z-00-DX1.36902310-bc0b-4437-9f86-6df85703e0ad_(54617,97456).jpg",0.99999964,3.3750837e-07,1
"images/TEST/MSIH/TCGA-F4-6703-01Z-00-DX1.28225f5d-d880-4605-831f-f22ec0272cde_(83168,41589).jpg",0.9999994,6.422544e-07,1
"images/TEST/MSIH/TCGA-AA-A01P-01Z-00-DX1.D7AAA4F0-C956-4346-8948-DADACDFB3B69_(29299,72469).jpg",0.99999976,2.173935e-07,1
"images/TEST/MSIH/TCGA-AA-3877-01Z-00-DX1.36902310-bc0b-4437-9f86-6df85703e0ad_(62324,94153).jpg",0.99999964,4.1471225e-07,1
"images/TEST/MSIH/TCGA-F4-6703-01Z-00-DX1.28225f5d-d880-4605-831f-f22ec0272cde_(88248,40573).jpg",0.99999964,3.00033e-07,1
"images/TEST/MSIH/TCGA-AD-6889-01Z-00-DX1.5269A81E-5391-4875-8F2A-6505BC5BBFD9_(12851,35694).jpg",0.99999976,2.3815922e-07,1
"images/TEST/MSIH/TCGA-QG-A5Z2-01Z-00-DX2.F2352352-8F00-4BB3-8A62-8D1C1E374F95_(23484,75449).jpg",0.9999993,7.6152065e-07,1
"images/TEST/MSIH/TCGA-QG-A5Z2-01Z-00-DX1.51896C31-235E-48EF-90F7-FC05350CA564_(87813,32698).jpg",0.9999993,6.687981e-07,1
"images/TEST/MSIH/TCGA-F4-6703-01Z-00-DX1.28225f5d-d880-4605-831f-f22ec0272cde_(83168,60893).jpg",0.99999964,3.20007e-07,1
"images/TEST/MSIH/TCGA-AA-3811-01Z-00-DX1.369d7946-911e-4e97-8ae7-32ef12b6b106_(13637,91520).jpg",0.9999999,1.1986711e-07,1
"images/TEST/MSIH/TCGA-AZ-6598-01Z-00-DX1.1fc4cd61-4524-413b-b36d-ad438785bc06_(18270,65320).jpg",0.9999999,1.2787709e-07,1
"images/TEST/MSIH/TCGA-AD-6895-01Z-00-DX1.7FB1FBC6-683B-4285-89D1-A7A20F07A9D4_(10859,3909).jpg",0.99999964,3.5470595e-07,1
"images/TEST/MSIH/TCGA-CM-6674-01Z-00-DX1.4a08b16a-788e-43dc-85d2-baff6e911de2_(95676,54377).jpg",0.99999976,2.7816324e-07,1
"images/TEST/MSIH/TCGA-AA-A01P-01Z-00-DX1.D7AAA4F0-C956-4346-8948-DADACDFB3B69_(46915,63661).jpg",0.9999995,5.1796286e-07,1
"images/TEST/MSIH/TCGA-CM-4746-01Z-00-DX1.c83b9795-bf45-4100-9052-a7e485e0f770_(18917,15011).jpg",0.99999845,1.5822399e-06,1
"images/TEST/MSIH/TCGA-CK-6747-01Z-00-DX1.7824596c-84db-4bee-b149-cd8f617c285f_(43896,19198).jpg",0.9999999,1.248648e-07,1
"images/TEST/MSIH/TCGA-AA-3950-01Z-00-DX1.2a81cf11-4c16-4e9e-8809-6f63152060da_(40938,93222).jpg",1.0,1.37747636e-08,1
"images/TEST/MSIH/TCGA-AA-3715-01Z-00-DX1.24d6e746-ad61-4587-a2b9-8903331b279c_(55013,31752).jpg",0.99999964,4.0768273e-07,1
"images/TEST/MSIH/TCGA-D5-6530-01Z-00-DX1.5c4bbcd1-51ba-467d-93f9-f2a9e7c5e010_(70907,59540).jpg",0.99999964,3.270691e-07,1
"images/TEST/MSIH/TCGA-QG-A5Z2-01Z-00-DX1.51896C31-235E-48EF-90F7-FC05350CA564_(85787,31685).jpg",0.9999999,1.7723795e-07,1
"images/TEST/MSIH/TCGA-AD-A5EJ-01Z-00-DX1.FA56CEAF-8B70-45EF-A2C9-8AA7BEB3D88A_(20030,33251).jpg",1.0,4.7824482e-08,1
"images/TEST/MSIH/TCGA-AD-6895-01Z-00-DX1.7FB1FBC6-683B-4285-89D1-A7A20F07A9D4_(2731,3909).jpg",0.9999988,1.25022e-06,1
"images/TEST/MSIH/TCGA-AA-3877-01Z-00-DX1.36902310-bc0b-4437-9f86-6df85703e0ad_(68930,93052).jpg",0.9999994,6.411217e-07,1
"images/TEST/MSIH/TCGA-G4-6309-01Z-00-DX1.3eb20fdc-eb86-4bd5-8194-76b02d4fa472_(27342,60454).jpg",0.9999993,7.50918e-07,1
"images/TEST/MSIH/TCGA-AA-3715-01Z-00-DX1.24d6e746-ad61-4587-a2b9-8903331b279c_(25286,50469).jpg",0.99999964,4.054216e-07,1
"images/TEST/MSIH/TCGA-AA-3950-01Z-00-DX1.2a81cf11-4c16-4e9e-8809-6f63152060da_(44241,69000).jpg",0.9999994,6.282525e-07,1
"images/TEST/MSIH/TCGA-CM-6674-01Z-00-DX1.4a08b16a-788e-43dc-85d2-baff6e911de2_(26588,67585).jpg",0.9999999,1.7357034e-07,1
"images/TEST/MSIH/TCGA-AD-A5EJ-01Z-00-DX1.FA56CEAF-8B70-45EF-A2C9-8AA7BEB3D88A_(28158,21059).jpg",0.9999987,1.2687482e-06,1
"images/TEST/MSIH/TCGA-AA-3950-01Z-00-DX1.2a81cf11-4c16-4e9e-8809-6f63152060da_(39837,92121).jpg",1.0,5.541582e-08,1
"images/TEST/MSIH/TCGA-D5-6927-01Z-00-DX1.ff21d627-dbb8-4200-937b-f8be8b86b6d4_(65374,5315).jpg",0.99999917,8.5373813e-07,1
"images/TEST/MSIH/TCGA-D5-6530-01Z-00-DX1.5c4bbcd1-51ba-467d-93f9-f2a9e7c5e010_(54651,67668).jpg",0.9999994,6.400391e-07,1
"images/TEST/MSIH/TCGA-G4-6309-01Z-00-DX1.3eb20fdc-eb86-4bd5-8194-76b02d4fa472_(52742,61470).jpg",0.9999995,4.692636e-07,1
"images/TEST/MSIH/TCGA-D5-6530-01Z-00-DX1.5c4bbcd1-51ba-467d-93f9-f2a9e7c5e010_(37379,68684).jpg",0.9999999,1.2833327e-07,1
"images/TEST/MSIH/TCGA-AD-6889-01Z-00-DX1.5269A81E-5391-4875-8F2A-6505BC5BBFD9_(24027,37726).jpg",0.9999964,3.5945475e-06,1
"images/TEST/MSIH/TCGA-AA-3864-01Z-00-DX1.f6992bc7-ba05-4c30-9500-8f7b07b30f9a_(14699,11324).jpg",0.9999995,4.182479e-07,1
"images/TEST/MSIH/TCGA-AD-A5EJ-01Z-00-DX1.FA56CEAF-8B70-45EF-A2C9-8AA7BEB3D88A_(8854,16995).jpg",0.99999964,4.076283e-07,1
"images/TEST/MSIH/TCGA-AD-A5EJ-01Z-00-DX1.FA56CEAF-8B70-45EF-A2C9-8AA7BEB3D88A_(13934,30203).jpg",0.99999905,9.4283786e-07,1
"images/TEST/MSIH/TCGA-D5-6530-01Z-00-DX1.5c4bbcd1-51ba-467d-93f9-f2a9e7c5e010_(24171,51412).jpg",0.9999999,6.842548e-08,1
"images/TEST/MSIH/TCGA-AA-A01P-01Z-00-DX1.D7AAA4F0-C956-4346-8948-DADACDFB3B69_(42511,60358).jpg",0.9999999,1.6495363e-07,1
"images/TEST/MSIH/TCGA-QG-A5Z2-01Z-00-DX2.F2352352-8F00-4BB3-8A62-8D1C1E374F95_(43744,13656).jpg",0.99999905,9.643685e-07,1
"images/TEST/MSIH/TCGA-AA-3811-01Z-00-DX1.369d7946-911e-4e97-8ae7-32ef12b6b106_(3728,101429).jpg",0.9999981,1.8570723e-06,1
"images/TEST/MSIH/TCGA-AZ-6598-01Z-00-DX1.1fc4cd61-4524-413b-b36d-ad438785bc06_(76182,66336).jpg",0.99999905,9.994106e-07,1
"images/TEST/MSIH/TCGA-CK-6747-01Z-00-DX1.7824596c-84db-4bee-b149-cd8f617c285f_(80472,20214).jpg",0.99999964,3.3018904e-07,1
"images/TEST/MSIH/TCGA-CM-4746-01Z-00-DX1.c83b9795-bf45-4100-9052-a7e485e0f770_(62605,21107).jpg",0.9999982,1.7503324e-06,1
"images/TEST/MSIH/TCGA-AD-A5EJ-01Z-00-DX1.FA56CEAF-8B70-45EF-A2C9-8AA7BEB3D88A_(27142,27155).jpg",0.99999976,1.8173922e-07,1
"images/TEST/MSIH/TCGA-CM-4743-01Z-00-DX1.f54a6355-5623-498c-96b9-2ff1de6576c6_(43435,75481).jpg",0.9999999,9.6665424e-08,1
"images/TEST/MSIH/TCGA-CK-6746-01Z-00-DX1.0aae8eec-1e82-494b-8779-d79fea8bec0c_(24656,59741).jpg",0.9999999,8.8395254e-08,1
"images/TEST/MSIH/TCGA-AA-3715-01Z-00-DX1.24d6e746-ad61-4587-a2b9-8903331b279c_(23084,53772).jpg",0.9999989,1.0721802e-06,1
"images/TEST/MSIH/TCGA-QG-A5Z2-01Z-00-DX2.F2352352-8F00-4BB3-8A62-8D1C1E374F95_(19432,23786).jpg",0.9999989,1.089557e-06,1
"images/TEST/MSIH/TCGA-AD-A5EJ-01Z-00-DX1.FA56CEAF-8B70-45EF-A2C9-8AA7BEB3D88A_(10886,12931).jpg",0.99999833,1.7111207e-06,1
"images/TEST/MSIH/TCGA-D5-6927-01Z-00-DX1.ff21d627-dbb8-4200-937b-f8be8b86b6d4_(69438,17507).jpg",0.99999964,3.3535227e-07,1
"images/TEST/MSIH/TCGA-AD-A5EJ-01Z-00-DX1.FA56CEAF-8B70-45EF-A2C9-8AA7BEB3D88A_(19014,29187).jpg",0.99999964,3.24831e-07,1
"images/TEST/MSIH/TCGA-QG-A5Z2-01Z-00-DX2.F2352352-8F00-4BB3-8A62-8D1C1E374F95_(41718,11630).jpg",0.99999976,2.8319167e-07,1
"images/TEST/MSIH/TCGA-AA-3715-01Z-00-DX1.24d6e746-ad61-4587-a2b9-8903331b279c_(38498,44964).jpg",0.99999964,3.914247e-07,1
"images/TEST/MSIH/TCGA-CM-6674-01Z-00-DX1.4a08b16a-788e-43dc-85d2-baff6e911de2_(49956,74697).jpg",0.9999995,5.157221e-07,1
"images/TEST/MSIH/TCGA-QG-A5Z2-01Z-00-DX2.F2352352-8F00-4BB3-8A62-8D1C1E374F95_(36653,6565).jpg",0.99999976,2.909235e-07,1
"images/TEST/MSIH/TCGA-A6-6653-01Z-00-DX1.e130666d-2681-4382-9e7a-4a4d27cb77a4_(93396,21634).jpg",0.99999964,3.9077605e-07,1
"images/TEST/MSIH/TCGA-QG-A5Z2-01Z-00-DX2.F2352352-8F00-4BB3-8A62-8D1C1E374F95_(15380,54176).jpg",0.99999976,1.8662534e-07,1
"images/TEST/MSIH/TCGA-CM-4746-01Z-00-DX1.c83b9795-bf45-4100-9052-a7e485e0f770_(89021,37363).jpg",0.9999995,5.2806183e-07,1
"images/TEST/MSIH/TCGA-G4-6309-01Z-00-DX1.3eb20fdc-eb86-4bd5-8194-76b02d4fa472_(73062,52326).jpg",0.9999995,5.319696e-07,1
"images/TEST/MSIH/TCGA-AA-3877-01Z-00-DX1.36902310-bc0b-4437-9f86-6df85703e0ad_(67829,89749).jpg",0.99999976,2.6732513e-07,1
"images/TEST/MSIH/TCGA-AA-A01P-01Z-00-DX1.D7AAA4F0-C956-4346-8948-DADACDFB3B69_(56824,69166).jpg",0.99999976,1.8436052e-07,1
"images/TEST/MSIH/TCGA-AD-A5EJ-01Z-00-DX1.FA56CEAF-8B70-45EF-A2C9-8AA7BEB3D88A_(11902,18011).jpg",0.9999999,1.484218e-07,1
"images/TEST/MSIH/TCGA-AD-A5EJ-01Z-00-DX1.FA56CEAF-8B70-45EF-A2C9-8AA7BEB3D88A_(3774,20043).jpg",0.99999964,3.0543958e-07,1
"images/TEST/MSIH/TCGA-AA-3877-01Z-00-DX1.36902310-bc0b-4437-9f86-6df85703e0ad_(59021,91951).jpg",0.9999995,5.106313e-07,1
"images/TEST/MSIH/TCGA-CK-6747-01Z-00-DX1.7824596c-84db-4bee-b149-cd8f617c285f_(46944,23262).jpg",0.99999964,3.7562793e-07,1
"images/TEST/MSIH/TCGA-CM-4746-01Z-00-DX1.c83b9795-bf45-4100-9052-a7e485e0f770_(81909,4851).jpg",0.99999785,2.17291e-06,1
"images/TEST/MSIH/TCGA-CM-4746-01Z-00-DX1.c83b9795-bf45-4100-9052-a7e485e0f770_(58541,4851).jpg",0.99999964,3.0458787e-07,1
"images/TEST/MSIH/TCGA-CM-4743-01Z-00-DX1.f54a6355-5623-498c-96b9-2ff1de6576c6_(36323,56177).jpg",0.99999964,3.0842023e-07,1
"images/TEST/MSIH/TCGA-AA-A01P-01Z-00-DX1.D7AAA4F0-C956-4346-8948-DADACDFB3B69_(70036,98893).jpg",0.9999994,5.7900303e-07,1
"images/TEST/MSIH/TCGA-QG-A5Z2-01Z-00-DX1.51896C31-235E-48EF-90F7-FC05350CA564_(70592,51945).jpg",0.9999999,1.4269979e-07,1
"images/TEST/MSIH/TCGA-AZ-6598-01Z-00-DX1.1fc4cd61-4524-413b-b36d-ad438785bc06_(72118,64304).jpg",0.99999964,3.707437e-07,1
"images/TEST/MSIH/TCGA-CM-4743-01Z-00-DX1.f54a6355-5623-498c-96b9-2ff1de6576c6_(35307,51097).jpg",0.9999999,7.321853e-08,1
"images/TEST/MSIH/TCGA-CM-6674-01Z-00-DX1.4a08b16a-788e-43dc-85d2-baff6e911de2_(49956,62505).jpg",0.9999995,4.5535492e-07,1
"images/TEST/MSIH/TCGA-QG-A5Z2-01Z-00-DX2.F2352352-8F00-4BB3-8A62-8D1C1E374F95_(16393,53163).jpg",0.99999964,3.6363386e-07,1
"images/TEST/MSIH/TCGA-QG-A5Z2-01Z-00-DX2.F2352352-8F00-4BB3-8A62-8D1C1E374F95_(40705,74436).jpg",0.99999976,2.1556434e-07,1
"images/TEST/MSIH/TCGA-AA-3877-01Z-00-DX1.36902310-bc0b-4437-9f86-6df85703e0ad_(48011,83143).jpg",1.0,5.837903e-08,1
"images/TEST/MSIH/TCGA-CK-6747-01Z-00-DX1.7824596c-84db-4bee-b149-cd8f617c285f_(6304,29358).jpg",0.99999964,3.7042562e-07,1
"images/TEST/MSIH/TCGA-AA-3715-01Z-00-DX1.24d6e746-ad61-4587-a2b9-8903331b279c_(31892,44964).jpg",0.9999995,5.3575445e-07,1
"images/TEST/MSIH/TCGA-AD-6895-01Z-00-DX1.7FB1FBC6-683B-4285-89D1-A7A20F07A9D4_(13907,10005).jpg",0.99999964,3.4824328e-07,1
"images/TEST/MSIH/TCGA-F4-6703-01Z-00-DX1.28225f5d-d880-4605-831f-f22ec0272cde_(76056,49717).jpg",0.9999999,1.3673127e-07,1
"images/TEST/MSIH/TCGA-CM-4743-01Z-00-DX1.f54a6355-5623-498c-96b9-2ff1de6576c6_(36323,43985).jpg",0.9999995,5.322202e-07,1
"images/TEST/MSIH/TCGA-CK-6746-01Z-00-DX1.0aae8eec-1e82-494b-8779-d79fea8bec0c_(20592,66853).jpg",0.9999999,1.0647952e-07,1
"images/TEST/MSIH/TCGA-CK-6746-01Z-00-DX1.0aae8eec-1e82-494b-8779-d79fea8bec0c_(15512,66853).jpg",0.99999976,2.039533e-07,1
"images/TEST/MSIH/TCGA-CM-6674-01Z-00-DX1.4a08b16a-788e-43dc-85d2-baff6e911de2_(48940,79777).jpg",0.99999464,5.3485105e-06,1
"images/TEST/MSIH/TCGA-F4-6703-01Z-00-DX1.28225f5d-d880-4605-831f-f22ec0272cde_(73008,44637).jpg",0.99999917,8.8043225e-07,1
"images/TEST/MSIH/TCGA-G4-6309-01Z-00-DX1.3eb20fdc-eb86-4bd5-8194-76b02d4fa472_(95414,33022).jpg",0.99999964,3.020686e-07,1
"images/TEST/MSIH/TCGA-AA-3950-01Z-00-DX1.2a81cf11-4c16-4e9e-8809-6f63152060da_(38736,78909).jpg",1.0,5.2304177e-08,1
"images/TEST/MSIH/TCGA-D5-6530-01Z-00-DX1.5c4bbcd1-51ba-467d-93f9-f2a9e7c5e010_(19091,64620).jpg",0.99999964,3.9448227e-07,1
"images/TEST/MSIH/TCGA-CK-6746-01Z-00-DX1.0aae8eec-1e82-494b-8779-d79fea8bec0c_(41928,55677).jpg",0.9999993,6.8932815e-07,1
"images/TEST/MSIH/TCGA-CK-6746-01Z-00-DX1.0aae8eec-1e82-494b-8779-d79fea8bec0c_(27704,41453).jpg",0.9999999,7.449351e-08,1
"images/TEST/MSIH/TCGA-F4-6703-01Z-00-DX1.28225f5d-d880-4605-831f-f22ec0272cde_(77072,56829).jpg",0.99999905,9.057322e-07,1
"images/TEST/MSIH/TCGA-CK-6746-01Z-00-DX1.0aae8eec-1e82-494b-8779-d79fea8bec0c_(51072,66853).jpg",0.99999976,2.1032395e-07,1
"images/TEST/MSIH/TCGA-AA-3950-01Z-00-DX1.2a81cf11-4c16-4e9e-8809-6f63152060da_(46443,77808).jpg",0.99999976,2.3040516e-07,1
"images/TEST/MSIH/TCGA-CK-6746-01Z-00-DX1.0aae8eec-1e82-494b-8779-d79fea8bec0c_(41928,57709).jpg",0.9999999,1.6353592e-07,1
"images/TEST/MSIH/TCGA-CK-6746-01Z-00-DX1.0aae8eec-1e82-494b-8779-d79fea8bec0c_(53104,52629).jpg",0.99999964,3.3637534e-07,1
"images/TEST/MSIH/TCGA-G4-6309-01Z-00-DX1.3eb20fdc-eb86-4bd5-8194-76b02d4fa472_(51726,59438).jpg",0.9999995,4.399936e-07,1
"images/TEST/MSIH/TCGA-A6-6653-01Z-00-DX1.e130666d-2681-4382-9e7a-4a4d27cb77a4_(94412,22650).jpg",0.9999995,5.0742165e-07,1
"images/TEST/MSIH/TCGA-CK-6746-01Z-00-DX1.0aae8eec-1e82-494b-8779-d79fea8bec0c_(77488,47549).jpg",0.9999999,1.33668e-07,1
"images/TEST/MSIH/TCGA-CK-6747-01Z-00-DX1.7824596c-84db-4bee-b149-cd8f617c285f_(18496,36470).jpg",0.99999964,3.3898542e-07,1
"images/TEST/MSIH/TCGA-AA-3877-01Z-00-DX1.36902310-bc0b-4437-9f86-6df85703e0ad_(63425,94153).jpg",0.99999976,2.973821e-07,1
"images/TEST/MSIH/TCGA-AD-6895-01Z-00-DX1.7FB1FBC6-683B-4285-89D1-A7A20F07A9D4_(15939,7973).jpg",0.9999994,6.1132056e-07,1
"images/TEST/MSIH/TCGA-AA-3811-01Z-00-DX1.369d7946-911e-4e97-8ae7-32ef12b6b106_(7031,100328).jpg",0.9999999,1.2792161e-07,1
"images/TEST/MSIH/TCGA-D5-6530-01Z-00-DX1.5c4bbcd1-51ba-467d-93f9-f2a9e7c5e010_(64811,65636).jpg",0.9999994,5.376979e-07,1
"images/TEST/MSIH/TCGA-G4-6309-01Z-00-DX1.3eb20fdc-eb86-4bd5-8194-76b02d4fa472_(35470,57406).jpg",0.9999995,4.6035098e-07,1
"images/TEST/MSIH/TCGA-AD-A5EJ-01Z-00-DX1.FA56CEAF-8B70-45EF-A2C9-8AA7BEB3D88A_(16982,15979).jpg",0.9999999,1.5118067e-07,1
"images/TEST/MSIH/TCGA-AD-6889-01Z-00-DX1.5269A81E-5391-4875-8F2A-6505BC5BBFD9_(29107,14358).jpg",0.99999917,8.650688e-07,1
"images/TEST/MSIH/TCGA-D5-6927-01Z-00-DX1.ff21d627-dbb8-4200-937b-f8be8b86b6d4_(64358,22587).jpg",0.9999989,1.0988612e-06,1
"images/TEST/MSIH/TCGA-CK-6747-01Z-00-DX1.7824596c-84db-4bee-b149-cd8f617c285f_(15448,36470).jpg",0.9999995,5.0575676e-07,1
"images/TEST/MSIH/TCGA-CK-6746-01Z-00-DX1.0aae8eec-1e82-494b-8779-d79fea8bec0c_(55136,58725).jpg",0.99999976,1.8987673e-07,1
"images/TEST/MSIH/TCGA-CM-4743-01Z-00-DX1.f54a6355-5623-498c-96b9-2ff1de6576c6_(42419,80561).jpg",0.9999994,5.954867e-07,1
"images/TEST/MSIH/TCGA-AA-3877-01Z-00-DX1.36902310-bc0b-4437-9f86-6df85703e0ad_(59021,96355).jpg",0.99999976,2.6015718e-07,1
"images/TEST/MSIH/TCGA-AD-6895-01Z-00-DX1.7FB1FBC6-683B-4285-89D1-A7A20F07A9D4_(16955,13053).jpg",0.99999833,1.6320186e-06,1
"images/TEST/MSIH/TCGA-CK-6746-01Z-00-DX1.0aae8eec-1e82-494b-8779-d79fea8bec0c_(34816,46533).jpg",0.9999995,4.6582986e-07,1
"images/TEST/MSIH/TCGA-G4-6309-01Z-00-DX1.3eb20fdc-eb86-4bd5-8194-76b02d4fa472_(56806,55374).jpg",0.9999982,1.8029996e-06,1
"images/TEST/MSIH/TCGA-AA-3715-01Z-00-DX1.24d6e746-ad61-4587-a2b9-8903331b279c_(19781,41661).jpg",0.99999976,2.670008e-07,1
"images/TEST/MSIH/TCGA-AZ-6598-01Z-00-DX1.1fc4cd61-4524-413b-b36d-ad438785bc06_(68054,40936).jpg",0.9999993,7.6285085e-07,1
"images/TEST/MSIH/TCGA-CM-4743-01Z-00-DX1.f54a6355-5623-498c-96b9-2ff1de6576c6_(89155,41953).jpg",0.9999999,1.7196834e-07,1
"images/TEST/MSIH/TCGA-D5-6530-01Z-00-DX1.5c4bbcd1-51ba-467d-93f9-f2a9e7c5e010_(71923,68684).jpg",0.9999994,6.4194455e-07,1
"images/TEST/MSIH/TCGA-CK-6747-01Z-00-DX1.7824596c-84db-4bee-b149-cd8f617c285f_(23576,23262).jpg",0.9999994,6.516372e-07,1
"images/TEST/MSIH/TCGA-F4-6703-01Z-00-DX1.28225f5d-d880-4605-831f-f22ec0272cde_(69960,48701).jpg",0.9999999,9.265333e-08,1
"images/TEST/MSIH/TCGA-G4-6309-01Z-00-DX1.3eb20fdc-eb86-4bd5-8194-76b02d4fa472_(67982,53342).jpg",0.99999964,4.009666e-07,1
"images/TEST/MSIH/TCGA-AA-3950-01Z-00-DX1.2a81cf11-4c16-4e9e-8809-6f63152060da_(50847,66798).jpg",0.9999999,1.5758279e-07,1
"images/TEST/MSIH/TCGA-AA-3950-01Z-00-DX1.2a81cf11-4c16-4e9e-8809-6f63152060da_(39837,93222).jpg",0.99999976,2.4452817e-07,1
"images/TEST/MSIH/TCGA-AD-6889-01Z-00-DX1.5269A81E-5391-4875-8F2A-6505BC5BBFD9_(12851,28582).jpg",0.99999917,8.591484e-07,1
"images/TEST/MSIH/TCGA-AD-6895-01Z-00-DX1.7FB1FBC6-683B-4285-89D1-A7A20F07A9D4_(15939,10005).jpg",0.9999993,7.3825237e-07,1
"images/TEST/MSIH/TCGA-G4-6309-01Z-00-DX1.3eb20fdc-eb86-4bd5-8194-76b02d4fa472_(89318,44198).jpg",0.99999964,4.1718914e-07,1
"images/TEST/MSIH/TCGA-CM-4746-01Z-00-DX1.c83b9795-bf45-4100-9052-a7e485e0f770_(79877,32283).jpg",0.999998,2.0104706e-06,1
"images/TEST/MSIH/TCGA-CM-4743-01Z-00-DX1.f54a6355-5623-498c-96b9-2ff1de6576c6_(53595,34841).jpg",0.9999999,1.51348e-07,1
"images/TEST/MSIH/TCGA-AA-3811-01Z-00-DX1.369d7946-911e-4e97-8ae7-32ef12b6b106_(12536,92621).jpg",0.9999999,1.4820483e-07,1
"images/TEST/MSIH/TCGA-AD-6889-01Z-00-DX1.5269A81E-5391-4875-8F2A-6505BC5BBFD9_(18947,20454).jpg",0.99999976,2.754829e-07,1
"images/TEST/MSIH/TCGA-F4-6703-01Z-00-DX1.28225f5d-d880-4605-831f-f22ec0272cde_(66912,45653).jpg",0.9999993,7.6292645e-07,1
"images/TEST/MSIH/TCGA-D5-6927-01Z-00-DX1.ff21d627-dbb8-4200-937b-f8be8b86b6d4_(69438,21571).jpg",0.99999976,1.8698859e-07,1
"images/TEST/MSIH/TCGA-CM-6674-01Z-00-DX1.4a08b16a-788e-43dc-85d2-baff6e911de2_(35732,62505).jpg",0.99999976,2.6850148e-07,1
"images/TEST/MSIH/TCGA-F4-6703-01Z-00-DX1.28225f5d-d880-4605-831f-f22ec0272cde_(85200,49717).jpg",0.99999964,3.3766545e-07,1
"images/TEST/MSIH/TCGA-AA-3950-01Z-00-DX1.2a81cf11-4c16-4e9e-8809-6f63152060da_(44241,78909).jpg",0.9999999,1.463778e-07,1
"images/TEST/MSIH/TCGA-CK-6747-01Z-00-DX1.7824596c-84db-4bee-b149-cd8f617c285f_(17480,38502).jpg",0.999998,1.9733864e-06,1
"images/TEST/MSIH/TCGA-AD-6895-01Z-00-DX1.7FB1FBC6-683B-4285-89D1-A7A20F07A9D4_(3747,6957).jpg",0.9999995,4.859605e-07,1
"images/TEST/MSIH/TCGA-AA-3877-01Z-00-DX1.36902310-bc0b-4437-9f86-6df85703e0ad_(68930,95254).jpg",0.99999976,2.0347093e-07,1
"images/TEST/MSIH/TCGA-AA-3950-01Z-00-DX1.2a81cf11-4c16-4e9e-8809-6f63152060da_(40938,92121).jpg",0.9999999,1.4065729e-07,1
"images/TEST/MSIH/TCGA-CK-6747-01Z-00-DX1.7824596c-84db-4bee-b149-cd8f617c285f_(37800,39518).jpg",0.9999976,2.3781906e-06,1
"images/TEST/MSIH/TCGA-D5-6530-01Z-00-DX1.5c4bbcd1-51ba-467d-93f9-f2a9e7c5e010_(85131,64620).jpg",0.99999964,2.9960697e-07,1
"images/TEST/MSIH/TCGA-D5-6927-01Z-00-DX1.ff21d627-dbb8-4200-937b-f8be8b86b6d4_(71470,19539).jpg",0.9999995,4.5463725e-07,1
"images/TEST/MSIH/TCGA-A6-6653-01Z-00-DX1.e130666d-2681-4382-9e7a-4a4d27cb77a4_(93396,27730).jpg",0.99999964,3.7244823e-07,1
"images/TEST/MSIH/TCGA-D5-6530-01Z-00-DX1.5c4bbcd1-51ba-467d-93f9-f2a9e7c5e010_(9947,53444).jpg",0.9999999,1.06710885e-07,1
"images/TEST/MSIH/TCGA-AA-3811-01Z-00-DX1.369d7946-911e-4e97-8ae7-32ef12b6b106_(9233,113540).jpg",0.9999995,4.422932e-07,1
"images/TEST/MSIH/TCGA-F4-6703-01Z-00-DX1.28225f5d-d880-4605-831f-f22ec0272cde_(81136,57845).jpg",1.0,1.9189809e-08,1
"images/TEST/MSIH/TCGA-D5-6530-01Z-00-DX1.5c4bbcd1-51ba-467d-93f9-f2a9e7c5e010_(44491,70716).jpg",0.99999917,8.807749e-07,1
"images/TEST/MSIH/TCGA-CM-4746-01Z-00-DX1.c83b9795-bf45-4100-9052-a7e485e0f770_(21965,39395).jpg",0.9999995,4.5813266e-07,1
"images/TEST/MSIH/TCGA-AD-6889-01Z-00-DX1.5269A81E-5391-4875-8F2A-6505BC5BBFD9_(30123,8262).jpg",0.9999995,5.2834696e-07,1
"images/TEST/MSIH/TCGA-AA-3715-01Z-00-DX1.24d6e746-ad61-4587-a2b9-8903331b279c_(30791,54873).jpg",0.9999987,1.2857844e-06,1
"images/TEST/MSIH/TCGA-CM-4746-01Z-00-DX1.c83b9795-bf45-4100-9052-a7e485e0f770_(51429,26187).jpg",0.9999987,1.3365963e-06,1
"images/TEST/MSIH/TCGA-AA-A01P-01Z-00-DX1.D7AAA4F0-C956-4346-8948-DADACDFB3B69_(59026,68065).jpg",0.99999976,2.0949598e-07,1
"images/TEST/MSIH/TCGA-AD-A5EJ-01Z-00-DX1.FA56CEAF-8B70-45EF-A2C9-8AA7BEB3D88A_(9870,14963).jpg",0.9999999,1.3199977e-07,1
"images/TEST/MSIH/TCGA-QG-A5Z2-01Z-00-DX2.F2352352-8F00-4BB3-8A62-8D1C1E374F95_(42731,75449).jpg",0.99999976,2.7305245e-07,1
"images/TEST/MSIH/TCGA-QG-A5Z2-01Z-00-DX1.51896C31-235E-48EF-90F7-FC05350CA564_(79709,40802).jpg",0.99999857,1.3948234e-06,1
"images/TEST/MSIH/TCGA-QG-A5Z2-01Z-00-DX2.F2352352-8F00-4BB3-8A62-8D1C1E374F95_(25510,72410).jpg",0.99999976,2.5127295e-07,1
"images/TEST/MSIH/TCGA-QG-A5Z2-01Z-00-DX2.F2352352-8F00-4BB3-8A62-8D1C1E374F95_(38679,15682).jpg",0.9999999,1.7295532e-07,1
"images/TEST/MSIH/TCGA-AA-3715-01Z-00-DX1.24d6e746-ad61-4587-a2b9-8903331b279c_(63821,40560).jpg",0.9999995,5.361066e-07,1
"images/TEST/MSIH/TCGA-A6-6653-01Z-00-DX1.e130666d-2681-4382-9e7a-4a4d27cb77a4_(96444,24682).jpg",0.99999964,3.083826e-07,1
"images/TEST/MSIH/TCGA-AA-3877-01Z-00-DX1.36902310-bc0b-4437-9f86-6df85703e0ad_(70031,78739).jpg",0.99999845,1.535604e-06,1
"images/TEST/MSIH/TCGA-F4-6703-01Z-00-DX1.28225f5d-d880-4605-831f-f22ec0272cde_(63864,58861).jpg",0.99999976,1.8616475e-07,1
"images/TEST/MSIH/TCGA-A6-6653-01Z-00-DX1.e130666d-2681-4382-9e7a-4a4d27cb77a4_(88316,14522).jpg",0.9999995,4.8732545e-07,1
"images/TEST/MSIH/TCGA-AD-A5EJ-01Z-00-DX1.FA56CEAF-8B70-45EF-A2C9-8AA7BEB3D88A_(14950,19027).jpg",0.999998,1.9990182e-06,1
"images/TEST/MSIH/TCGA-AA-A01P-01Z-00-DX1.D7AAA4F0-C956-4346-8948-DADACDFB3B69_(37006,59257).jpg",0.99999964,3.8548745e-07,1
"images/TEST/MSIH/TCGA-CK-6746-01Z-00-DX1.0aae8eec-1e82-494b-8779-d79fea8bec0c_(60216,33325).jpg",0.9999999,1.6227085e-07,1
"images/TEST/MSIH/TCGA-AD-A5EJ-01Z-00-DX1.FA56CEAF-8B70-45EF-A2C9-8AA7BEB3D88A_(20030,20043).jpg",0.9999999,1.7704654e-07,1
"images/TEST/MSIH/TCGA-CM-6674-01Z-00-DX1.4a08b16a-788e-43dc-85d2-baff6e911de2_(101772,62505).jpg",0.9999995,4.3494305e-07,1
"images/TEST/MSIH/TCGA-AA-3877-01Z-00-DX1.36902310-bc0b-4437-9f86-6df85703e0ad_(43607,80941).jpg",0.9999999,1.1551784e-07,1
"images/TEST/MSIH/TCGA-F4-6703-01Z-00-DX1.28225f5d-d880-4605-831f-f22ec0272cde_(101456,64957).jpg",0.99999666,3.3195918e-06,1
"images/TEST/MSIH/TCGA-CK-6746-01Z-00-DX1.0aae8eec-1e82-494b-8779-d79fea8bec0c_(43960,46533).jpg",0.99999964,3.341991e-07,1
"images/TEST/MSIH/TCGA-AZ-6598-01Z-00-DX1.1fc4cd61-4524-413b-b36d-ad438785bc06_(61958,54144).jpg",0.99999976,2.4202183e-07,1
"images/TEST/MSIH/TCGA-CK-6746-01Z-00-DX1.0aae8eec-1e82-494b-8779-d79fea8bec0c_(42944,50597).jpg",0.99999976,1.9297393e-07,1
"images/TEST/MSIH/TCGA-AA-3715-01Z-00-DX1.24d6e746-ad61-4587-a2b9-8903331b279c_(27488,50469).jpg",0.99999833,1.7061915e-06,1
"images/TEST/MSIH/TCGA-AD-6895-01Z-00-DX1.7FB1FBC6-683B-4285-89D1-A7A20F07A9D4_(15939,3909).jpg",0.9999994,6.4410256e-07,1
"images/TEST/MSIH/TCGA-QG-A5Z2-01Z-00-DX2.F2352352-8F00-4BB3-8A62-8D1C1E374F95_(49822,73423).jpg",0.99999976,2.5011818e-07,1
"images/TEST/MSIH/TCGA-QG-A5Z2-01Z-00-DX2.F2352352-8F00-4BB3-8A62-8D1C1E374F95_(45770,9604).jpg",0.99999845,1.4959646e-06,1
"images/TEST/MSIH/TCGA-AA-3715-01Z-00-DX1.24d6e746-ad61-4587-a2b9-8903331b279c_(42902,49368).jpg",0.9999976,2.4165843e-06,1
"images/TEST/MSIH/TCGA-AD-6889-01Z-00-DX1.5269A81E-5391-4875-8F2A-6505BC5BBFD9_(30123,29598).jpg",0.9999993,6.602289e-07,1
"images/TEST/MSIH/TCGA-G4-6309-01Z-00-DX1.3eb20fdc-eb86-4bd5-8194-76b02d4fa472_(83222,45214).jpg",0.99999917,8.370426e-07,1
"images/TEST/MSIH/TCGA-AA-3715-01Z-00-DX1.24d6e746-ad61-4587-a2b9-8903331b279c_(31892,50469).jpg",0.99999464,5.3244275e-06,1
"images/TEST/MSIH/TCGA-AA-3811-01Z-00-DX1.369d7946-911e-4e97-8ae7-32ef12b6b106_(14738,111338).jpg",0.9999999,1.7294214e-07,1
"images/TEST/MSIH/TCGA-AD-6895-01Z-00-DX1.7FB1FBC6-683B-4285-89D1-A7A20F07A9D4_(15939,1877).jpg",0.9999994,5.6800775e-07,1
"images/TEST/MSIH/TCGA-A6-6653-01Z-00-DX1.e130666d-2681-4382-9e7a-4a4d27cb77a4_(86284,16554).jpg",0.99999976,2.789706e-07,1
"images/TEST/MSIH/TCGA-AZ-6598-01Z-00-DX1.1fc4cd61-4524-413b-b36d-ad438785bc06_(72118,39920).jpg",0.99999976,2.4397542e-07,1
"images/TEST/MSIH/TCGA-D5-6530-01Z-00-DX1.5c4bbcd1-51ba-467d-93f9-f2a9e7c5e010_(59731,67668).jpg",0.99999964,4.0135455e-07,1
"images/TEST/MSIH/TCGA-F4-6703-01Z-00-DX1.28225f5d-d880-4605-831f-f22ec0272cde_(82152,54797).jpg",0.9999999,1.3519875e-07,1
"images/TEST/MSIH/TCGA-AD-6889-01Z-00-DX1.5269A81E-5391-4875-8F2A-6505BC5BBFD9_(52475,19438).jpg",0.99999905,9.833159e-07,1
"images/TEST/MSIH/TCGA-QG-A5Z2-01Z-00-DX1.51896C31-235E-48EF-90F7-FC05350CA564_(83761,27633).jpg",0.99999964,3.783972e-07,1
"images/TEST/MSIH/TCGA-AD-A5EJ-01Z-00-DX1.FA56CEAF-8B70-45EF-A2C9-8AA7BEB3D88A_(24094,30203).jpg",0.9999995,5.233192e-07,1
"images/TEST/MSIH/TCGA-CM-4746-01Z-00-DX1.c83b9795-bf45-4100-9052-a7e485e0f770_(45333,27203).jpg",0.99999917,8.6014205e-07,1
"images/TEST/MSIH/TCGA-CM-4743-01Z-00-DX1.f54a6355-5623-498c-96b9-2ff1de6576c6_(36323,38905).jpg",0.9999994,5.732111e-07,1
"images/TEST/MSIH/TCGA-CK-6746-01Z-00-DX1.0aae8eec-1e82-494b-8779-d79fea8bec0c_(61232,57709).jpg",0.9999989,1.0838716e-06,1
"images/TEST/MSIH/TCGA-AA-3950-01Z-00-DX1.2a81cf11-4c16-4e9e-8809-6f63152060da_(38736,82212).jpg",0.9999999,1.7138598e-07,1
"images/TEST/MSIH/TCGA-AD-6895-01Z-00-DX1.7FB1FBC6-683B-4285-89D1-A7A20F07A9D4_(6795,11021).jpg",0.99999976,2.1988936e-07,1
"images/TEST/MSIH/TCGA-AZ-6598-01Z-00-DX1.1fc4cd61-4524-413b-b36d-ad438785bc06_(89390,58208).jpg",0.9999999,8.4593204e-08,1
"images/TEST/MSIH/TCGA-CM-4746-01Z-00-DX1.c83b9795-bf45-4100-9052-a7e485e0f770_(66669,30251).jpg",0.9999994,5.709769e-07,1
"images/TEST/MSIH/TCGA-QG-A5Z2-01Z-00-DX1.51896C31-235E-48EF-90F7-FC05350CA564_(73631,53971).jpg",0.99999917,8.654633e-07,1
"images/TEST/MSIH/TCGA-AD-6895-01Z-00-DX1.7FB1FBC6-683B-4285-89D1-A7A20F07A9D4_(13907,2893).jpg",0.99999917,8.044019e-07,1
"images/TEST/MSIH/TCGA-AA-3950-01Z-00-DX1.2a81cf11-4c16-4e9e-8809-6f63152060da_(36534,88818).jpg",0.9999999,1.5359042e-07,1
"images/TEST/MSIH/TCGA-CM-4743-01Z-00-DX1.f54a6355-5623-498c-96b9-2ff1de6576c6_(71883,33825).jpg",0.9999999,1.123128e-07,1
"images/TEST/MSIH/TCGA-D5-6530-01Z-00-DX1.5c4bbcd1-51ba-467d-93f9-f2a9e7c5e010_(11979,54460).jpg",0.99999976,2.3602297e-07,1
"images/TEST/MSIH/TCGA-CM-6674-01Z-00-DX1.4a08b16a-788e-43dc-85d2-baff6e911de2_(92628,61489).jpg",0.9999999,1.1333323e-07,1
"images/TEST/MSIH/TCGA-QG-A5Z2-01Z-00-DX1.51896C31-235E-48EF-90F7-FC05350CA564_(90852,32698).jpg",0.99999917,8.324659e-07,1
"images/TEST/MSIH/TCGA-CM-6674-01Z-00-DX1.4a08b16a-788e-43dc-85d2-baff6e911de2_(66212,70633).jpg",0.99999917,8.658637e-07,1
"images/TEST/MSIH/TCGA-AZ-6598-01Z-00-DX1.1fc4cd61-4524-413b-b36d-ad438785bc06_(24366,64304).jpg",0.9999994,5.5421094e-07,1
"images/TEST/MSIH/TCGA-AA-3811-01Z-00-DX1.369d7946-911e-4e97-8ae7-32ef12b6b106_(4829,91520).jpg",0.99999976,2.0330391e-07,1
"images/TEST/MSIH/TCGA-CM-4743-01Z-00-DX1.f54a6355-5623-498c-96b9-2ff1de6576c6_(64771,73449).jpg",0.9999995,5.2861105e-07,1
"images/TEST/MSIH/TCGA-AA-3950-01Z-00-DX1.2a81cf11-4c16-4e9e-8809-6f63152060da_(53049,80010).jpg",0.9999999,7.745847e-08,1
"images/TEST/MSIH/TCGA-G4-6309-01Z-00-DX1.3eb20fdc-eb86-4bd5-8194-76b02d4fa472_(59854,56390).jpg",0.9999999,1.6352578e-07,1
"images/TEST/MSIH/TCGA-AA-3877-01Z-00-DX1.36902310-bc0b-4437-9f86-6df85703e0ad_(71132,88648).jpg",0.9999993,7.1772087e-07,1
"images/TEST/MSIH/TCGA-CK-6747-01Z-00-DX1.7824596c-84db-4bee-b149-cd8f617c285f_(20528,24278).jpg",0.99999595,4.099341e-06,1
"images/TEST/MSIH/TCGA-D5-6927-01Z-00-DX1.ff21d627-dbb8-4200-937b-f8be8b86b6d4_(63342,19539).jpg",0.99999976,1.875086e-07,1
"images/TEST/MSIH/TCGA-AD-6895-01Z-00-DX1.7FB1FBC6-683B-4285-89D1-A7A20F07A9D4_(14923,13053).jpg",0.99999905,9.540692e-07,1
"images/TEST/MSIH/TCGA-AA-3877-01Z-00-DX1.36902310-bc0b-4437-9f86-6df85703e0ad_(51314,69931).jpg",0.99999976,2.4318373e-07,1
"images/TEST/MSIH/TCGA-AA-A01P-01Z-00-DX1.D7AAA4F0-C956-4346-8948-DADACDFB3B69_(52420,88984).jpg",0.9999993,7.0758017e-07,1
"images/TEST/MSIH/TCGA-AZ-6598-01Z-00-DX1.1fc4cd61-4524-413b-b36d-ad438785bc06_(53830,54144).jpg",0.9999999,1.3237646e-07,1
"images/TEST/MSIH/TCGA-QG-A5Z2-01Z-00-DX2.F2352352-8F00-4BB3-8A62-8D1C1E374F95_(59952,69371).jpg",0.99999964,3.040066e-07,1
"images/TEST/MSIH/TCGA-AZ-6598-01Z-00-DX1.1fc4cd61-4524-413b-b36d-ad438785bc06_(55862,51096).jpg",0.99999964,3.3271937e-07,1
"images/TEST/MSIH/TCGA-AZ-6598-01Z-00-DX1.1fc4cd61-4524-413b-b36d-ad438785bc06_(91422,50080).jpg",0.9999995,5.194899e-07,1
"images/TEST/MSIH/TCGA-D5-6927-01Z-00-DX1.ff21d627-dbb8-4200-937b-f8be8b86b6d4_(72486,21571).jpg",0.9999994,5.523147e-07,1
"images/TEST/MSIH/TCGA-G4-6309-01Z-00-DX1.3eb20fdc-eb86-4bd5-8194-76b02d4fa472_(86270,40134).jpg",0.9999989,1.1092744e-06,1
"images/TEST/MSIH/TCGA-CM-4746-01Z-00-DX1.c83b9795-bf45-4100-9052-a7e485e0f770_(94101,55651).jpg",0.99999726,2.6929026e-06,1
"images/TEST/MSIH/TCGA-CM-6674-01Z-00-DX1.4a08b16a-788e-43dc-85d2-baff6e911de2_(38780,73681).jpg",0.9999999,1.3527486e-07,1
"images/TEST/MSIH/TCGA-G4-6309-01Z-00-DX1.3eb20fdc-eb86-4bd5-8194-76b02d4fa472_(84238,43182).jpg",0.99999964,3.810683e-07,1
"images/TEST/MSIH/TCGA-CM-4743-01Z-00-DX1.f54a6355-5623-498c-96b9-2ff1de6576c6_(67819,70401).jpg",0.9999994,6.471515e-07,1
"images/TEST/MSIH/TCGA-D5-6530-01Z-00-DX1.5c4bbcd1-51ba-467d-93f9-f2a9e7c5e010_(37379,66652).jpg",0.99999964,3.1958336e-07,1
"images/TEST/MSIH/TCGA-G4-6309-01Z-00-DX1.3eb20fdc-eb86-4bd5-8194-76b02d4fa472_(96430,38102).jpg",0.99999917,8.535509e-07,1
"images/TEST/MSIH/TCGA-G4-6309-01Z-00-DX1.3eb20fdc-eb86-4bd5-8194-76b02d4fa472_(91350,42166).jpg",0.99999964,3.6264893e-07,1
"images/TEST/MSIH/TCGA-CM-4746-01Z-00-DX1.c83b9795-bf45-4100-9052-a7e485e0f770_(48381,17043).jpg",0.9999995,5.2911645e-07,1
"images/TEST/MSIH/TCGA-G4-6309-01Z-00-DX1.3eb20fdc-eb86-4bd5-8194-76b02d4fa472_(96430,32006).jpg",0.9999993,7.326784e-07,1
"images/TEST/MSIH/TCGA-F4-6703-01Z-00-DX1.28225f5d-d880-4605-831f-f22ec0272cde_(67928,64957).jpg",0.9999976,2.3852433e-06,1
"images/TEST/MSIH/TCGA-QG-A5Z2-01Z-00-DX2.F2352352-8F00-4BB3-8A62-8D1C1E374F95_(65017,73423).jpg",0.9999999,1.6840801e-07,1
"images/TEST/MSIH/TCGA-AD-6889-01Z-00-DX1.5269A81E-5391-4875-8F2A-6505BC5BBFD9_(37235,8262).jpg",0.9999994,5.5027897e-07,1
"images/TEST/MSIH/TCGA-CK-6746-01Z-00-DX1.0aae8eec-1e82-494b-8779-d79fea8bec0c_(53104,56693).jpg",0.9999995,4.520553e-07,1
"images/TEST/MSIH/TCGA-CM-4743-01Z-00-DX1.f54a6355-5623-498c-96b9-2ff1de6576c6_(71883,59225).jpg",0.99999976,1.8287697e-07,1
"images/TEST/MSIH/TCGA-AZ-6598-01Z-00-DX1.1fc4cd61-4524-413b-b36d-ad438785bc06_(92438,65320).jpg",0.99999917,8.523893e-07,1
"images/TEST/MSIH/TCGA-F4-6703-01Z-00-DX1.28225f5d-d880-4605-831f-f22ec0272cde_(75040,61909).jpg",0.99999964,3.2992995e-07,1
"images/TEST/MSIH/TCGA-AA-3715-01Z-00-DX1.24d6e746-ad61-4587-a2b9-8903331b279c_(20882,40560).jpg",0.9999982,1.733278e-06,1
"images/TEST/MSIH/TCGA-G4-6309-01Z-00-DX1.3eb20fdc-eb86-4bd5-8194-76b02d4fa472_(90334,41150).jpg",0.99999857,1.4130064e-06,1
"images/TEST/MSIH/TCGA-AA-3864-01Z-00-DX1.f6992bc7-ba05-4c30-9500-8f7b07b30f9a_(11396,16829).jpg",0.9999994,5.640531e-07,1
"images/TEST/MSIH/TCGA-CK-6747-01Z-00-DX1.7824596c-84db-4bee-b149-cd8f617c285f_(90632,28342).jpg",0.9999995,4.983119e-07,1
"images/TEST/MSIH/TCGA-A6-6653-01Z-00-DX1.e130666d-2681-4382-9e7a-4a4d27cb77a4_(99492,5378).jpg",0.99999976,2.813635e-07,1
"images/TEST/MSIH/TCGA-AA-3877-01Z-00-DX1.36902310-bc0b-4437-9f86-6df85703e0ad_(70031,93052).jpg",0.9999987,1.2822798e-06,1
"images/TEST/MSIH/TCGA-G4-6309-01Z-00-DX1.3eb20fdc-eb86-4bd5-8194-76b02d4fa472_(60870,57406).jpg",0.99999976,2.4933797e-07,1
"images/TEST/MSIH/TCGA-CM-4743-01Z-00-DX1.f54a6355-5623-498c-96b9-2ff1de6576c6_(47499,54145).jpg",0.99999976,2.9249674e-07,1
"images/TEST/MSIH/TCGA-F4-6703-01Z-00-DX1.28225f5d-d880-4605-831f-f22ec0272cde_(60816,45653).jpg",0.9999999,1.5480242e-07,1
"images/TEST/MSIH/TCGA-QG-A5Z2-01Z-00-DX2.F2352352-8F00-4BB3-8A62-8D1C1E374F95_(26523,64306).jpg",0.9999999,7.978568e-08,1
"images/TEST/MSIH/TCGA-A6-6653-01Z-00-DX1.e130666d-2681-4382-9e7a-4a4d27cb77a4_(97460,6394).jpg",0.99999976,2.1248906e-07,1
"images/TEST/MSIH/TCGA-D5-6927-01Z-00-DX1.ff21d627-dbb8-4200-937b-f8be8b86b6d4_(74518,4299).jpg",0.99999976,2.7797842e-07,1
"images/TEST/MSIH/TCGA-F4-6703-01Z-00-DX1.28225f5d-d880-4605-831f-f22ec0272cde_(56752,53781).jpg",0.9999999,1.6687513e-07,1
"images/TEST/MSIH/TCGA-CK-6747-01Z-00-DX1.7824596c-84db-4bee-b149-cd8f617c285f_(77424,24278).jpg",0.99999964,3.0051237e-07,1
"images/TEST/MSIH/TCGA-AA-3877-01Z-00-DX1.36902310-bc0b-4437-9f86-6df85703e0ad_(56819,95254).jpg",0.9999995,4.6327534e-07,1
"images/TEST/MSIH/TCGA-CM-4743-01Z-00-DX1.f54a6355-5623-498c-96b9-2ff1de6576c6_(68835,63289).jpg",1.0,4.1163005e-08,1
"images/TEST/MSIH/TCGA-D5-6927-01Z-00-DX1.ff21d627-dbb8-4200-937b-f8be8b86b6d4_(70454,22587).jpg",0.99999976,1.9749687e-07,1
"images/TEST/MSIH/TCGA-A6-6653-01Z-00-DX1.e130666d-2681-4382-9e7a-4a4d27cb77a4_(87300,12490).jpg",0.9999999,1.0728681e-07,1
"images/TEST/MSIH/TCGA-AD-6895-01Z-00-DX1.7FB1FBC6-683B-4285-89D1-A7A20F07A9D4_(6795,4925).jpg",0.99999976,2.3204312e-07,1
"images/TEST/MSIH/TCGA-D5-6530-01Z-00-DX1.5c4bbcd1-51ba-467d-93f9-f2a9e7c5e010_(67859,61572).jpg",0.99999976,2.886221e-07,1
"images/TEST/MSIH/TCGA-AZ-6598-01Z-00-DX1.1fc4cd61-4524-413b-b36d-ad438785bc06_(21318,61256).jpg",0.9999999,1.486201e-07,1
"images/TEST/MSIH/TCGA-AA-3715-01Z-00-DX1.24d6e746-ad61-4587-a2b9-8903331b279c_(44003,47166).jpg",0.9999994,6.4059117e-07,1
"images/TEST/MSIH/TCGA-AA-3811-01Z-00-DX1.369d7946-911e-4e97-8ae7-32ef12b6b106_(10334,105833).jpg",0.99999964,3.5554248e-07,1
"images/TEST/MSIH/TCGA-D5-6530-01Z-00-DX1.5c4bbcd1-51ba-467d-93f9-f2a9e7c5e010_(48555,66652).jpg",0.9999989,1.0930436e-06,1
"images/TEST/MSIH/TCGA-D5-6927-01Z-00-DX1.ff21d627-dbb8-4200-937b-f8be8b86b6d4_(64358,23603).jpg",0.9999956,4.3829677e-06,1
"images/TEST/MSIH/TCGA-CM-6674-01Z-00-DX1.4a08b16a-788e-43dc-85d2-baff6e911de2_(35732,76729).jpg",1.0,4.4891312e-08,1
"images/TEST/MSIH/TCGA-CK-6747-01Z-00-DX1.7824596c-84db-4bee-b149-cd8f617c285f_(13416,16150).jpg",0.99999905,9.233981e-07,1
"images/TEST/MSIH/TCGA-CM-6674-01Z-00-DX1.4a08b16a-788e-43dc-85d2-baff6e911de2_(44876,72665).jpg",0.99999976,2.4616438e-07,1
"images/TEST/MSIH/TCGA-AA-3715-01Z-00-DX1.24d6e746-ad61-4587-a2b9-8903331b279c_(48407,46065).jpg",0.99999774,2.241071e-06,1
"images/TEST/MSIH/TCGA-CK-6746-01Z-00-DX1.0aae8eec-1e82-494b-8779-d79fea8bec0c_(33800,44501).jpg",0.9999994,5.8474586e-07,1
"images/TEST/MSIH/TCGA-A6-6653-01Z-00-DX1.e130666d-2681-4382-9e7a-4a4d27cb77a4_(86284,13506).jpg",0.99999964,3.3260073e-07,1
"images/TEST/MSIH/TCGA-AZ-6598-01Z-00-DX1.1fc4cd61-4524-413b-b36d-ad438785bc06_(87358,50080).jpg",0.99999976,2.2809209e-07,1
"images/TEST/MSIH/TCGA-QG-A5Z2-01Z-00-DX1.51896C31-235E-48EF-90F7-FC05350CA564_(43241,14464).jpg",0.99999964,3.9143626e-07,1
"images/TEST/MSIH/TCGA-CK-6746-01Z-00-DX1.0aae8eec-1e82-494b-8779-d79fea8bec0c_(61232,60757).jpg",0.9999999,1.4004934e-07,1
"images/TEST/MSIH/TCGA-AA-3877-01Z-00-DX1.36902310-bc0b-4437-9f86-6df85703e0ad_(55718,76537).jpg",0.9999999,1.7446851e-07,1
"images/TEST/MSIH/TCGA-QG-A5Z2-01Z-00-DX1.51896C31-235E-48EF-90F7-FC05350CA564_(67553,14464).jpg",0.99999976,2.5766482e-07,1
"images/TEST/MSIH/TCGA-AA-3950-01Z-00-DX1.2a81cf11-4c16-4e9e-8809-6f63152060da_(42039,72303).jpg",0.9999999,6.17355e-08,1
"images/TEST/MSIH/TCGA-AA-3811-01Z-00-DX1.369d7946-911e-4e97-8ae7-32ef12b6b106_(20243,91520).jpg",0.9999994,5.602339e-07,1
"images/TEST/MSIH/TCGA-CM-6674-01Z-00-DX1.4a08b16a-788e-43dc-85d2-baff6e911de2_(33700,68601).jpg",0.9999999,1.3766142e-07,1
"images/TEST/MSIH/TCGA-AD-A5EJ-01Z-00-DX1.FA56CEAF-8B70-45EF-A2C9-8AA7BEB3D88A_(6822,20043).jpg",0.9999995,5.0977303e-07,1
"images/TEST/MSIH/TCGA-AD-A5EJ-01Z-00-DX1.FA56CEAF-8B70-45EF-A2C9-8AA7BEB3D88A_(28158,18011).jpg",0.9999989,1.0487885e-06,1
"images/TEST/MSIH/TCGA-AD-6895-01Z-00-DX1.7FB1FBC6-683B-4285-89D1-A7A20F07A9D4_(10859,12037).jpg",0.9999999,8.3954106e-08,1
"images/TEST/MSIH/TCGA-D5-6927-01Z-00-DX1.ff21d627-dbb8-4200-937b-f8be8b86b6d4_(66390,14459).jpg",0.99999976,2.9065953e-07,1
"images/TEST/MSIH/TCGA-D5-6530-01Z-00-DX1.5c4bbcd1-51ba-467d-93f9-f2a9e7c5e010_(16043,50396).jpg",0.99999845,1.5123821e-06,1
"images/TEST/MSIH/TCGA-AA-3811-01Z-00-DX1.369d7946-911e-4e97-8ae7-32ef12b6b106_(10334,97025).jpg",0.9999999,1.6324375e-07,1
"images/TEST/MSIH/TCGA-D5-6927-01Z-00-DX1.ff21d627-dbb8-4200-937b-f8be8b86b6d4_(67406,19539).jpg",0.99999917,7.781949e-07,1
"images/TEST/MSIH/TCGA-G4-6309-01Z-00-DX1.3eb20fdc-eb86-4bd5-8194-76b02d4fa472_(36486,59438).jpg",0.9999993,7.223229e-07,1
"images/TEST/MSIH/TCGA-CK-6746-01Z-00-DX1.0aae8eec-1e82-494b-8779-d79fea8bec0c_(40912,52629).jpg",0.9999975,2.4879075e-06,1
"images/TEST/MSIH/TCGA-D5-6530-01Z-00-DX1.5c4bbcd1-51ba-467d-93f9-f2a9e7c5e010_(83099,72748).jpg",0.99999976,1.8342699e-07,1
"images/TEST/MSIH/TCGA-AD-A5EJ-01Z-00-DX1.FA56CEAF-8B70-45EF-A2C9-8AA7BEB3D88A_(9870,30203).jpg",0.99999905,9.4763175e-07,1
"images/TEST/MSIH/TCGA-AA-3950-01Z-00-DX1.2a81cf11-4c16-4e9e-8809-6f63152060da_(39837,86616).jpg",0.9999994,6.33552e-07,1
"images/TEST/MSIH/TCGA-QG-A5Z2-01Z-00-DX1.51896C31-235E-48EF-90F7-FC05350CA564_(65527,52958).jpg",0.9999999,1.4910606e-07,1
"images/TEST/MSIH/TCGA-AA-A01P-01Z-00-DX1.D7AAA4F0-C956-4346-8948-DADACDFB3B69_(71137,94489).jpg",0.99999857,1.4783416e-06,1
"images/TEST/MSIH/TCGA-AA-A01P-01Z-00-DX1.D7AAA4F0-C956-4346-8948-DADACDFB3B69_(25996,71368).jpg",0.9999995,4.3259502e-07,1
"images/TEST/MSIH/TCGA-CM-6674-01Z-00-DX1.4a08b16a-788e-43dc-85d2-baff6e911de2_(56052,68601).jpg",0.99999964,3.8666124e-07,1
"images/TEST/MSIH/TCGA-CK-6747-01Z-00-DX1.7824596c-84db-4bee-b149-cd8f617c285f_(38816,17166).jpg",0.99999976,2.1427842e-07,1
"images/TEST/MSIH/TCGA-AA-A01P-01Z-00-DX1.D7AAA4F0-C956-4346-8948-DADACDFB3B69_(57925,68065).jpg",0.99999964,3.431606e-07,1
"images/TEST/MSIH/TCGA-A6-6653-01Z-00-DX1.e130666d-2681-4382-9e7a-4a4d27cb77a4_(92380,25698).jpg",0.99999964,3.5045815e-07,1
"images/TEST/MSIH/TCGA-CK-6747-01Z-00-DX1.7824596c-84db-4bee-b149-cd8f617c285f_(83520,30374).jpg",0.99999964,4.1174087e-07,1
"images/TEST/MSIH/TCGA-CM-6674-01Z-00-DX1.4a08b16a-788e-43dc-85d2-baff6e911de2_(29636,61489).jpg",0.9999999,1.567928e-07,1
"images/TEST/MSIH/TCGA-CM-6674-01Z-00-DX1.4a08b16a-788e-43dc-85d2-baff6e911de2_(26588,65553).jpg",0.9999999,6.554172e-08,1
"images/TEST/MSIH/TCGA-CM-4743-01Z-00-DX1.f54a6355-5623-498c-96b9-2ff1de6576c6_(21083,42969).jpg",0.9999995,4.8089015e-07,1
"images/TEST/MSIH/TCGA-CK-6746-01Z-00-DX1.0aae8eec-1e82-494b-8779-d79fea8bec0c_(44976,56693).jpg",0.99999964,3.205684e-07,1
"images/TEST/MSIH/TCGA-D5-6927-01Z-00-DX1.ff21d627-dbb8-4200-937b-f8be8b86b6d4_(73502,16491).jpg",0.99999917,8.19766e-07,1
"images/TEST/MSIH/TCGA-CK-6746-01Z-00-DX1.0aae8eec-1e82-494b-8779-d79fea8bec0c_(38880,65837).jpg",0.9999999,6.49957e-08,1
"images/TEST/MSIH/TCGA-AD-6889-01Z-00-DX1.5269A81E-5391-4875-8F2A-6505BC5BBFD9_(45363,31630).jpg",0.9999982,1.7841485e-06,1
"images/TEST/MSIH/TCGA-AA-A01P-01Z-00-DX1.D7AAA4F0-C956-4346-8948-DADACDFB3B69_(65632,92287).jpg",0.9999999,1.5110069e-07,1
"images/TEST/MSIH/TCGA-AA-3877-01Z-00-DX1.36902310-bc0b-4437-9f86-6df85703e0ad_(51314,79840).jpg",0.99999964,2.9898789e-07,1
"images/TEST/MSIH/TCGA-D5-6530-01Z-00-DX1.5c4bbcd1-51ba-467d-93f9-f2a9e7c5e010_(14011,66652).jpg",0.9999999,1.7327727e-07,1
"images/TEST/MSIH/TCGA-AA-3715-01Z-00-DX1.24d6e746-ad61-4587-a2b9-8903331b279c_(53912,37257).jpg",0.9999988,1.2375745e-06,1
"images/TEST/MSIH/TCGA-AD-6889-01Z-00-DX1.5269A81E-5391-4875-8F2A-6505BC5BBFD9_(18947,42806).jpg",0.9999901,9.932148e-06,1
"images/TEST/MSIH/TCGA-AA-3811-01Z-00-DX1.369d7946-911e-4e97-8ae7-32ef12b6b106_(10334,102530).jpg",0.99999964,3.3277902e-07,1
"images/TEST/MSIH/TCGA-AA-3877-01Z-00-DX1.36902310-bc0b-4437-9f86-6df85703e0ad_(55718,100759).jpg",0.99999964,4.1438173e-07,1
"images/TEST/MSIH/TCGA-D5-6927-01Z-00-DX1.ff21d627-dbb8-4200-937b-f8be8b86b6d4_(72486,17507).jpg",0.99999905,9.593894e-07,1
"images/TEST/MSIH/TCGA-AD-A5EJ-01Z-00-DX1.FA56CEAF-8B70-45EF-A2C9-8AA7BEB3D88A_(10886,15979).jpg",0.99999964,3.7423987e-07,1
"images/TEST/MSIH/TCGA-AA-3950-01Z-00-DX1.2a81cf11-4c16-4e9e-8809-6f63152060da_(37635,88818).jpg",0.9999999,1.1236315e-07,1
"images/TEST/MSIH/TCGA-CK-6747-01Z-00-DX1.7824596c-84db-4bee-b149-cd8f617c285f_(26624,10054).jpg",0.9999999,1.4640334e-07,1
"images/TEST/MSIH/TCGA-AD-A5EJ-01Z-00-DX1.FA56CEAF-8B70-45EF-A2C9-8AA7BEB3D88A_(12918,33251).jpg",0.9999993,6.899661e-07,1
"images/TEST/MSIH/TCGA-AZ-6598-01Z-00-DX1.1fc4cd61-4524-413b-b36d-ad438785bc06_(41638,43984).jpg",0.9999999,8.311508e-08,1
"images/TEST/MSIH/TCGA-CM-4743-01Z-00-DX1.f54a6355-5623-498c-96b9-2ff1de6576c6_(51563,61257).jpg",0.99999976,2.7896579e-07,1
"images/TEST/MSIH/TCGA-QG-A5Z2-01Z-00-DX2.F2352352-8F00-4BB3-8A62-8D1C1E374F95_(15380,39994).jpg",0.9999994,5.6165584e-07,1
"images/TEST/MSIH/TCGA-AA-A01P-01Z-00-DX1.D7AAA4F0-C956-4346-8948-DADACDFB3B69_(71137,88984).jpg",0.9999994,5.491257e-07,1
"images/TEST/MSIH/TCGA-A6-6653-01Z-00-DX1.e130666d-2681-4382-9e7a-4a4d27cb77a4_(101524,6394).jpg",0.99999976,2.0717933e-07,1
"images/TEST/MSIH/TCGA-CK-6746-01Z-00-DX1.0aae8eec-1e82-494b-8779-d79fea8bec0c_(58184,65837).jpg",1.0,4.999017e-08,1
"images/TEST/MSIH/TCGA-AZ-6598-01Z-00-DX1.1fc4cd61-4524-413b-b36d-ad438785bc06_(72118,57192).jpg",0.99999976,2.8188e-07,1
"images/TEST/MSIH/TCGA-AD-A5EJ-01Z-00-DX1.FA56CEAF-8B70-45EF-A2C9-8AA7BEB3D88A_(21046,16995).jpg",0.9999999,7.821489e-08,1
"images/TEST/MSIH/TCGA-AD-6889-01Z-00-DX1.5269A81E-5391-4875-8F2A-6505BC5BBFD9_(50443,21470).jpg",0.99999964,3.3213416e-07,1
"images/TEST/MSIH/TCGA-CM-4743-01Z-00-DX1.f54a6355-5623-498c-96b9-2ff1de6576c6_(28195,82593).jpg",0.99999964,4.0715588e-07,1
"images/TEST/MSIH/TCGA-F4-6703-01Z-00-DX1.28225f5d-d880-4605-831f-f22ec0272cde_(103488,65973).jpg",0.99999976,2.1409313e-07,1
"images/TEST/MSIH/TCGA-CM-4746-01Z-00-DX1.c83b9795-bf45-4100-9052-a7e485e0f770_(31109,16027).jpg",0.9999995,4.185815e-07,1
"images/TEST/MSIH/TCGA-AA-3950-01Z-00-DX1.2a81cf11-4c16-4e9e-8809-6f63152060da_(61857,69000).jpg",0.9999995,4.2788471e-07,1
"images/TEST/MSIH/TCGA-A6-6653-01Z-00-DX1.e130666d-2681-4382-9e7a-4a4d27cb77a4_(91364,15538).jpg",0.99999964,3.0397993e-07,1
"images/TEST/MSIH/TCGA-CK-6746-01Z-00-DX1.0aae8eec-1e82-494b-8779-d79fea8bec0c_(20592,56693).jpg",0.9999999,9.807893e-08,1
"images/TEST/MSIH/TCGA-AA-3715-01Z-00-DX1.24d6e746-ad61-4587-a2b9-8903331b279c_(42902,46065).jpg",0.99999976,2.7058928e-07,1
"images/TEST/MSIH/TCGA-QG-A5Z2-01Z-00-DX1.51896C31-235E-48EF-90F7-FC05350CA564_(56410,23581).jpg",0.9999989,1.0293667e-06,1
"images/TEST/MSIH/TCGA-D5-6530-01Z-00-DX1.5c4bbcd1-51ba-467d-93f9-f2a9e7c5e010_(50587,70716).jpg",0.9999995,4.5851948e-07,1
"images/TEST/MSIH/TCGA-AA-A01P-01Z-00-DX1.D7AAA4F0-C956-4346-8948-DADACDFB3B69_(48016,72469).jpg",0.9999993,6.584638e-07,1
"images/TEST/MSIH/TCGA-CK-6747-01Z-00-DX1.7824596c-84db-4bee-b149-cd8f617c285f_(89616,13102).jpg",0.99999976,1.8632586e-07,1
"images/TEST/MSIH/TCGA-AD-A5EJ-01Z-00-DX1.FA56CEAF-8B70-45EF-A2C9-8AA7BEB3D88A_(19014,21059).jpg",0.99999976,2.3906398e-07,1
"images/TEST/MSIH/TCGA-AD-6895-01Z-00-DX1.7FB1FBC6-683B-4285-89D1-A7A20F07A9D4_(10859,6957).jpg",0.99999964,3.9384548e-07,1
"images/TEST/MSIH/TCGA-AA-3811-01Z-00-DX1.369d7946-911e-4e97-8ae7-32ef12b6b106_(13637,92621).jpg",0.99999976,2.0381175e-07,1
"images/TEST/MSIH/TCGA-AA-3715-01Z-00-DX1.24d6e746-ad61-4587-a2b9-8903331b279c_(41801,48267).jpg",0.9999969,3.0557235e-06,1
"images/TEST/MSIH/TCGA-AD-6895-01Z-00-DX1.7FB1FBC6-683B-4285-89D1-A7A20F07A9D4_(4763,861).jpg",0.9999999,9.345878e-08,1
"images/TEST/MSIH/TCGA-QG-A5Z2-01Z-00-DX1.51896C31-235E-48EF-90F7-FC05350CA564_(82748,15477).jpg",0.9999995,5.178433e-07,1
"images/TEST/MSIH/TCGA-AA-3950-01Z-00-DX1.2a81cf11-4c16-4e9e-8809-6f63152060da_(42039,88818).jpg",0.9999999,1.7370132e-07,1
"images/TEST/MSIH/TCGA-QG-A5Z2-01Z-00-DX1.51896C31-235E-48EF-90F7-FC05350CA564_(81735,14464).jpg",0.9999962,3.8405597e-06,1
"images/TEST/MSIH/TCGA-D5-6927-01Z-00-DX1.ff21d627-dbb8-4200-937b-f8be8b86b6d4_(61310,11411).jpg",0.9999999,1.7461898e-07,1
"images/TEST/MSIH/TCGA-AD-6889-01Z-00-DX1.5269A81E-5391-4875-8F2A-6505BC5BBFD9_(21995,4198).jpg",0.99999964,4.1001908e-07,1
"images/TEST/MSIH/TCGA-AD-A5EJ-01Z-00-DX1.FA56CEAF-8B70-45EF-A2C9-8AA7BEB3D88A_(22062,8867).jpg",0.9999999,1.2161061e-07,1
"images/TEST/MSIH/TCGA-CM-6674-01Z-00-DX1.4a08b16a-788e-43dc-85d2-baff6e911de2_(73324,57425).jpg",0.99999976,2.5558796e-07,1
"images/TEST/MSIH/TCGA-QG-A5Z2-01Z-00-DX1.51896C31-235E-48EF-90F7-FC05350CA564_(79709,21555).jpg",0.9999995,4.5309588e-07,1
"images/TEST/MSIH/TCGA-AZ-6598-01Z-00-DX1.1fc4cd61-4524-413b-b36d-ad438785bc06_(36558,62272).jpg",0.9999999,1.3159995e-07,1
"images/TEST/MSIH/TCGA-F4-6703-01Z-00-DX1.28225f5d-d880-4605-831f-f22ec0272cde_(86216,61909).jpg",0.9999999,7.568465e-08,1
"images/TEST/MSIH/TCGA-AD-6895-01Z-00-DX1.7FB1FBC6-683B-4285-89D1-A7A20F07A9D4_(2731,6957).jpg",0.99999976,2.350741e-07,1
"images/TEST/MSIH/TCGA-CM-4743-01Z-00-DX1.f54a6355-5623-498c-96b9-2ff1de6576c6_(71883,57193).jpg",0.99999976,1.965763e-07,1
"images/TEST/MSIH/TCGA-CM-4746-01Z-00-DX1.c83b9795-bf45-4100-9052-a7e485e0f770_(32125,28219).jpg",0.99999964,3.9705785e-07,1
"images/TEST/MSIH/TCGA-AA-3811-01Z-00-DX1.369d7946-911e-4e97-8ae7-32ef12b6b106_(5930,89318).jpg",0.9999999,1.3107787e-07,1
"images/TEST/MSIH/TCGA-D5-6927-01Z-00-DX1.ff21d627-dbb8-4200-937b-f8be8b86b6d4_(81630,9379).jpg",0.9999995,5.223579e-07,1
"images/TEST/MSIH/TCGA-QG-A5Z2-01Z-00-DX1.51896C31-235E-48EF-90F7-FC05350CA564_(80722,32698).jpg",0.9999995,5.3627843e-07,1
"images/TEST/MSIH/TCGA-F4-6703-01Z-00-DX1.28225f5d-d880-4605-831f-f22ec0272cde_(93328,63941).jpg",0.99999964,3.4012825e-07,1
"images/TEST/MSIH/TCGA-D5-6927-01Z-00-DX1.ff21d627-dbb8-4200-937b-f8be8b86b6d4_(90774,17507).jpg",0.9999993,6.823909e-07,1
"images/TEST/MSIH/TCGA-AD-6895-01Z-00-DX1.7FB1FBC6-683B-4285-89D1-A7A20F07A9D4_(9843,5941).jpg",1.0,2.9558935e-08,1
"images/TEST/MSIH/TCGA-QG-A5Z2-01Z-00-DX1.51896C31-235E-48EF-90F7-FC05350CA564_(76670,48906).jpg",0.99999976,2.7135783e-07,1
"images/TEST/MSIH/TCGA-QG-A5Z2-01Z-00-DX1.51896C31-235E-48EF-90F7-FC05350CA564_(72618,50932).jpg",0.9999989,1.0695699e-06,1
"images/TEST/MSIH/TCGA-AA-3950-01Z-00-DX1.2a81cf11-4c16-4e9e-8809-6f63152060da_(57453,75606).jpg",0.9999999,1.6760177e-07,1
"images/TEST/MSIH/TCGA-AA-3811-01Z-00-DX1.369d7946-911e-4e97-8ae7-32ef12b6b106_(10334,117944).jpg",0.9999999,8.7782176e-08,1
"images/TEST/MSIH/TCGA-CM-4743-01Z-00-DX1.f54a6355-5623-498c-96b9-2ff1de6576c6_(52579,71417).jpg",0.9999987,1.3316343e-06,1
"images/TEST/MSIH/TCGA-AZ-6598-01Z-00-DX1.1fc4cd61-4524-413b-b36d-ad438785bc06_(36558,65320).jpg",0.99999976,2.4975776e-07,1
"images/TEST/MSIH/TCGA-AA-A01P-01Z-00-DX1.D7AAA4F0-C956-4346-8948-DADACDFB3B69_(71137,98893).jpg",0.9999994,6.165266e-07,1
"images/TEST/MSIH/TCGA-D5-6530-01Z-00-DX1.5c4bbcd1-51ba-467d-93f9-f2a9e7c5e010_(71923,60556).jpg",0.99999976,2.8656072e-07,1
"images/TEST/MSIH/TCGA-QG-A5Z2-01Z-00-DX1.51896C31-235E-48EF-90F7-FC05350CA564_(61475,72205).jpg",0.9999999,1.239744e-07,1
"images/TEST/MSIH/TCGA-AA-A01P-01Z-00-DX1.D7AAA4F0-C956-4346-8948-DADACDFB3B69_(42511,86782).jpg",0.99999976,2.3603558e-07,1
"images/TEST/MSIH/TCGA-AZ-6598-01Z-00-DX1.1fc4cd61-4524-413b-b36d-ad438785bc06_(84310,48048).jpg",0.9999995,5.0043684e-07,1
"images/TEST/MSIH/TCGA-AA-3811-01Z-00-DX1.369d7946-911e-4e97-8ae7-32ef12b6b106_(14738,94823).jpg",0.99999976,2.3377743e-07,1
"images/TEST/MSIH/TCGA-AA-3715-01Z-00-DX1.24d6e746-ad61-4587-a2b9-8903331b279c_(44003,42762).jpg",0.9999993,7.1867777e-07,1
"images/TEST/MSIH/TCGA-AD-6895-01Z-00-DX1.7FB1FBC6-683B-4285-89D1-A7A20F07A9D4_(4763,5941).jpg",0.9999994,5.52123e-07,1
"images/TEST/MSIH/TCGA-A6-6653-01Z-00-DX1.e130666d-2681-4382-9e7a-4a4d27cb77a4_(92380,9442).jpg",0.99999976,2.4747854e-07,1
"images/TEST/MSIH/TCGA-F4-6703-01Z-00-DX1.28225f5d-d880-4605-831f-f22ec0272cde_(88248,59877).jpg",0.9999999,1.6470322e-07,1
"images/TEST/MSIH/TCGA-G4-6309-01Z-00-DX1.3eb20fdc-eb86-4bd5-8194-76b02d4fa472_(82206,48262).jpg",0.99999976,2.473155e-07,1
"images/TEST/MSIH/TCGA-AA-3950-01Z-00-DX1.2a81cf11-4c16-4e9e-8809-6f63152060da_(46443,78909).jpg",1.0,5.5604072e-08,1
"images/TEST/MSIH/TCGA-AA-3811-01Z-00-DX1.369d7946-911e-4e97-8ae7-32ef12b6b106_(7031,90419).jpg",0.9999999,7.467204e-08,1
"images/TEST/MSIH/TCGA-AA-3811-01Z-00-DX1.369d7946-911e-4e97-8ae7-32ef12b6b106_(10334,92621).jpg",0.99999964,3.2252422e-07,1
"images/TEST/MSIH/TCGA-AA-A01P-01Z-00-DX1.D7AAA4F0-C956-4346-8948-DADACDFB3B69_(64531,94489).jpg",0.9999995,4.2309296e-07,1
"images/TEST/MSIH/TCGA-AD-6889-01Z-00-DX1.5269A81E-5391-4875-8F2A-6505BC5BBFD9_(40283,54998).jpg",0.99999774,2.2500783e-06,1
"images/TEST/MSIH/TCGA-F4-6703-01Z-00-DX1.28225f5d-d880-4605-831f-f22ec0272cde_(85200,38541).jpg",0.9999999,8.323184e-08,1
"images/TEST/MSIH/TCGA-AD-6895-01Z-00-DX1.7FB1FBC6-683B-4285-89D1-A7A20F07A9D4_(2731,8989).jpg",0.99999964,3.7014135e-07,1
"images/TEST/MSIH/TCGA-CK-6747-01Z-00-DX1.7824596c-84db-4bee-b149-cd8f617c285f_(33736,36470).jpg",0.99999857,1.4631279e-06,1
"images/TEST/MSIH/TCGA-G4-6309-01Z-00-DX1.3eb20fdc-eb86-4bd5-8194-76b02d4fa472_(29374,58422).jpg",0.99999964,3.282559e-07,1
"images/TEST/MSIH/TCGA-D5-6927-01Z-00-DX1.ff21d627-dbb8-4200-937b-f8be8b86b6d4_(64358,21571).jpg",0.99999905,9.192141e-07,1
"images/TEST/MSIH/TCGA-AA-3715-01Z-00-DX1.24d6e746-ad61-4587-a2b9-8903331b279c_(39599,44964).jpg",0.9999995,4.2964052e-07,1
"images/TEST/MSIH/TCGA-CM-4743-01Z-00-DX1.f54a6355-5623-498c-96b9-2ff1de6576c6_(92203,55161).jpg",0.99999976,1.8377334e-07,1
"images/TEST/MSIH/TCGA-AA-3877-01Z-00-DX1.36902310-bc0b-4437-9f86-6df85703e0ad_(68930,91951).jpg",0.99999976,2.1353485e-07,1
"images/TEST/MSIH/TCGA-AD-6895-01Z-00-DX1.7FB1FBC6-683B-4285-89D1-A7A20F07A9D4_(5779,4925).jpg",0.9999999,1.4553774e-07,1
"images/TEST/MSIH/TCGA-AA-3877-01Z-00-DX1.36902310-bc0b-4437-9f86-6df85703e0ad_(62324,95254).jpg",0.99999964,4.0768197e-07,1
"images/TEST/MSIH/TCGA-CM-4746-01Z-00-DX1.c83b9795-bf45-4100-9052-a7e485e0f770_(92069,44475).jpg",0.9999994,5.449281e-07,1
"images/TEST/MSIH/TCGA-AD-6895-01Z-00-DX1.7FB1FBC6-683B-4285-89D1-A7A20F07A9D4_(10859,8989).jpg",0.99999964,3.1375075e-07,1
"images/TEST/MSIH/TCGA-D5-6927-01Z-00-DX1.ff21d627-dbb8-4200-937b-f8be8b86b6d4_(68422,16491).jpg",0.99999976,2.4885622e-07,1
"images/TEST/MSIH/TCGA-D5-6530-01Z-00-DX1.5c4bbcd1-51ba-467d-93f9-f2a9e7c5e010_(75987,70716).jpg",0.99999964,3.6992995e-07,1
"images/TEST/MSIH/TCGA-AA-3811-01Z-00-DX1.369d7946-911e-4e97-8ae7-32ef12b6b106_(10334,101429).jpg",1.0,4.547838e-08,1
"images/TEST/MSIH/TCGA-CK-6747-01Z-00-DX1.7824596c-84db-4bee-b149-cd8f617c285f_(68280,8022).jpg",0.9999989,1.0788102e-06,1
"images/TEST/MSIH/TCGA-CK-6746-01Z-00-DX1.0aae8eec-1e82-494b-8779-d79fea8bec0c_(61232,67869).jpg",0.99999857,1.4489283e-06,1
"images/TEST/MSIH/TCGA-F4-6703-01Z-00-DX1.28225f5d-d880-4605-831f-f22ec0272cde_(96376,51749).jpg",0.99999905,9.305311e-07,1
"images/TEST/MSIH/TCGA-CK-6746-01Z-00-DX1.0aae8eec-1e82-494b-8779-d79fea8bec0c_(61232,62789).jpg",0.9999999,7.5656644e-08,1
"images/TEST/MSIH/TCGA-CM-6674-01Z-00-DX1.4a08b16a-788e-43dc-85d2-baff6e911de2_(38780,55393).jpg",0.9999993,7.729045e-07,1
"images/TEST/MSIH/TCGA-CM-6674-01Z-00-DX1.4a08b16a-788e-43dc-85d2-baff6e911de2_(17444,73681).jpg",0.9999995,5.046573e-07,1
"images/TEST/MSIH/TCGA-D5-6530-01Z-00-DX1.5c4bbcd1-51ba-467d-93f9-f2a9e7c5e010_(17059,65636).jpg",0.99999976,2.2145551e-07,1
"images/TEST/MSIH/TCGA-CM-6674-01Z-00-DX1.4a08b16a-788e-43dc-85d2-baff6e911de2_(107868,67585).jpg",0.99999976,1.8600468e-07,1
"images/TEST/MSIH/TCGA-F4-6703-01Z-00-DX1.28225f5d-d880-4605-831f-f22ec0272cde_(51672,54797).jpg",0.9999989,1.034709e-06,1
"images/TEST/MSIH/TCGA-AD-A5EJ-01Z-00-DX1.FA56CEAF-8B70-45EF-A2C9-8AA7BEB3D88A_(15966,27155).jpg",0.99999964,3.1814804e-07,1
"images/TEST/MSIH/TCGA-AA-A01P-01Z-00-DX1.D7AAA4F0-C956-4346-8948-DADACDFB3B69_(41410,70267).jpg",0.9999995,5.191229e-07,1
"images/TEST/MSIH/TCGA-QG-A5Z2-01Z-00-DX2.F2352352-8F00-4BB3-8A62-8D1C1E374F95_(13354,48098).jpg",0.9999995,4.983604e-07,1
"images/TEST/MSIH/TCGA-CK-6747-01Z-00-DX1.7824596c-84db-4bee-b149-cd8f617c285f_(86568,8022).jpg",0.9999995,4.8571076e-07,1
"images/TEST/MSIH/TCGA-AD-6895-01Z-00-DX1.7FB1FBC6-683B-4285-89D1-A7A20F07A9D4_(11875,3909).jpg",0.9999994,6.095985e-07,1
"images/TEST/MSIH/TCGA-AA-A01P-01Z-00-DX1.D7AAA4F0-C956-4346-8948-DADACDFB3B69_(72238,88984).jpg",0.99999917,7.767387e-07,1
"images/TEST/MSIH/TCGA-AA-3715-01Z-00-DX1.24d6e746-ad61-4587-a2b9-8903331b279c_(42902,47166).jpg",0.99999917,8.047756e-07,1
"images/TEST/MSIH/TCGA-AA-3715-01Z-00-DX1.24d6e746-ad61-4587-a2b9-8903331b279c_(23084,46065).jpg",0.99999857,1.3833288e-06,1
"images/TEST/MSIH/TCGA-AA-3715-01Z-00-DX1.24d6e746-ad61-4587-a2b9-8903331b279c_(21983,38358).jpg",0.9999987,1.3221008e-06,1
"images/TEST/MSIH/TCGA-AA-3877-01Z-00-DX1.36902310-bc0b-4437-9f86-6df85703e0ad_(72233,80941).jpg",0.9999999,1.549986e-07,1
"images/TEST/MSIH/TCGA-AA-3715-01Z-00-DX1.24d6e746-ad61-4587-a2b9-8903331b279c_(18680,41661).jpg",0.99999917,8.6464735e-07,1
"images/TEST/MSIH/TCGA-CM-4743-01Z-00-DX1.f54a6355-5623-498c-96b9-2ff1de6576c6_(20067,82593).jpg",0.99999976,2.4802364e-07,1
"images/TEST/MSIH/TCGA-QG-A5Z2-01Z-00-DX2.F2352352-8F00-4BB3-8A62-8D1C1E374F95_(37666,17708).jpg",0.9999995,4.6933476e-07,1
"images/TEST/MSIH/TCGA-AA-3950-01Z-00-DX1.2a81cf11-4c16-4e9e-8809-6f63152060da_(40938,91020).jpg",0.9999999,1.2252164e-07,1
"images/TEST/MSIH/TCGA-CM-4743-01Z-00-DX1.f54a6355-5623-498c-96b9-2ff1de6576c6_(23115,80561).jpg",0.99999964,3.0884732e-07,1
"images/TEST/MSIH/TCGA-F4-6703-01Z-00-DX1.28225f5d-d880-4605-831f-f22ec0272cde_(77072,62925).jpg",1.0,5.1293114e-08,1
"images/TEST/MSIH/TCGA-G4-6309-01Z-00-DX1.3eb20fdc-eb86-4bd5-8194-76b02d4fa472_(43598,58422).jpg",0.99999833,1.6757506e-06,1
"images/TEST/MSIH/TCGA-D5-6530-01Z-00-DX1.5c4bbcd1-51ba-467d-93f9-f2a9e7c5e010_(19091,51412).jpg",0.9999981,1.954832e-06,1
"images/TEST/MSIH/TCGA-AA-3950-01Z-00-DX1.2a81cf11-4c16-4e9e-8809-6f63152060da_(43140,71202).jpg",0.99999976,2.9683238e-07,1
"images/TEST/MSIH/TCGA-CM-6674-01Z-00-DX1.4a08b16a-788e-43dc-85d2-baff6e911de2_(60116,70633).jpg",0.9999994,5.658969e-07,1
"images/TEST/MSIH/TCGA-QG-A5Z2-01Z-00-DX2.F2352352-8F00-4BB3-8A62-8D1C1E374F95_(42731,74436).jpg",0.9999993,7.008128e-07,1
"images/TEST/MSIH/TCGA-F4-6703-01Z-00-DX1.28225f5d-d880-4605-831f-f22ec0272cde_(99424,57845).jpg",0.99999964,3.5716897e-07,1
"images/TEST/MSIH/TCGA-D5-6530-01Z-00-DX1.5c4bbcd1-51ba-467d-93f9-f2a9e7c5e010_(48555,63604).jpg",0.9999994,6.3297347e-07,1
"images/TEST/MSIH/TCGA-QG-A5Z2-01Z-00-DX1.51896C31-235E-48EF-90F7-FC05350CA564_(62488,71192).jpg",0.99999964,3.1879557e-07,1
"images/TEST/MSIH/TCGA-CM-4746-01Z-00-DX1.c83b9795-bf45-4100-9052-a7e485e0f770_(90037,33299).jpg",0.9999994,6.123732e-07,1
"images/TEST/MSIH/TCGA-AA-3811-01Z-00-DX1.369d7946-911e-4e97-8ae7-32ef12b6b106_(13637,93722).jpg",0.9999995,4.3360035e-07,1
"images/TEST/MSIH/TCGA-AA-3811-01Z-00-DX1.369d7946-911e-4e97-8ae7-32ef12b6b106_(5930,110237).jpg",0.9999999,1.4300564e-07,1
"images/TEST/MSIH/TCGA-QG-A5Z2-01Z-00-DX2.F2352352-8F00-4BB3-8A62-8D1C1E374F95_(14367,39994).jpg",0.99999964,3.44392e-07,1
"images/TEST/MSIH/TCGA-CK-6746-01Z-00-DX1.0aae8eec-1e82-494b-8779-d79fea8bec0c_(43960,65837).jpg",0.9999999,1.4464182e-07,1
"images/TEST/MSIH/TCGA-CM-6674-01Z-00-DX1.4a08b16a-788e-43dc-85d2-baff6e911de2_(37764,63521).jpg",0.9999993,7.024482e-07,1
"images/TEST/MSIH/TCGA-G4-6309-01Z-00-DX1.3eb20fdc-eb86-4bd5-8194-76b02d4fa472_(47662,58422).jpg",0.999997,3.0192623e-06,1
"images/TEST/MSIH/TCGA-AD-6889-01Z-00-DX1.5269A81E-5391-4875-8F2A-6505BC5BBFD9_(28091,46870).jpg",0.999997,3.009454e-06,1
"images/TEST/MSIH/TCGA-CK-6746-01Z-00-DX1.0aae8eec-1e82-494b-8779-d79fea8bec0c_(7384,65837).jpg",1.0,3.935608e-08,1
"images/TEST/MSIH/TCGA-F4-6703-01Z-00-DX1.28225f5d-d880-4605-831f-f22ec0272cde_(91296,54797).jpg",0.9999999,7.2398095e-08,1
"images/TEST/MSIH/TCGA-CM-6674-01Z-00-DX1.4a08b16a-788e-43dc-85d2-baff6e911de2_(70276,73681).jpg",0.99999976,2.9000523e-07,1
"images/TEST/MSIH/TCGA-CK-6747-01Z-00-DX1.7824596c-84db-4bee-b149-cd8f617c285f_(75392,14118).jpg",0.9999999,1.6393551e-07,1
"images/TEST/MSIH/TCGA-A6-6653-01Z-00-DX1.e130666d-2681-4382-9e7a-4a4d27cb77a4_(95428,5378).jpg",0.9999993,7.0530234e-07,1
"images/TEST/MSIH/TCGA-AA-3811-01Z-00-DX1.369d7946-911e-4e97-8ae7-32ef12b6b106_(4829,103631).jpg",0.9999995,4.3605857e-07,1
"images/TEST/MSIH/TCGA-CK-6747-01Z-00-DX1.7824596c-84db-4bee-b149-cd8f617c285f_(45928,13102).jpg",0.99999976,1.9782298e-07,1
"images/TEST/MSIH/TCGA-F4-6703-01Z-00-DX1.28225f5d-d880-4605-831f-f22ec0272cde_(102472,68005).jpg",0.9999999,7.618404e-08,1
"images/TEST/MSIH/TCGA-AZ-6598-01Z-00-DX1.1fc4cd61-4524-413b-b36d-ad438785bc06_(40622,49064).jpg",0.9999994,6.4532486e-07,1
"images/TEST/MSIH/TCGA-AZ-6598-01Z-00-DX1.1fc4cd61-4524-413b-b36d-ad438785bc06_(26398,57192).jpg",0.99999964,3.957408e-07,1
"images/TEST/MSIH/TCGA-QG-A5Z2-01Z-00-DX1.51896C31-235E-48EF-90F7-FC05350CA564_(57423,14464).jpg",0.99999976,2.837591e-07,1
"images/TEST/MSIH/TCGA-AD-6895-01Z-00-DX1.7FB1FBC6-683B-4285-89D1-A7A20F07A9D4_(18987,12037).jpg",0.9999993,7.279451e-07,1
"images/TEST/MSIH/TCGA-AA-3877-01Z-00-DX1.36902310-bc0b-4437-9f86-6df85703e0ad_(43607,91951).jpg",0.9999994,5.691356e-07,1
"images/TEST/MSIH/TCGA-AD-A5EJ-01Z-00-DX1.FA56CEAF-8B70-45EF-A2C9-8AA7BEB3D88A_(8854,21059).jpg",0.99999976,2.423336e-07,1
"images/TEST/MSIH/TCGA-AA-A01P-01Z-00-DX1.D7AAA4F0-C956-4346-8948-DADACDFB3B69_(57925,82378).jpg",0.99999964,3.2223858e-07,1
"images/TEST/MSIH/TCGA-AD-6889-01Z-00-DX1.5269A81E-5391-4875-8F2A-6505BC5BBFD9_(25043,35694).jpg",0.99999726,2.701486e-06,1
"images/TEST/MSIH/TCGA-F4-6703-01Z-00-DX1.28225f5d-d880-4605-831f-f22ec0272cde_(53704,59877).jpg",0.99999833,1.6939813e-06,1
"images/TEST/MSIH/TCGA-CM-4746-01Z-00-DX1.c83b9795-bf45-4100-9052-a7e485e0f770_(21965,21107).jpg",0.99999905,9.179701e-07,1
"images/TEST/MSIH/TCGA-AD-6889-01Z-00-DX1.5269A81E-5391-4875-8F2A-6505BC5BBFD9_(17931,3182).jpg",0.9999963,3.6729662e-06,1
"images/TEST/MSIH/TCGA-AA-3715-01Z-00-DX1.24d6e746-ad61-4587-a2b9-8903331b279c_(55013,37257).jpg",0.9999976,2.3630591e-06,1
"images/TEST/MSIH/TCGA-G4-6309-01Z-00-DX1.3eb20fdc-eb86-4bd5-8194-76b02d4fa472_(71030,44198).jpg",0.99999774,2.2111037e-06,1
"images/TEST/MSIH/TCGA-AA-A01P-01Z-00-DX1.D7AAA4F0-C956-4346-8948-DADACDFB3B69_(38107,54853).jpg",0.9999981,1.9561764e-06,1
"images/TEST/MSIH/TCGA-AA-A01P-01Z-00-DX1.D7AAA4F0-C956-4346-8948-DADACDFB3B69_(60127,66964).jpg",0.9999989,1.1260101e-06,1
"images/TEST/MSIH/TCGA-CK-6746-01Z-00-DX1.0aae8eec-1e82-494b-8779-d79fea8bec0c_(41928,62789).jpg",0.9999988,1.1548352e-06,1
"images/TEST/MSIH/TCGA-AA-3877-01Z-00-DX1.36902310-bc0b-4437-9f86-6df85703e0ad_(59021,95254).jpg",0.99999976,2.0212407e-07,1
"images/TEST/MSIH/TCGA-QG-A5Z2-01Z-00-DX1.51896C31-235E-48EF-90F7-FC05350CA564_(87813,35737).jpg",0.99999976,2.1510537e-07,1
"images/TEST/MSIH/TCGA-G4-6309-01Z-00-DX1.3eb20fdc-eb86-4bd5-8194-76b02d4fa472_(65950,53342).jpg",0.99999964,3.6988868e-07,1
"images/TEST/MSIH/TCGA-AA-3864-01Z-00-DX1.f6992bc7-ba05-4c30-9500-8f7b07b30f9a_(9194,19031).jpg",0.99999964,3.2415758e-07,1
"images/TEST/MSIH/TCGA-CM-4743-01Z-00-DX1.f54a6355-5623-498c-96b9-2ff1de6576c6_(47499,78529).jpg",0.9999994,6.127277e-07,1
"images/TEST/MSIH/TCGA-QG-A5Z2-01Z-00-DX1.51896C31-235E-48EF-90F7-FC05350CA564_(60462,19529).jpg",0.9999993,6.888418e-07,1
"images/TEST/MSIH/TCGA-QG-A5Z2-01Z-00-DX2.F2352352-8F00-4BB3-8A62-8D1C1E374F95_(13354,64306).jpg",0.99999976,2.3523334e-07,1
"images/TEST/MSIH/TCGA-QG-A5Z2-01Z-00-DX2.F2352352-8F00-4BB3-8A62-8D1C1E374F95_(34627,7578).jpg",0.9999988,1.1831745e-06,1
"images/TEST/MSIH/TCGA-A6-6653-01Z-00-DX1.e130666d-2681-4382-9e7a-4a4d27cb77a4_(98476,3346).jpg",0.9999993,6.5843057e-07,1
"images/TEST/MSIH/TCGA-QG-A5Z2-01Z-00-DX1.51896C31-235E-48EF-90F7-FC05350CA564_(79709,49919).jpg",0.99999976,1.8524084e-07,1
"images/TEST/MSIH/TCGA-CM-4746-01Z-00-DX1.c83b9795-bf45-4100-9052-a7e485e0f770_(98165,41427).jpg",0.9999989,1.0995572e-06,1
"images/TEST/MSIH/TCGA-G4-6309-01Z-00-DX1.3eb20fdc-eb86-4bd5-8194-76b02d4fa472_(87286,39118).jpg",0.9999999,1.2193962e-07,1
"images/TEST/MSIH/TCGA-AA-3715-01Z-00-DX1.24d6e746-ad61-4587-a2b9-8903331b279c_(31892,55974).jpg",0.99999535,4.6737673e-06,1
"images/TEST/MSIH/TCGA-AA-3811-01Z-00-DX1.369d7946-911e-4e97-8ae7-32ef12b6b106_(8132,99227).jpg",0.99999964,3.385735e-07,1
"images/TEST/MSIH/TCGA-D5-6530-01Z-00-DX1.5c4bbcd1-51ba-467d-93f9-f2a9e7c5e010_(50587,77828).jpg",0.99999976,2.0773608e-07,1
"images/TEST/MSIH/TCGA-QG-A5Z2-01Z-00-DX2.F2352352-8F00-4BB3-8A62-8D1C1E374F95_(23484,66332).jpg",0.9999995,5.0048413e-07,1
"images/TEST/MSIH/TCGA-AA-3950-01Z-00-DX1.2a81cf11-4c16-4e9e-8809-6f63152060da_(42039,87717).jpg",0.99999976,2.6158844e-07,1
"images/TEST/MSIH/TCGA-D5-6530-01Z-00-DX1.5c4bbcd1-51ba-467d-93f9-f2a9e7c5e010_(42459,61572).jpg",0.9999987,1.2768957e-06,1
"images/TEST/MSIH/TCGA-G4-6309-01Z-00-DX1.3eb20fdc-eb86-4bd5-8194-76b02d4fa472_(62902,51310).jpg",0.99999964,2.989089e-07,1
"images/TEST/MSIH/TCGA-QG-A5Z2-01Z-00-DX1.51896C31-235E-48EF-90F7-FC05350CA564_(71605,53971).jpg",0.99999976,2.695868e-07,1
"images/TEST/MSIH/TCGA-CK-6746-01Z-00-DX1.0aae8eec-1e82-494b-8779-d79fea8bec0c_(41928,71933).jpg",0.99999976,1.8660451e-07,1
"images/TEST/MSIH/TCGA-AD-6889-01Z-00-DX1.5269A81E-5391-4875-8F2A-6505BC5BBFD9_(19963,38742).jpg",0.9999989,1.0634733e-06,1
"images/TEST/MSIH/TCGA-G4-6309-01Z-00-DX1.3eb20fdc-eb86-4bd5-8194-76b02d4fa472_(84238,48262).jpg",0.99999845,1.5389936e-06,1
"images/TEST/MSIH/TCGA-F4-6703-01Z-00-DX1.28225f5d-d880-4605-831f-f22ec0272cde_(89264,45653).jpg",0.99999976,2.1517494e-07,1
"images/TEST/MSIH/TCGA-AD-6889-01Z-00-DX1.5269A81E-5391-4875-8F2A-6505BC5BBFD9_(42315,45854).jpg",0.99999905,9.0147955e-07,1
"images/TEST/MSIH/TCGA-CK-6746-01Z-00-DX1.0aae8eec-1e82-494b-8779-d79fea8bec0c_(30752,63805).jpg",0.99999976,2.812082e-07,1
"images/TEST/MSIH/TCGA-G4-6309-01Z-00-DX1.3eb20fdc-eb86-4bd5-8194-76b02d4fa472_(61886,60454).jpg",0.9999999,1.4591201e-07,1
"images/TEST/MSIH/TCGA-AD-6889-01Z-00-DX1.5269A81E-5391-4875-8F2A-6505BC5BBFD9_(4723,14358).jpg",0.9999993,7.39884e-07,1
"images/TEST/MSIH/TCGA-D5-6530-01Z-00-DX1.5c4bbcd1-51ba-467d-93f9-f2a9e7c5e010_(20107,59540).jpg",0.99999976,2.811559e-07,1
"images/TEST/MSIH/TCGA-D5-6927-01Z-00-DX1.ff21d627-dbb8-4200-937b-f8be8b86b6d4_(86710,8363).jpg",0.99999976,1.9434911e-07,1
"images/TEST/MSIH/TCGA-AA-3950-01Z-00-DX1.2a81cf11-4c16-4e9e-8809-6f63152060da_(50847,64596).jpg",0.9999999,1.0303729e-07,1
"images/TEST/MSIH/TCGA-AA-A01P-01Z-00-DX1.D7AAA4F0-C956-4346-8948-DADACDFB3B69_(60127,95590).jpg",0.9999994,6.1293173e-07,1
"images/TEST/MSIH/TCGA-AD-6889-01Z-00-DX1.5269A81E-5391-4875-8F2A-6505BC5BBFD9_(16915,4198).jpg",0.99999964,3.362262e-07,1
"images/TEST/MSIH/TCGA-AA-3811-01Z-00-DX1.369d7946-911e-4e97-8ae7-32ef12b6b106_(13637,97025).jpg",0.99999976,2.4794844e-07,1
"images/TEST/MSIH/TCGA-CK-6746-01Z-00-DX1.0aae8eec-1e82-494b-8779-d79fea8bec0c_(56152,35357).jpg",0.99999964,3.5267368e-07,1
"images/TEST/MSIH/TCGA-QG-A5Z2-01Z-00-DX2.F2352352-8F00-4BB3-8A62-8D1C1E374F95_(24497,63293).jpg",0.9999994,5.894169e-07,1
"images/TEST/MSIH/TCGA-QG-A5Z2-01Z-00-DX2.F2352352-8F00-4BB3-8A62-8D1C1E374F95_(13354,38981).jpg",0.9999999,1.3623692e-07,1
"images/TEST/MSIH/TCGA-F4-6703-01Z-00-DX1.28225f5d-d880-4605-831f-f22ec0272cde_(86216,42605).jpg",0.99999976,2.715722e-07,1
"images/TEST/MSIH/TCGA-F4-6703-01Z-00-DX1.28225f5d-d880-4605-831f-f22ec0272cde_(91296,59877).jpg",0.9999999,1.3386841e-07,1
"images/TEST/MSIH/TCGA-CM-4743-01Z-00-DX1.f54a6355-5623-498c-96b9-2ff1de6576c6_(28195,72433).jpg",0.99999976,1.8863173e-07,1
"images/TEST/MSIH/TCGA-D5-6927-01Z-00-DX1.ff21d627-dbb8-4200-937b-f8be8b86b6d4_(64358,17507).jpg",0.9999999,1.411203e-07,1
"images/TEST/MSIH/TCGA-AZ-6598-01Z-00-DX1.1fc4cd61-4524-413b-b36d-ad438785bc06_(65006,42968).jpg",0.9999995,4.506314e-07,1
"images/TEST/MSIH/TCGA-AD-A5EJ-01Z-00-DX1.FA56CEAF-8B70-45EF-A2C9-8AA7BEB3D88A_(21046,18011).jpg",0.9999994,5.526319e-07,1
"images/TEST/MSIH/TCGA-G4-6309-01Z-00-DX1.3eb20fdc-eb86-4bd5-8194-76b02d4fa472_(88302,39118).jpg",0.99999964,3.3962226e-07,1
"images/TEST/MSIH/TCGA-AA-3950-01Z-00-DX1.2a81cf11-4c16-4e9e-8809-6f63152060da_(39837,89919).jpg",1.0,5.8025677e-08,1
"images/TEST/MSIH/TCGA-AA-3811-01Z-00-DX1.369d7946-911e-4e97-8ae7-32ef12b6b106_(7031,111338).jpg",0.99999964,3.4134519e-07,1
"images/TEST/MSIH/TCGA-AA-3811-01Z-00-DX1.369d7946-911e-4e97-8ae7-32ef12b6b106_(8132,91520).jpg",0.9999999,7.5177645e-08,1
"images/TEST/MSIH/TCGA-AD-A5EJ-01Z-00-DX1.FA56CEAF-8B70-45EF-A2C9-8AA7BEB3D88A_(3774,26139).jpg",0.9999987,1.312926e-06,1
"images/TEST/MSIH/TCGA-D5-6927-01Z-00-DX1.ff21d627-dbb8-4200-937b-f8be8b86b6d4_(79598,9379).jpg",0.99999976,1.878863e-07,1
"images/TEST/MSIH/TCGA-CM-6674-01Z-00-DX1.4a08b16a-788e-43dc-85d2-baff6e911de2_(88564,58441).jpg",0.9999995,4.668029e-07,1
"images/TEST/MSIH/TCGA-CM-6674-01Z-00-DX1.4a08b16a-788e-43dc-85d2-baff6e911de2_(20492,58441).jpg",0.99998677,1.3204842e-05,1
"images/TEST/MSIH/TCGA-CM-4743-01Z-00-DX1.f54a6355-5623-498c-96b9-2ff1de6576c6_(40387,40937).jpg",0.99999976,2.0778383e-07,1
"images/TEST/MSIH/TCGA-QG-A5Z2-01Z-00-DX2.F2352352-8F00-4BB3-8A62-8D1C1E374F95_(29562,78488).jpg",0.99999964,3.4748723e-07,1
"images/TEST/MSIH/TCGA-CM-6674-01Z-00-DX1.4a08b16a-788e-43dc-85d2-baff6e911de2_(65196,72665).jpg",0.9999999,1.4970034e-07,1
"images/TEST/MSIH/TCGA-AA-3877-01Z-00-DX1.36902310-bc0b-4437-9f86-6df85703e0ad_(73334,85345).jpg",0.9999999,1.4271707e-07,1
"images/TEST/MSIH/TCGA-F4-6703-01Z-00-DX1.28225f5d-d880-4605-831f-f22ec0272cde_(90280,45653).jpg",0.99999964,3.402622e-07,1
"images/TEST/MSIH/TCGA-D5-6927-01Z-00-DX1.ff21d627-dbb8-4200-937b-f8be8b86b6d4_(84678,15475).jpg",0.99999976,2.2918319e-07,1
"images/TEST/MSIH/TCGA-AD-6889-01Z-00-DX1.5269A81E-5391-4875-8F2A-6505BC5BBFD9_(34187,19438).jpg",0.9999995,4.4478884e-07,1
"images/TEST/MSIH/TCGA-D5-6530-01Z-00-DX1.5c4bbcd1-51ba-467d-93f9-f2a9e7c5e010_(12995,56492).jpg",0.9999993,6.617178e-07,1
"images/TEST/MSIH/TCGA-QG-A5Z2-01Z-00-DX1.51896C31-235E-48EF-90F7-FC05350CA564_(49319,17503).jpg",0.99999976,1.9191899e-07,1
"images/TEST/MSIH/TCGA-D5-6927-01Z-00-DX1.ff21d627-dbb8-4200-937b-f8be8b86b6d4_(69438,22587).jpg",0.9999999,1.1845401e-07,1
"images/TEST/MSIH/TCGA-CM-4743-01Z-00-DX1.f54a6355-5623-498c-96b9-2ff1de6576c6_(62739,50081).jpg",0.99999917,8.143055e-07,1
"images/TEST/MSIH/TCGA-CK-6746-01Z-00-DX1.0aae8eec-1e82-494b-8779-d79fea8bec0c_(36848,38405).jpg",0.9999995,4.9263133e-07,1
"images/TEST/MSIH/TCGA-CM-6674-01Z-00-DX1.4a08b16a-788e-43dc-85d2-baff6e911de2_(86532,67585).jpg",0.99999964,3.7495082e-07,1
"images/TEST/MSIH/TCGA-QG-A5Z2-01Z-00-DX2.F2352352-8F00-4BB3-8A62-8D1C1E374F95_(13354,42020).jpg",0.99999976,2.00152e-07,1
"images/TEST/MSIH/TCGA-AD-A5EJ-01Z-00-DX1.FA56CEAF-8B70-45EF-A2C9-8AA7BEB3D88A_(23078,28171).jpg",0.9999999,1.1561108e-07,1
"images/TEST/MSIH/TCGA-CK-6747-01Z-00-DX1.7824596c-84db-4bee-b149-cd8f617c285f_(85552,33422).jpg",0.99999833,1.72673e-06,1
"images/TEST/MSIH/TCGA-D5-6927-01Z-00-DX1.ff21d627-dbb8-4200-937b-f8be8b86b6d4_(85694,15475).jpg",0.9999994,6.1061667e-07,1
"images/TEST/MSIH/TCGA-AD-6889-01Z-00-DX1.5269A81E-5391-4875-8F2A-6505BC5BBFD9_(20979,33662).jpg",0.9999988,1.240957e-06,1
"images/TEST/MSIH/TCGA-QG-A5Z2-01Z-00-DX2.F2352352-8F00-4BB3-8A62-8D1C1E374F95_(40705,18721).jpg",0.9999999,1.4294264e-07,1
"images/TEST/MSIH/TCGA-AD-6895-01Z-00-DX1.7FB1FBC6-683B-4285-89D1-A7A20F07A9D4_(11875,7973).jpg",0.9999999,1.359436e-07,1
"images/TEST/MSIH/TCGA-CM-4743-01Z-00-DX1.f54a6355-5623-498c-96b9-2ff1de6576c6_(27179,83609).jpg",0.99999905,9.142953e-07,1
"images/TEST/MSIH/TCGA-CM-4746-01Z-00-DX1.c83b9795-bf45-4100-9052-a7e485e0f770_(13837,24155).jpg",0.9999982,1.7582928e-06,1
"images/TEST/MSIH/TCGA-CK-6746-01Z-00-DX1.0aae8eec-1e82-494b-8779-d79fea8bec0c_(47008,68885).jpg",0.9999975,2.486954e-06,1
"images/TEST/MSIH/TCGA-AZ-6598-01Z-00-DX1.1fc4cd61-4524-413b-b36d-ad438785bc06_(53830,47032).jpg",0.9999989,1.106941e-06,1
"images/TEST/MSIH/TCGA-D5-6530-01Z-00-DX1.5c4bbcd1-51ba-467d-93f9-f2a9e7c5e010_(31283,65636).jpg",0.99999964,3.3157397e-07,1
"images/TEST/MSIH/TCGA-CM-4743-01Z-00-DX1.f54a6355-5623-498c-96b9-2ff1de6576c6_(74931,58209).jpg",0.99999976,1.8033386e-07,1
"images/TEST/MSIH/TCGA-CM-4746-01Z-00-DX1.c83b9795-bf45-4100-9052-a7e485e0f770_(40253,23139).jpg",0.99999964,3.1779658e-07,1
"images/TEST/MSIH/TCGA-AZ-6598-01Z-00-DX1.1fc4cd61-4524-413b-b36d-ad438785bc06_(33510,63288).jpg",0.99999976,2.9615546e-07,1
"images/TEST/MSIH/TCGA-AZ-6598-01Z-00-DX1.1fc4cd61-4524-413b-b36d-ad438785bc06_(86342,54144).jpg",0.99999976,2.050873e-07,1
"images/TEST/MSIH/TCGA-AA-3877-01Z-00-DX1.36902310-bc0b-4437-9f86-6df85703e0ad_(63425,93052).jpg",0.9999994,5.524359e-07,1
"images/TEST/MSIH/TCGA-AA-3877-01Z-00-DX1.36902310-bc0b-4437-9f86-6df85703e0ad_(50213,68830).jpg",0.9999988,1.1832151e-06,1
"images/TEST/MSIH/TCGA-QG-A5Z2-01Z-00-DX1.51896C31-235E-48EF-90F7-FC05350CA564_(63501,75244).jpg",1.0,5.502675e-08,1
"images/TEST/MSIH/TCGA-AA-3715-01Z-00-DX1.24d6e746-ad61-4587-a2b9-8903331b279c_(28589,48267).jpg",0.9999993,7.4368853e-07,1
"images/TEST/MSIH/TCGA-AA-3950-01Z-00-DX1.2a81cf11-4c16-4e9e-8809-6f63152060da_(45342,65697).jpg",0.99999976,2.1210964e-07,1
"images/TEST/MSIH/TCGA-AA-3811-01Z-00-DX1.369d7946-911e-4e97-8ae7-32ef12b6b106_(12536,103631).jpg",0.99999976,2.8811553e-07,1
"images/TEST/MSIH/TCGA-QG-A5Z2-01Z-00-DX1.51896C31-235E-48EF-90F7-FC05350CA564_(77683,31685).jpg",0.9999995,5.0105103e-07,1
"images/TEST/MSIH/TCGA-QG-A5Z2-01Z-00-DX2.F2352352-8F00-4BB3-8A62-8D1C1E374F95_(24497,24799).jpg",0.99999917,8.8182384e-07,1
"images/TEST/MSIH/TCGA-AA-3811-01Z-00-DX1.369d7946-911e-4e97-8ae7-32ef12b6b106_(9233,106934).jpg",0.9999994,5.4802075e-07,1
"images/TEST/MSIH/TCGA-AA-A01P-01Z-00-DX1.D7AAA4F0-C956-4346-8948-DADACDFB3B69_(51319,62560).jpg",0.9999989,1.0455888e-06,1
"images/TEST/MSIH/TCGA-AA-3950-01Z-00-DX1.2a81cf11-4c16-4e9e-8809-6f63152060da_(57453,76707).jpg",0.9999999,8.454481e-08,1
"images/TEST/MSIH/TCGA-AA-3950-01Z-00-DX1.2a81cf11-4c16-4e9e-8809-6f63152060da_(48645,78909).jpg",1.0,5.486389e-08,1
"images/TEST/MSIH/TCGA-AA-3811-01Z-00-DX1.369d7946-911e-4e97-8ae7-32ef12b6b106_(10334,116843).jpg",0.99999976,2.1794027e-07,1
"images/TEST/MSIH/TCGA-D5-6927-01Z-00-DX1.ff21d627-dbb8-4200-937b-f8be8b86b6d4_(71470,3283).jpg",0.99999714,2.840582e-06,1
"images/TEST/MSIH/TCGA-AZ-6598-01Z-00-DX1.1fc4cd61-4524-413b-b36d-ad438785bc06_(79230,47032).jpg",0.99999917,7.755899e-07,1
"images/TEST/MSIH/TCGA-AA-3811-01Z-00-DX1.369d7946-911e-4e97-8ae7-32ef12b6b106_(12536,93722).jpg",0.99999976,2.0929069e-07,1
"images/TEST/MSIH/TCGA-AA-3811-01Z-00-DX1.369d7946-911e-4e97-8ae7-32ef12b6b106_(14738,95924).jpg",0.99999964,3.6292573e-07,1
"images/TEST/MSIH/TCGA-AD-A5EJ-01Z-00-DX1.FA56CEAF-8B70-45EF-A2C9-8AA7BEB3D88A_(27142,18011).jpg",0.99999976,2.9464437e-07,1
"images/TEST/MSIH/TCGA-CM-6674-01Z-00-DX1.4a08b16a-788e-43dc-85d2-baff6e911de2_(42844,73681).jpg",0.9999994,5.375974e-07,1
"images/TEST/MSIH/TCGA-CM-4743-01Z-00-DX1.f54a6355-5623-498c-96b9-2ff1de6576c6_(23115,48049).jpg",0.9999999,1.6794016e-07,1
"images/TEST/MSIH/TCGA-QG-A5Z2-01Z-00-DX2.F2352352-8F00-4BB3-8A62-8D1C1E374F95_(29562,75449).jpg",0.9999981,1.9565252e-06,1
"images/TEST/MSIH/TCGA-AA-A01P-01Z-00-DX1.D7AAA4F0-C956-4346-8948-DADACDFB3B69_(59026,69166).jpg",0.9999993,6.9210927e-07,1
"images/TEST/MSIH/TCGA-AA-3715-01Z-00-DX1.24d6e746-ad61-4587-a2b9-8903331b279c_(41801,51570).jpg",0.99999857,1.4812927e-06,1
"images/TEST/MSIH/TCGA-AD-6889-01Z-00-DX1.5269A81E-5391-4875-8F2A-6505BC5BBFD9_(46379,25534).jpg",0.9999999,1.3758596e-07,1
"images/TEST/MSIH/TCGA-CM-4743-01Z-00-DX1.f54a6355-5623-498c-96b9-2ff1de6576c6_(42419,37889).jpg",0.99999976,2.5223906e-07,1
"images/TEST/MSIH/TCGA-CM-4743-01Z-00-DX1.f54a6355-5623-498c-96b9-2ff1de6576c6_(64771,48049).jpg",0.9999999,8.158121e-08,1
"images/TEST/MSIH/TCGA-AD-A5EJ-01Z-00-DX1.FA56CEAF-8B70-45EF-A2C9-8AA7BEB3D88A_(11902,16995).jpg",1.0,4.8491334e-08,1
"images/TEST/MSIH/TCGA-D5-6927-01Z-00-DX1.ff21d627-dbb8-4200-937b-f8be8b86b6d4_(65374,18523).jpg",0.99999964,3.348346e-07,1
"images/TEST/MSIH/TCGA-D5-6927-01Z-00-DX1.ff21d627-dbb8-4200-937b-f8be8b86b6d4_(70454,21571).jpg",0.99999964,3.9814915e-07,1
"images/TEST/MSIH/TCGA-QG-A5Z2-01Z-00-DX2.F2352352-8F00-4BB3-8A62-8D1C1E374F95_(29562,18721).jpg",0.9999994,6.2636803e-07,1
"images/TEST/MSIH/TCGA-D5-6927-01Z-00-DX1.ff21d627-dbb8-4200-937b-f8be8b86b6d4_(67406,13443).jpg",0.99999917,7.894868e-07,1
"images/TEST/MSIH/TCGA-CM-6674-01Z-00-DX1.4a08b16a-788e-43dc-85d2-baff6e911de2_(72308,59457).jpg",0.99999976,2.3515078e-07,1
"images/TEST/MSIH/TCGA-AA-3715-01Z-00-DX1.24d6e746-ad61-4587-a2b9-8903331b279c_(44003,52671).jpg",0.9999974,2.6121327e-06,1
"images/TEST/MSIH/TCGA-AA-3877-01Z-00-DX1.36902310-bc0b-4437-9f86-6df85703e0ad_(42506,91951).jpg",0.99999964,4.167175e-07,1
"images/TEST/MSIH/TCGA-F4-6703-01Z-00-DX1.28225f5d-d880-4605-831f-f22ec0272cde_(79104,53781).jpg",0.9999999,1.197348e-07,1
"images/TEST/MSIH/TCGA-AD-6889-01Z-00-DX1.5269A81E-5391-4875-8F2A-6505BC5BBFD9_(38251,21470).jpg",0.9999995,4.807801e-07,1
"images/TEST/MSIH/TCGA-CM-4746-01Z-00-DX1.c83b9795-bf45-4100-9052-a7e485e0f770_(85973,37363).jpg",0.99999976,2.0242462e-07,1
"images/TEST/MSIH/TCGA-AD-A5EJ-01Z-00-DX1.FA56CEAF-8B70-45EF-A2C9-8AA7BEB3D88A_(11902,27155).jpg",0.99999905,9.5318967e-07,1
"images/TEST/MSIH/TCGA-CK-6747-01Z-00-DX1.7824596c-84db-4bee-b149-cd8f617c285f_(37800,28342).jpg",0.99999917,8.297615e-07,1
"images/TEST/MSIH/TCGA-D5-6530-01Z-00-DX1.5c4bbcd1-51ba-467d-93f9-f2a9e7c5e010_(25187,58524).jpg",0.9999999,7.758135e-08,1
"images/TEST/MSIH/TCGA-CK-6747-01Z-00-DX1.7824596c-84db-4bee-b149-cd8f617c285f_(51008,43582).jpg",0.9999993,7.6837944e-07,1
"images/TEST/MSIH/TCGA-D5-6530-01Z-00-DX1.5c4bbcd1-51ba-467d-93f9-f2a9e7c5e010_(38395,70716).jpg",0.9999994,6.19262e-07,1
"images/TEST/MSIH/TCGA-CK-6747-01Z-00-DX1.7824596c-84db-4bee-b149-cd8f617c285f_(37800,22246).jpg",0.99999917,7.886365e-07,1
"images/TEST/MSIH/TCGA-G4-6309-01Z-00-DX1.3eb20fdc-eb86-4bd5-8194-76b02d4fa472_(93382,42166).jpg",0.9999999,1.4427934e-07,1
"images/TEST/MSIH/TCGA-CM-6674-01Z-00-DX1.4a08b16a-788e-43dc-85d2-baff6e911de2_(46908,80793).jpg",0.99999976,2.3307219e-07,1
"images/TEST/MSIH/TCGA-AA-A01P-01Z-00-DX1.D7AAA4F0-C956-4346-8948-DADACDFB3B69_(56824,85681).jpg",0.9999981,1.939408e-06,1
"images/TEST/MSIH/TCGA-D5-6530-01Z-00-DX1.5c4bbcd1-51ba-467d-93f9-f2a9e7c5e010_(63795,65636).jpg",0.99999917,8.893946e-07,1
"images/TEST/MSIH/TCGA-D5-6530-01Z-00-DX1.5c4bbcd1-51ba-467d-93f9-f2a9e7c5e010_(42459,69700).jpg",0.9999999,1.5683794e-07,1
"images/TEST/MSIH/TCGA-CM-4743-01Z-00-DX1.f54a6355-5623-498c-96b9-2ff1de6576c6_(57659,47033).jpg",0.99999964,3.9938286e-07,1
"images/TEST/MSIH/TCGA-QG-A5Z2-01Z-00-DX2.F2352352-8F00-4BB3-8A62-8D1C1E374F95_(35640,23786).jpg",0.99999976,2.830788e-07,1
"images/TEST/MSIH/TCGA-CM-4746-01Z-00-DX1.c83b9795-bf45-4100-9052-a7e485e0f770_(97149,45491).jpg",0.9999994,5.6522595e-07,1
"images/TEST/MSIH/TCGA-AA-3877-01Z-00-DX1.36902310-bc0b-4437-9f86-6df85703e0ad_(46910,87547).jpg",0.99999976,2.0413896e-07,1
"images/TEST/MSIH/TCGA-AA-3950-01Z-00-DX1.2a81cf11-4c16-4e9e-8809-6f63152060da_(58554,76707).jpg",0.99999917,8.402946e-07,1
"images/TEST/MSIH/TCGA-CK-6747-01Z-00-DX1.7824596c-84db-4bee-b149-cd8f617c285f_(32720,19198).jpg",0.99999976,2.115561e-07,1
"images/TEST/MSIH/TCGA-AD-A5EJ-01Z-00-DX1.FA56CEAF-8B70-45EF-A2C9-8AA7BEB3D88A_(16982,23091).jpg",0.9999995,5.006412e-07,1
"images/TEST/MSIH/TCGA-CK-6747-01Z-00-DX1.7824596c-84db-4bee-b149-cd8f617c285f_(23576,17166).jpg",0.999997,2.9571002e-06,1
"images/TEST/MSIH/TCGA-AA-A01P-01Z-00-DX1.D7AAA4F0-C956-4346-8948-DADACDFB3B69_(59026,82378).jpg",0.99999964,3.1707515e-07,1
"images/TEST/MSIH/TCGA-QG-A5Z2-01Z-00-DX2.F2352352-8F00-4BB3-8A62-8D1C1E374F95_(25510,22773).jpg",0.9999993,7.097733e-07,1
"images/TEST/MSIH/TCGA-AD-A5EJ-01Z-00-DX1.FA56CEAF-8B70-45EF-A2C9-8AA7BEB3D88A_(22062,11915).jpg",0.99999976,2.8090184e-07,1
"images/TEST/MSIH/TCGA-AA-3950-01Z-00-DX1.2a81cf11-4c16-4e9e-8809-6f63152060da_(40938,84414).jpg",0.9999995,4.2363317e-07,1
"images/TEST/MSIH/TCGA-D5-6530-01Z-00-DX1.5c4bbcd1-51ba-467d-93f9-f2a9e7c5e010_(73955,60556).jpg",0.99999976,2.2346077e-07,1
"images/TEST/MSIH/TCGA-AA-3715-01Z-00-DX1.24d6e746-ad61-4587-a2b9-8903331b279c_(42902,57075).jpg",0.9999982,1.797192e-06,1
"images/TEST/MSIH/TCGA-CK-6746-01Z-00-DX1.0aae8eec-1e82-494b-8779-d79fea8bec0c_(55136,68885).jpg",0.9999995,4.5120765e-07,1
"images/TEST/MSIH/TCGA-AD-6889-01Z-00-DX1.5269A81E-5391-4875-8F2A-6505BC5BBFD9_(10819,12326).jpg",0.9999995,4.572213e-07,1
"images/TEST/MSIH/TCGA-AA-A01P-01Z-00-DX1.D7AAA4F0-C956-4346-8948-DADACDFB3B69_(52420,62560).jpg",0.9999995,4.3238134e-07,1
"images/TEST/MSIH/TCGA-AA-A01P-01Z-00-DX1.D7AAA4F0-C956-4346-8948-DADACDFB3B69_(44713,69166).jpg",0.99999964,3.467953e-07,1
"images/TEST/MSIH/TCGA-AD-6895-01Z-00-DX1.7FB1FBC6-683B-4285-89D1-A7A20F07A9D4_(3747,8989).jpg",0.9999993,6.8460594e-07,1
"images/TEST/MSIH/TCGA-F4-6703-01Z-00-DX1.28225f5d-d880-4605-831f-f22ec0272cde_(86216,40573).jpg",0.9999999,6.262354e-08,1
"images/TEST/MSIH/TCGA-AD-6889-01Z-00-DX1.5269A81E-5391-4875-8F2A-6505BC5BBFD9_(18947,13342).jpg",0.99999964,3.2835734e-07,1
"images/TEST/MSIH/TCGA-G4-6309-01Z-00-DX1.3eb20fdc-eb86-4bd5-8194-76b02d4fa472_(81190,41150).jpg",0.9999981,1.8852431e-06,1
"images/TEST/MSIH/TCGA-QG-A5Z2-01Z-00-DX1.51896C31-235E-48EF-90F7-FC05350CA564_(76670,45867).jpg",0.9999994,5.7741386e-07,1
"images/TEST/MSIH/TCGA-AD-6889-01Z-00-DX1.5269A81E-5391-4875-8F2A-6505BC5BBFD9_(17931,44838).jpg",0.99999917,8.0691433e-07,1
"images/TEST/MSIH/TCGA-D5-6927-01Z-00-DX1.ff21d627-dbb8-4200-937b-f8be8b86b6d4_(66390,20555).jpg",0.99999964,3.7597096e-07,1
"images/TEST/MSIH/TCGA-CM-6674-01Z-00-DX1.4a08b16a-788e-43dc-85d2-baff6e911de2_(36748,81809).jpg",0.99999976,2.3096726e-07,1
"images/TEST/MSIH/TCGA-QG-A5Z2-01Z-00-DX2.F2352352-8F00-4BB3-8A62-8D1C1E374F95_(35640,9604).jpg",0.9999999,1.6132559e-07,1
"images/TEST/MSIH/TCGA-AA-3950-01Z-00-DX1.2a81cf11-4c16-4e9e-8809-6f63152060da_(55251,75606).jpg",0.9999999,6.956722e-08,1
"images/TEST/MSIH/TCGA-AA-3950-01Z-00-DX1.2a81cf11-4c16-4e9e-8809-6f63152060da_(47544,76707).jpg",1.0,5.787337e-08,1
"images/TEST/MSIH/TCGA-AA-3877-01Z-00-DX1.36902310-bc0b-4437-9f86-6df85703e0ad_(50213,80941).jpg",1.0,4.6821178e-08,1
"images/TEST/MSIH/TCGA-CM-6674-01Z-00-DX1.4a08b16a-788e-43dc-85d2-baff6e911de2_(97708,67585).jpg",0.9999988,1.1487017e-06,1
"images/TEST/MSIH/TCGA-D5-6530-01Z-00-DX1.5c4bbcd1-51ba-467d-93f9-f2a9e7c5e010_(56683,70716).jpg",0.99999976,2.845607e-07,1
"images/TEST/MSIH/TCGA-AA-3715-01Z-00-DX1.24d6e746-ad61-4587-a2b9-8903331b279c_(23084,52671).jpg",0.9999969,3.048438e-06,1
"images/TEST/MSIH/TCGA-CM-4743-01Z-00-DX1.f54a6355-5623-498c-96b9-2ff1de6576c6_(37339,70401).jpg",0.99999976,2.3018818e-07,1
"images/TEST/MSIH/TCGA-QG-A5Z2-01Z-00-DX1.51896C31-235E-48EF-90F7-FC05350CA564_(53371,17503).jpg",0.9999995,5.149883e-07,1
"images/TEST/MSIH/TCGA-AA-3950-01Z-00-DX1.2a81cf11-4c16-4e9e-8809-6f63152060da_(42039,71202).jpg",0.99999976,2.4354603e-07,1
"images/TEST/MSIH/TCGA-A6-6653-01Z-00-DX1.e130666d-2681-4382-9e7a-4a4d27cb77a4_(93396,20618).jpg",0.99999964,3.2719137e-07,1
"images/TEST/MSIH/TCGA-G4-6309-01Z-00-DX1.3eb20fdc-eb86-4bd5-8194-76b02d4fa472_(93382,36070).jpg",0.9999995,4.768017e-07,1
"images/TEST/MSIH/TCGA-QG-A5Z2-01Z-00-DX2.F2352352-8F00-4BB3-8A62-8D1C1E374F95_(19432,28851).jpg",0.9999995,4.3835348e-07,1
"images/TEST/MSIH/TCGA-AA-3811-01Z-00-DX1.369d7946-911e-4e97-8ae7-32ef12b6b106_(9233,91520).jpg",0.99999964,3.699063e-07,1
"images/TEST/MSIH/TCGA-AA-3877-01Z-00-DX1.36902310-bc0b-4437-9f86-6df85703e0ad_(45809,87547).jpg",0.9999993,6.665853e-07,1
"images/TEST/MSIH/TCGA-CM-4743-01Z-00-DX1.f54a6355-5623-498c-96b9-2ff1de6576c6_(22099,50081).jpg",0.9999999,1.5473807e-07,1
"images/TEST/MSIH/TCGA-AA-A01P-01Z-00-DX1.D7AAA4F0-C956-4346-8948-DADACDFB3B69_(38107,55954).jpg",0.99999917,8.096262e-07,1
"images/TEST/MSIH/TCGA-CK-6747-01Z-00-DX1.7824596c-84db-4bee-b149-cd8f617c285f_(71328,31390).jpg",0.9999993,6.680739e-07,1
"images/TEST/MSIH/TCGA-AD-A5EJ-01Z-00-DX1.FA56CEAF-8B70-45EF-A2C9-8AA7BEB3D88A_(23078,25123).jpg",0.9999994,6.101917e-07,1
"images/TEST/MSIH/TCGA-QG-A5Z2-01Z-00-DX1.51896C31-235E-48EF-90F7-FC05350CA564_(74644,11425).jpg",0.9999988,1.1377294e-06,1
"images/TEST/MSIH/TCGA-QG-A5Z2-01Z-00-DX2.F2352352-8F00-4BB3-8A62-8D1C1E374F95_(28549,68358).jpg",0.999998,2.0042985e-06,1
"images/TEST/MSIH/TCGA-CM-6674-01Z-00-DX1.4a08b16a-788e-43dc-85d2-baff6e911de2_(64180,77745).jpg",0.9999987,1.2676089e-06,1
"images/TEST/MSIH/TCGA-CM-4743-01Z-00-DX1.f54a6355-5623-498c-96b9-2ff1de6576c6_(29211,47033).jpg",0.99999964,3.2644616e-07,1
"images/TEST/MSIH/TCGA-QG-A5Z2-01Z-00-DX2.F2352352-8F00-4BB3-8A62-8D1C1E374F95_(66030,76462).jpg",0.99999976,1.9635203e-07,1
"images/TEST/MSIH/TCGA-AA-3811-01Z-00-DX1.369d7946-911e-4e97-8ae7-32ef12b6b106_(15839,90419).jpg",0.9999999,1.7805284e-07,1
"images/TEST/MSIH/TCGA-AA-3811-01Z-00-DX1.369d7946-911e-4e97-8ae7-32ef12b6b106_(3728,102530).jpg",0.99999964,4.1635604e-07,1
"images/TEST/MSIH/TCGA-F4-6703-01Z-00-DX1.28225f5d-d880-4605-831f-f22ec0272cde_(99424,52765).jpg",0.9999994,5.4794964e-07,1
"images/TEST/MSIH/TCGA-AZ-6598-01Z-00-DX1.1fc4cd61-4524-413b-b36d-ad438785bc06_(26398,64304).jpg",0.99999964,3.771783e-07,1
"images/TEST/MSIH/TCGA-QG-A5Z2-01Z-00-DX1.51896C31-235E-48EF-90F7-FC05350CA564_(69579,14464).jpg",0.99999976,2.9040018e-07,1
"images/TEST/MSIH/TCGA-CM-4746-01Z-00-DX1.c83b9795-bf45-4100-9052-a7e485e0f770_(71749,24155).jpg",0.9999994,5.5070103e-07,1
"images/TEST/MSIH/TCGA-AA-3877-01Z-00-DX1.36902310-bc0b-4437-9f86-6df85703e0ad_(71132,86446).jpg",0.9999993,6.703984e-07,1
"images/TEST/MSIH/TCGA-AD-6889-01Z-00-DX1.5269A81E-5391-4875-8F2A-6505BC5BBFD9_(9803,5214).jpg",0.99999857,1.40372e-06,1
"images/TEST/MSIH/TCGA-CM-4746-01Z-00-DX1.c83b9795-bf45-4100-9052-a7e485e0f770_(94101,34315).jpg",0.9999999,9.085259e-08,1
"images/TEST/MSIH/TCGA-QG-A5Z2-01Z-00-DX2.F2352352-8F00-4BB3-8A62-8D1C1E374F95_(44757,13656).jpg",0.9999987,1.3140684e-06,1
"images/TEST/MSIH/TCGA-CM-6674-01Z-00-DX1.4a08b16a-788e-43dc-85d2-baff6e911de2_(109900,59457).jpg",0.9999987,1.2959368e-06,1
"images/TEST/MSIH/TCGA-D5-6530-01Z-00-DX1.5c4bbcd1-51ba-467d-93f9-f2a9e7c5e010_(18075,59540).jpg",0.9999994,6.141552e-07,1
"images/TEST/MSIH/TCGA-AA-3877-01Z-00-DX1.36902310-bc0b-4437-9f86-6df85703e0ad_(56819,96355).jpg",0.9999999,8.7159705e-08,1
"images/TEST/MSIH/TCGA-AA-3877-01Z-00-DX1.36902310-bc0b-4437-9f86-6df85703e0ad_(53516,69931).jpg",1.0,5.270596e-08,1
"images/TEST/MSIH/TCGA-AA-3715-01Z-00-DX1.24d6e746-ad61-4587-a2b9-8903331b279c_(38498,54873).jpg",0.999997,2.9795285e-06,1
"images/TEST/MSIH/TCGA-QG-A5Z2-01Z-00-DX2.F2352352-8F00-4BB3-8A62-8D1C1E374F95_(37666,69371).jpg",0.9999999,1.492331e-07,1
"images/TEST/MSIH/TCGA-A6-6653-01Z-00-DX1.e130666d-2681-4382-9e7a-4a4d27cb77a4_(96444,4362).jpg",0.99999976,1.7931997e-07,1
"images/TEST/MSIH/TCGA-D5-6927-01Z-00-DX1.ff21d627-dbb8-4200-937b-f8be8b86b6d4_(70454,17507).jpg",0.9999995,5.119372e-07,1
"images/TEST/MSIH/TCGA-CM-4743-01Z-00-DX1.f54a6355-5623-498c-96b9-2ff1de6576c6_(64771,52113).jpg",1.0,5.1660127e-08,1
"images/TEST/MSIH/TCGA-AA-3811-01Z-00-DX1.369d7946-911e-4e97-8ae7-32ef12b6b106_(11435,91520).jpg",0.99999917,8.010481e-07,1
"images/TEST/MSIH/TCGA-AA-A01P-01Z-00-DX1.D7AAA4F0-C956-4346-8948-DADACDFB3B69_(38107,63661).jpg",0.9999993,7.1833165e-07,1
"images/TEST/MSIH/TCGA-CM-4743-01Z-00-DX1.f54a6355-5623-498c-96b9-2ff1de6576c6_(83059,58209).jpg",0.99999905,9.550158e-07,1
"images/TEST/MSIH/TCGA-F4-6703-01Z-00-DX1.28225f5d-d880-4605-831f-f22ec0272cde_(97392,54797).jpg",0.9999989,1.0603218e-06,1
"images/TEST/MSIH/TCGA-CM-4743-01Z-00-DX1.f54a6355-5623-498c-96b9-2ff1de6576c6_(14987,71417).jpg",0.9999994,5.5788587e-07,1
"images/TEST/MSIH/TCGA-CM-6674-01Z-00-DX1.4a08b16a-788e-43dc-85d2-baff6e911de2_(36748,61489).jpg",0.99999976,2.7026277e-07,1
"images/TEST/MSIH/TCGA-CM-4743-01Z-00-DX1.f54a6355-5623-498c-96b9-2ff1de6576c6_(11939,47033).jpg",0.9999999,1.048743e-07,1
"images/TEST/MSIH/TCGA-CK-6746-01Z-00-DX1.0aae8eec-1e82-494b-8779-d79fea8bec0c_(52088,54661).jpg",0.99999964,3.3487322e-07,1
"images/TEST/MSIH/TCGA-CM-6674-01Z-00-DX1.4a08b16a-788e-43dc-85d2-baff6e911de2_(107868,59457).jpg",0.9999994,5.669897e-07,1
"images/TEST/MSIH/TCGA-AD-A5EJ-01Z-00-DX1.FA56CEAF-8B70-45EF-A2C9-8AA7BEB3D88A_(11902,32235).jpg",0.9999995,4.2410977e-07,1
"images/TEST/MSIH/TCGA-CK-6747-01Z-00-DX1.7824596c-84db-4bee-b149-cd8f617c285f_(9352,31390).jpg",0.9999994,6.038977e-07,1
"images/TEST/MSIH/TCGA-AD-A5EJ-01Z-00-DX1.FA56CEAF-8B70-45EF-A2C9-8AA7BEB3D88A_(17998,18011).jpg",0.9999995,5.284236e-07,1
"images/TEST/MSIH/TCGA-AA-3715-01Z-00-DX1.24d6e746-ad61-4587-a2b9-8903331b279c_(58316,31752).jpg",0.99999964,3.115604e-07,1
"images/TEST/MSIH/TCGA-AD-6889-01Z-00-DX1.5269A81E-5391-4875-8F2A-6505BC5BBFD9_(28091,43822).jpg",0.99999905,9.835175e-07,1
"images/TEST/MSIH/TCGA-D5-6530-01Z-00-DX1.5c4bbcd1-51ba-467d-93f9-f2a9e7c5e010_(39411,62588).jpg",0.99999976,2.1305132e-07,1
"images/TEST/MSIH/TCGA-AD-6889-01Z-00-DX1.5269A81E-5391-4875-8F2A-6505BC5BBFD9_(29107,19438).jpg",0.99999905,1.0047471e-06,1
"images/TEST/MSIH/TCGA-AA-3877-01Z-00-DX1.36902310-bc0b-4437-9f86-6df85703e0ad_(70031,94153).jpg",0.9999999,1.3074018e-07,1
"images/TEST/MSIH/TCGA-AD-6889-01Z-00-DX1.5269A81E-5391-4875-8F2A-6505BC5BBFD9_(43331,29598).jpg",0.9999988,1.209372e-06,1
"images/TEST/MSIH/TCGA-AA-3811-01Z-00-DX1.369d7946-911e-4e97-8ae7-32ef12b6b106_(9233,99227).jpg",0.99999976,2.5442793e-07,1
"images/TEST/MSIH/TCGA-CM-4743-01Z-00-DX1.f54a6355-5623-498c-96b9-2ff1de6576c6_(68835,24681).jpg",0.99999976,1.8459485e-07,1
"images/TEST/MSIH/TCGA-CK-6746-01Z-00-DX1.0aae8eec-1e82-494b-8779-d79fea8bec0c_(64280,49581).jpg",0.99999976,1.8165535e-07,1
"images/TEST/MSIH/TCGA-QG-A5Z2-01Z-00-DX1.51896C31-235E-48EF-90F7-FC05350CA564_(80722,17503).jpg",0.9999987,1.2879492e-06,1
"images/TEST/MSIH/TCGA-CM-6674-01Z-00-DX1.4a08b16a-788e-43dc-85d2-baff6e911de2_(19476,68601).jpg",0.99999905,9.5341966e-07,1
"images/TEST/MSIH/TCGA-AA-3877-01Z-00-DX1.36902310-bc0b-4437-9f86-6df85703e0ad_(70031,82042).jpg",0.9999995,5.0326923e-07,1
"images/TEST/MSIH/TCGA-AZ-6598-01Z-00-DX1.1fc4cd61-4524-413b-b36d-ad438785bc06_(41638,42968).jpg",0.99999964,3.1306809e-07,1
"images/TEST/MSIH/TCGA-CM-4743-01Z-00-DX1.f54a6355-5623-498c-96b9-2ff1de6576c6_(37339,49065).jpg",0.9999993,6.663679e-07,1
"images/TEST/MSIH/TCGA-AA-3715-01Z-00-DX1.24d6e746-ad61-4587-a2b9-8903331b279c_(20882,51570).jpg",0.99999785,2.190859e-06,1
"images/TEST/MSIH/TCGA-AA-3811-01Z-00-DX1.369d7946-911e-4e97-8ae7-32ef12b6b106_(9233,112439).jpg",0.9999999,8.813162e-08,1
"images/TEST/MSIH/TCGA-CM-4746-01Z-00-DX1.c83b9795-bf45-4100-9052-a7e485e0f770_(61589,21107).jpg",0.9999993,6.9310397e-07,1
"images/TEST/MSIH/TCGA-AD-A5EJ-01Z-00-DX1.FA56CEAF-8B70-45EF-A2C9-8AA7BEB3D88A_(16982,24107).jpg",0.99999917,8.140757e-07,1
"images/TEST/MSIH/TCGA-AA-3811-01Z-00-DX1.369d7946-911e-4e97-8ae7-32ef12b6b106_(11435,99227).jpg",0.99999964,3.016218e-07,1
"images/TEST/MSIH/TCGA-G4-6309-01Z-00-DX1.3eb20fdc-eb86-4bd5-8194-76b02d4fa472_(66966,51310).jpg",0.9999999,9.801067e-08,1
"images/TEST/MSIH/TCGA-AA-3950-01Z-00-DX1.2a81cf11-4c16-4e9e-8809-6f63152060da_(43140,67899).jpg",1.0,4.366262e-08,1
"images/TEST/MSIH/TCGA-AD-6889-01Z-00-DX1.5269A81E-5391-4875-8F2A-6505BC5BBFD9_(40283,35694).jpg",0.99999917,8.8476617e-07,1
"images/TEST/MSIH/TCGA-CK-6747-01Z-00-DX1.7824596c-84db-4bee-b149-cd8f617c285f_(71328,18182).jpg",0.9999993,6.6030066e-07,1
"images/TEST/MSIH/TCGA-AD-A5EJ-01Z-00-DX1.FA56CEAF-8B70-45EF-A2C9-8AA7BEB3D88A_(26126,27155).jpg",0.99999976,2.2239584e-07,1
"images/TEST/MSIH/TCGA-AA-3811-01Z-00-DX1.369d7946-911e-4e97-8ae7-32ef12b6b106_(12536,97025).jpg",0.99999976,2.5634375e-07,1
"images/TEST/MSIH/TCGA-D5-6530-01Z-00-DX1.5c4bbcd1-51ba-467d-93f9-f2a9e7c5e010_(43475,71732).jpg",0.9999989,1.1215978e-06,1
"images/TEST/MSIH/TCGA-QG-A5Z2-01Z-00-DX2.F2352352-8F00-4BB3-8A62-8D1C1E374F95_(14367,54176).jpg",0.9999993,7.34059e-07,1
